pokemon_id,pokemon_ko,move_en,move_ko
Venusaur,이상해꽃,Acid Spray,애시드봄
Venusaur,이상해꽃,Amnesia,망각술
Venusaur,이상해꽃,Body Slam,누르기
Venusaur,이상해꽃,Bulldoze,땅고르기
Venusaur,이상해꽃,Bullet Seed,기관총
Venusaur,이상해꽃,Charm,애교부리기
Venusaur,이상해꽃,Curse,저주
Venusaur,이상해꽃,Double-Edge,이판사판태클
Venusaur,이상해꽃,Earth Power,대지의힘
Venusaur,이상해꽃,Earthquake,지진
Venusaur,이상해꽃,Endure,버티기
Venusaur,이상해꽃,Energy Ball,에너지볼
Venusaur,이상해꽃,Facade,객기
Venusaur,이상해꽃,Frenzy Plant,하드플랜트
Venusaur,이상해꽃,Giga Drain,기가드레인
Venusaur,이상해꽃,Giga Impact,기가임팩트
Venusaur,이상해꽃,Grass Knot,풀묶기
Venusaur,이상해꽃,Grassy Glide,그래스슬라이더
Venusaur,이상해꽃,Grassy Terrain,그래스필드
Venusaur,이상해꽃,Growth,성장
Venusaur,이상해꽃,Helping Hand,도우미
Venusaur,이상해꽃,Hyper Beam,파괴광선
Venusaur,이상해꽃,Ingrain,뿌리박기
Venusaur,이상해꽃,Knock Off,탁쳐서떨구기
Venusaur,이상해꽃,Leaf Storm,리프스톰
Venusaur,이상해꽃,Leech Seed,씨뿌리기
Venusaur,이상해꽃,Light Screen,빛의장막
Venusaur,이상해꽃,Outrage,역린
Venusaur,이상해꽃,Petal Blizzard,꽃보라
Venusaur,이상해꽃,Petal Dance,꽃잎댄스
Venusaur,이상해꽃,Poison Jab,독찌르기
Venusaur,이상해꽃,Poison Powder,독가루
Venusaur,이상해꽃,Power Whip,파워휩
Venusaur,이상해꽃,Protect,방어
Venusaur,이상해꽃,Rest,잠자기
Venusaur,이상해꽃,Roar,울부짖기
Venusaur,이상해꽃,Round,돌림노래
Venusaur,이상해꽃,Scary Face,겁나는얼굴
Venusaur,이상해꽃,Seed Bomb,씨폭탄
Venusaur,이상해꽃,Sleep Powder,수면가루
Venusaur,이상해꽃,Sleep Talk,잠꼬대
Venusaur,이상해꽃,Sludge Bomb,오물폭탄
Venusaur,이상해꽃,Sludge Wave,오물웨이브
Venusaur,이상해꽃,Snore,코골기
Venusaur,이상해꽃,Solar Beam,솔라빔
Venusaur,이상해꽃,Stomping Tantrum,분함의발구르기
Venusaur,이상해꽃,Substitute,대타출동
Venusaur,이상해꽃,Sunny Day,쾌청
Venusaur,이상해꽃,Sweet Scent,달콤한향기
Venusaur,이상해꽃,Swords Dance,칼춤
Venusaur,이상해꽃,Synthesis,광합성
Venusaur,이상해꽃,Terrain Pulse,대지의파동
Venusaur,이상해꽃,Toxic,맹독
Venusaur,이상해꽃,Trailblaze,개척하기
Venusaur,이상해꽃,Venoshock,베놈쇼크
Venusaur,이상해꽃,Weather Ball,웨더볼
Venusaur,이상해꽃,Worry Seed,고민씨
Charizard,리자몽,Acrobatics,애크러뱃
Charizard,리자몽,Aerial Ace,제비반환
Charizard,리자몽,Air Cutter,에어컷터
Charizard,리자몽,Air Slash,에어슬래시
Charizard,리자몽,Ancient Power,원시의힘
Charizard,리자몽,Beat Up,집단구타
Charizard,리자몽,Belly Drum,배북
Charizard,리자몽,Bite,물기
Charizard,리자몽,Blast Burn,블러스트번
Charizard,리자몽,Body Slam,누르기
Charizard,리자몽,Breaking Swipe,와이드브레이커
Charizard,리자몽,Brick Break,깨트리다
Charizard,리자몽,Brutal Swing,세차게휘두르기
Charizard,리자몽,Bulldoze,땅고르기
Charizard,리자몽,Counter,카운터
Charizard,리자몽,Crunch,깨물어부수기
Charizard,리자몽,Dig,구멍파기
Charizard,리자몽,Double-Edge,이판사판태클
Charizard,리자몽,Dragon Cheer,드래곤옐
Charizard,리자몽,Dragon Claw,드래곤크루
Charizard,리자몽,Dragon Dance,용의춤
Charizard,리자몽,Dragon Pulse,용의파동
Charizard,리자몽,Dragon Rush,드래곤다이브
Charizard,리자몽,Dragon Tail,드래곤테일
Charizard,리자몽,Earthquake,지진
Charizard,리자몽,Endure,버티기
Charizard,리자몽,Facade,객기
Charizard,리자몽,Fire Blast,불대문자
Charizard,리자몽,Fire Fang,불꽃엄니
Charizard,리자몽,Fire Punch,불꽃펀치
Charizard,리자몽,Fire Spin,회오리불꽃
Charizard,리자몽,Flame Charge,니트로차지
Charizard,리자몽,Flamethrower,화염방사
Charizard,리자몽,Flare Blitz,플레어드라이브
Charizard,리자몽,Fling,내던지기
Charizard,리자몽,Fly,공중날기
Charizard,리자몽,Focus Blast,기합구슬
Charizard,리자몽,Focus Punch,힘껏펀치
Charizard,리자몽,Giga Impact,기가임팩트
Charizard,리자몽,Heat Crash,히트스탬프
Charizard,리자몽,Heat Wave,열풍
Charizard,리자몽,Helping Hand,도우미
Charizard,리자몽,Hurricane,폭풍
Charizard,리자몽,Hyper Beam,파괴광선
Charizard,리자몽,Inferno,연옥
Charizard,리자몽,Iron Tail,아이언테일
Charizard,리자몽,Mega Kick,메가톤킥
Charizard,리자몽,Outrage,역린
Charizard,리자몽,Overheat,오버히트
Charizard,리자몽,Protect,방어
Charizard,리자몽,Rest,잠자기
Charizard,리자몽,Roar,울부짖기
Charizard,리자몽,Rock Slide,스톤샤워
Charizard,리자몽,Rock Tomb,암석봉인
Charizard,리자몽,Roost,날개쉬기
Charizard,리자몽,Round,돌림노래
Charizard,리자몽,Sandstorm,모래바람
Charizard,리자몽,Scale Shot,스케일샷
Charizard,리자몽,Scary Face,겁나는얼굴
Charizard,리자몽,Scorching Sands,열사의대지
Charizard,리자몽,Shadow Claw,섀도크루
Charizard,리자몽,Slash,베어가르기
Charizard,리자몽,Sleep Talk,잠꼬대
Charizard,리자몽,Snore,코골기
Charizard,리자몽,Solar Beam,솔라빔
Charizard,리자몽,Steel Wing,강철날개
Charizard,리자몽,Substitute,대타출동
Charizard,리자몽,Sunny Day,쾌청
Charizard,리자몽,Swords Dance,칼춤
Charizard,리자몽,Temper Flare,열불내기
Charizard,리자몽,Thunder Punch,번개펀치
Charizard,리자몽,Weather Ball,웨더볼
Charizard,리자몽,Will-O-Wisp,도깨비불
Blastoise,거북왕,Aqua Jet,아쿠아제트
Blastoise,거북왕,Aqua Ring,아쿠아링
Blastoise,거북왕,Aqua Tail,아쿠아테일
Blastoise,거북왕,Aura Sphere,파동탄
Blastoise,거북왕,Avalanche,눈사태
Blastoise,거북왕,Bite,물기
Blastoise,거북왕,Blizzard,눈보라
Blastoise,거북왕,Body Press,바디프레스
Blastoise,거북왕,Body Slam,누르기
Blastoise,거북왕,Brick Break,깨트리다
Blastoise,거북왕,Bulldoze,땅고르기
Blastoise,거북왕,Chilling Water,찬물끼얹기
Blastoise,거북왕,Crunch,깨물어부수기
Blastoise,거북왕,Dark Pulse,악의파동
Blastoise,거북왕,Dig,구멍파기
Blastoise,거북왕,Dive,다이빙
Blastoise,거북왕,Double-Edge,이판사판태클
Blastoise,거북왕,Dragon Pulse,용의파동
Blastoise,거북왕,Earthquake,지진
Blastoise,거북왕,Endure,버티기
Blastoise,거북왕,Facade,객기
Blastoise,거북왕,Fake Out,속이다
Blastoise,거북왕,Flail,바둥바둥
Blastoise,거북왕,Flash Cannon,러스터캐논
Blastoise,거북왕,Fling,내던지기
Blastoise,거북왕,Flip Turn,퀵턴
Blastoise,거북왕,Focus Blast,기합구슬
Blastoise,거북왕,Focus Punch,힘껏펀치
Blastoise,거북왕,Giga Impact,기가임팩트
Blastoise,거북왕,Gyro Ball,자이로볼
Blastoise,거북왕,Haze,흑안개
Blastoise,거북왕,Helping Hand,도우미
Blastoise,거북왕,Hydro Cannon,하이드로캐논
Blastoise,거북왕,Hydro Pump,하이드로펌프
Blastoise,거북왕,Hyper Beam,파괴광선
Blastoise,거북왕,Ice Beam,냉동빔
Blastoise,거북왕,Ice Punch,냉동펀치
Blastoise,거북왕,Ice Spinner,아이스스피너
Blastoise,거북왕,Icy Wind,얼다바람
Blastoise,거북왕,Iron Defense,철벽
Blastoise,거북왕,Iron Head,아이언헤드
Blastoise,거북왕,Iron Tail,아이언테일
Blastoise,거북왕,Life Dew,생명의물방울
Blastoise,거북왕,Liquidation,아쿠아브레이크
Blastoise,거북왕,Mega Kick,메가톤킥
Blastoise,거북왕,Mirror Coat,미러코트
Blastoise,거북왕,Mud Shot,머드숏
Blastoise,거북왕,Muddy Water,탁류
Blastoise,거북왕,Outrage,역린
Blastoise,거북왕,Protect,방어
Blastoise,거북왕,Rain Dance,비바라기
Blastoise,거북왕,Rapid Spin,고속스핀
Blastoise,거북왕,Rest,잠자기
Blastoise,거북왕,Roar,울부짖기
Blastoise,거북왕,Rock Slide,스톤샤워
Blastoise,거북왕,Rock Tomb,암석봉인
Blastoise,거북왕,Round,돌림노래
Blastoise,거북왕,Scary Face,겁나는얼굴
Blastoise,거북왕,Shell Smash,껍질깨기
Blastoise,거북왕,Sleep Talk,잠꼬대
Blastoise,거북왕,Smack Down,떨어뜨리기
Blastoise,거북왕,Snore,코골기
Blastoise,거북왕,Substitute,대타출동
Blastoise,거북왕,Surf,파도타기
Blastoise,거북왕,Terrain Pulse,대지의파동
Blastoise,거북왕,Water Pulse,물의파동
Blastoise,거북왕,Water Spout,해수스파우팅
Blastoise,거북왕,Waterfall,폭포오르기
Blastoise,거북왕,Wave Crash,웨이브태클
Blastoise,거북왕,Weather Ball,웨더볼
Blastoise,거북왕,Whirlpool,바다회오리
Blastoise,거북왕,Yawn,하품
Blastoise,거북왕,Zen Headbutt,사념의박치기
Beedrill,독침붕,Acrobatics,애크러뱃
Beedrill,독침붕,Aerial Ace,제비반환
Beedrill,독침붕,Agility,고속이동
Beedrill,독침붕,Air Cutter,에어컷터
Beedrill,독침붕,Assurance,승부굳히기
Beedrill,독침붕,Attract,헤롱헤롱
Beedrill,독침붕,Baton Pass,바톤터치
Beedrill,독침붕,Brick Break,깨트리다
Beedrill,독침붕,Brutal Swing,세차게휘두르기
Beedrill,독침붕,Bug Bite,벌레먹음
Beedrill,독침붕,Bug Buzz,벌레의야단법석
Beedrill,독침붕,Cross Poison,크로스포이즌
Beedrill,독침붕,Double Hit,더블어택
Beedrill,독침붕,Double-Edge,이판사판태클
Beedrill,독침붕,Drill Run,드릴라이너
Beedrill,독침붕,Dual Wingbeat,더블윙
Beedrill,독침붕,Electroweb,일렉트릭네트
Beedrill,독침붕,Endeavor,죽기살기
Beedrill,독침붕,Endure,버티기
Beedrill,독침붕,Facade,객기
Beedrill,독침붕,Fell Stinger,마지막일침
Beedrill,독침붕,Focus Energy,기충전
Beedrill,독침붕,Giga Drain,기가드레인
Beedrill,독침붕,Giga Impact,기가임팩트
Beedrill,독침붕,Hyper Beam,파괴광선
Beedrill,독침붕,Iron Defense,철벽
Beedrill,독침붕,Knock Off,탁쳐서떨구기
Beedrill,독침붕,Lunge,덤벼들기
Beedrill,독침붕,Payback,보복
Beedrill,독침붕,Pin Missile,바늘미사일
Beedrill,독침붕,Poison Jab,독찌르기
Beedrill,독침붕,Pollen Puff,꽃가루경단
Beedrill,독침붕,Pounce,달려들기
Beedrill,독침붕,Protect,방어
Beedrill,독침붕,Rest,잠자기
Beedrill,독침붕,Round,돌림노래
Beedrill,독침붕,Screech,싫은소리
Beedrill,독침붕,Skitter Smack,엄습하는일격
Beedrill,독침붕,Sleep Talk,잠꼬대
Beedrill,독침붕,Sludge Bomb,오물폭탄
Beedrill,독침붕,Snore,코골기
Beedrill,독침붕,Solar Beam,솔라빔
Beedrill,독침붕,String Shot,실뿜기
Beedrill,독침붕,Substitute,대타출동
Beedrill,독침붕,Sunny Day,쾌청
Beedrill,독침붕,Swords Dance,칼춤
Beedrill,독침붕,Thief,도둑질
Beedrill,독침붕,Throat Chop,지옥찌르기
Beedrill,독침붕,Toxic,맹독
Beedrill,독침붕,Toxic Spikes,독압정
Beedrill,독침붕,U-turn,유턴
Beedrill,독침붕,Venoshock,베놈쇼크
Beedrill,독침붕,X-Scissor,시저크로스
Pidgeot,피죤투,Aerial Ace,제비반환
Pidgeot,피죤투,Agility,고속이동
Pidgeot,피죤투,Air Slash,에어슬래시
Pidgeot,피죤투,Attract,헤롱헤롱
Pidgeot,피죤투,Brave Bird,브레이브버드
Pidgeot,피죤투,Dual Wingbeat,더블윙
Pidgeot,피죤투,Endure,버티기
Pidgeot,피죤투,Facade,객기
Pidgeot,피죤투,Feather Dance,깃털댄스
Pidgeot,피죤투,Fly,공중날기
Pidgeot,피죤투,Giga Impact,기가임팩트
Pidgeot,피죤투,Heat Wave,열풍
Pidgeot,피죤투,Hurricane,폭풍
Pidgeot,피죤투,Hyper Beam,파괴광선
Pidgeot,피죤투,Protect,방어
Pidgeot,피죤투,Quick Attack,전광석화
Pidgeot,피죤투,Rain Dance,비바라기
Pidgeot,피죤투,Rest,잠자기
Pidgeot,피죤투,Roost,날개쉬기
Pidgeot,피죤투,Round,돌림노래
Pidgeot,피죤투,Sky Attack,불새
Pidgeot,피죤투,Sleep Talk,잠꼬대
Pidgeot,피죤투,Snore,코골기
Pidgeot,피죤투,Steel Wing,강철날개
Pidgeot,피죤투,Substitute,대타출동
Pidgeot,피죤투,Sunny Day,쾌청
Pidgeot,피죤투,Tailwind,순풍
Pidgeot,피죤투,Thief,도둑질
Pidgeot,피죤투,U-turn,유턴
Pidgeot,피죤투,Uproar,소란피기
Pidgeot,피죤투,Whirlwind,날려버리기
Arbok,아보크,Acid Spray,애시드봄
Arbok,아보크,Beat Up,집단구타
Arbok,아보크,Belch,트림
Arbok,아보크,Bite,물기
Arbok,아보크,Body Slam,누르기
Arbok,아보크,Breaking Swipe,와이드브레이커
Arbok,아보크,Brutal Swing,세차게휘두르기
Arbok,아보크,Bulldoze,땅고르기
Arbok,아보크,Coil,똬리틀기
Arbok,아보크,Crunch,깨물어부수기
Arbok,아보크,Dark Pulse,악의파동
Arbok,아보크,Dig,구멍파기
Arbok,아보크,Double-Edge,이판사판태클
Arbok,아보크,Dragon Tail,드래곤테일
Arbok,아보크,Earthquake,지진
Arbok,아보크,Endure,버티기
Arbok,아보크,Facade,객기
Arbok,아보크,Fire Fang,불꽃엄니
Arbok,아보크,Gastro Acid,위액
Arbok,아보크,Giga Drain,기가드레인
Arbok,아보크,Giga Impact,기가임팩트
Arbok,아보크,Glare,뱀눈초리
Arbok,아보크,Gunk Shot,더스트슈트
Arbok,아보크,Haze,흑안개
Arbok,아보크,Hyper Beam,파괴광선
Arbok,아보크,Ice Fang,얼음엄니
Arbok,아보크,Iron Tail,아이언테일
Arbok,아보크,Knock Off,탁쳐서떨구기
Arbok,아보크,Lash Out,분풀이
Arbok,아보크,Leech Life,흡혈
Arbok,아보크,Mud Shot,머드숏
Arbok,아보크,Mud-Slap,진흙뿌리기
Arbok,아보크,Pain Split,아픔나누기
Arbok,아보크,Payback,보복
Arbok,아보크,Poison Fang,독엄니
Arbok,아보크,Poison Jab,독찌르기
Arbok,아보크,Protect,방어
Arbok,아보크,Psychic Fangs,사이코팽
Arbok,아보크,Rain Dance,비바라기
Arbok,아보크,Rest,잠자기
Arbok,아보크,Rock Slide,스톤샤워
Arbok,아보크,Rock Tomb,암석봉인
Arbok,아보크,Round,돌림노래
Arbok,아보크,Scale Shot,스케일샷
Arbok,아보크,Scary Face,겁나는얼굴
Arbok,아보크,Screech,싫은소리
Arbok,아보크,Seed Bomb,씨폭탄
Arbok,아보크,Skitter Smack,엄습하는일격
Arbok,아보크,Sleep Talk,잠꼬대
Arbok,아보크,Sludge Bomb,오물폭탄
Arbok,아보크,Sludge Wave,오물웨이브
Arbok,아보크,Snarl,바크아웃
Arbok,아보크,Snore,코골기
Arbok,아보크,Spit Up,토해내기
Arbok,아보크,Spite,원한
Arbok,아보크,Stockpile,비축하기
Arbok,아보크,Stomping Tantrum,분함의발구르기
Arbok,아보크,Substitute,대타출동
Arbok,아보크,Sucker Punch,기습
Arbok,아보크,Sunny Day,쾌청
Arbok,아보크,Swallow,꿀꺽
Arbok,아보크,Switcheroo,바꿔치기
Arbok,아보크,Thief,도둑질
Arbok,아보크,Throat Chop,지옥찌르기
Arbok,아보크,Thunder Fang,번개엄니
Arbok,아보크,Toxic,맹독
Arbok,아보크,Toxic Spikes,독압정
Arbok,아보크,Trailblaze,개척하기
Arbok,아보크,Venoshock,베놈쇼크
Arbok,아보크,Wrap,김밥말이
Pikachu,피카츄,Agility,고속이동
Pikachu,피카츄,Alluring Voice,매혹의보이스
Pikachu,피카츄,Body Slam,누르기
Pikachu,피카츄,Brick Break,깨트리다
Pikachu,피카츄,Charge,충전
Pikachu,피카츄,Charge Beam,차지빔
Pikachu,피카츄,Charm,애교부리기
Pikachu,피카츄,Dig,구멍파기
Pikachu,피카츄,Discharge,방전
Pikachu,피카츄,Double Team,그림자분신
Pikachu,피카츄,Draining Kiss,드레인키스
Pikachu,피카츄,Eerie Impulse,괴전파
Pikachu,피카츄,Electric Terrain,일렉트릭필드
Pikachu,피카츄,Electro Ball,일렉트릭볼
Pikachu,피카츄,Electroweb,일렉트릭네트
Pikachu,피카츄,Encore,앵콜
Pikachu,피카츄,Endeavor,죽기살기
Pikachu,피카츄,Endure,버티기
Pikachu,피카츄,Facade,객기
Pikachu,피카츄,Fake Out,속이다
Pikachu,피카츄,Fake Tears,거짓울음
Pikachu,피카츄,Feint,페인트
Pikachu,피카츄,Flail,바둥바둥
Pikachu,피카츄,Fling,내던지기
Pikachu,피카츄,Focus Punch,힘껏펀치
Pikachu,피카츄,Grass Knot,풀묶기
Pikachu,피카츄,Helping Hand,도우미
Pikachu,피카츄,Iron Tail,아이언테일
Pikachu,피카츄,Knock Off,탁쳐서떨구기
Pikachu,피카츄,Light Screen,빛의장막
Pikachu,피카츄,Mega Kick,메가톤킥
Pikachu,피카츄,Nasty Plot,나쁜음모
Pikachu,피카츄,Nuzzle,볼부비부비
Pikachu,피카츄,Play Rough,치근거리기
Pikachu,피카츄,Protect,방어
Pikachu,피카츄,Quick Attack,전광석화
Pikachu,피카츄,Rain Dance,비바라기
Pikachu,피카츄,Reflect,리플렉터
Pikachu,피카츄,Rest,잠자기
Pikachu,피카츄,Reversal,기사회생
Pikachu,피카츄,Rising Voltage,라이징볼트
Pikachu,피카츄,Round,돌림노래
Pikachu,피카츄,Sleep Talk,잠꼬대
Pikachu,피카츄,Snore,코골기
Pikachu,피카츄,Substitute,대타출동
Pikachu,피카츄,Surf,파도타기
Pikachu,피카츄,Sweet Kiss,천사의키스
Pikachu,피카츄,Thief,도둑질
Pikachu,피카츄,Thunder,번개
Pikachu,피카츄,Thunder Punch,번개펀치
Pikachu,피카츄,Thunder Wave,전기자석파
Pikachu,피카츄,Thunderbolt,10만볼트
Pikachu,피카츄,Tickle,간지르기
Pikachu,피카츄,Trailblaze,개척하기
Pikachu,피카츄,Upper Hand,기선제압
Pikachu,피카츄,Volt Switch,볼트체인지
Pikachu,피카츄,Volt Tackle,볼트태클
Pikachu,피카츄,Wild Charge,와일드볼트
Pikachu,피카츄,Wish,희망사항
Pikachu,피카츄,Zap Cannon,전자포
Raichu,라이츄,Agility,고속이동
Raichu,라이츄,Alluring Voice,매혹의보이스
Raichu,라이츄,Body Slam,누르기
Raichu,라이츄,Brick Break,깨트리다
Raichu,라이츄,Brutal Swing,세차게휘두르기
Raichu,라이츄,Charge,충전
Raichu,라이츄,Charge Beam,차지빔
Raichu,라이츄,Charm,애교부리기
Raichu,라이츄,Dazzling Gleam,매지컬샤인
Raichu,라이츄,Dig,구멍파기
Raichu,라이츄,Discharge,방전
Raichu,라이츄,Double Team,그림자분신
Raichu,라이츄,Drain Punch,드레인펀치
Raichu,라이츄,Draining Kiss,드레인키스
Raichu,라이츄,Eerie Impulse,괴전파
Raichu,라이츄,Electric Terrain,일렉트릭필드
Raichu,라이츄,Electro Ball,일렉트릭볼
Raichu,라이츄,Electroweb,일렉트릭네트
Raichu,라이츄,Encore,앵콜
Raichu,라이츄,Endeavor,죽기살기
Raichu,라이츄,Endure,버티기
Raichu,라이츄,Facade,객기
Raichu,라이츄,Fake Out,속이다
Raichu,라이츄,Fake Tears,거짓울음
Raichu,라이츄,Feint,페인트
Raichu,라이츄,Flail,바둥바둥
Raichu,라이츄,Fling,내던지기
Raichu,라이츄,Focus Blast,기합구슬
Raichu,라이츄,Focus Punch,힘껏펀치
Raichu,라이츄,Giga Impact,기가임팩트
Raichu,라이츄,Grass Knot,풀묶기
Raichu,라이츄,Helping Hand,도우미
Raichu,라이츄,Hyper Beam,파괴광선
Raichu,라이츄,Iron Tail,아이언테일
Raichu,라이츄,Knock Off,탁쳐서떨구기
Raichu,라이츄,Light Screen,빛의장막
Raichu,라이츄,Mega Kick,메가톤킥
Raichu,라이츄,Nasty Plot,나쁜음모
Raichu,라이츄,Nuzzle,볼부비부비
Raichu,라이츄,Play Rough,치근거리기
Raichu,라이츄,Protect,방어
Raichu,라이츄,Quick Attack,전광석화
Raichu,라이츄,Rain Dance,비바라기
Raichu,라이츄,Reflect,리플렉터
Raichu,라이츄,Rest,잠자기
Raichu,라이츄,Reversal,기사회생
Raichu,라이츄,Rising Voltage,라이징볼트
Raichu,라이츄,Round,돌림노래
Raichu,라이츄,Sleep Talk,잠꼬대
Raichu,라이츄,Snore,코골기
Raichu,라이츄,Substitute,대타출동
Raichu,라이츄,Surf,파도타기
Raichu,라이츄,Sweet Kiss,천사의키스
Raichu,라이츄,Thief,도둑질
Raichu,라이츄,Thunder,번개
Raichu,라이츄,Thunder Punch,번개펀치
Raichu,라이츄,Thunder Wave,전기자석파
Raichu,라이츄,Thunderbolt,10만볼트
Raichu,라이츄,Tickle,간지르기
Raichu,라이츄,Trailblaze,개척하기
Raichu,라이츄,Upper Hand,기선제압
Raichu,라이츄,Volt Switch,볼트체인지
Raichu,라이츄,Volt Tackle,볼트태클
Raichu,라이츄,Wild Charge,와일드볼트
Raichu,라이츄,Wish,희망사항
Raichu,라이츄,Zap Cannon,전자포
Raichu-Alola,알로라 라이츄,Agility,고속이동
Raichu-Alola,알로라 라이츄,Alluring Voice,매혹의보이스
Raichu-Alola,알로라 라이츄,Body Slam,누르기
Raichu-Alola,알로라 라이츄,Brick Break,깨트리다
Raichu-Alola,알로라 라이츄,Calm Mind,명상
Raichu-Alola,알로라 라이츄,Charge,충전
Raichu-Alola,알로라 라이츄,Charge Beam,차지빔
Raichu-Alola,알로라 라이츄,Charm,애교부리기
Raichu-Alola,알로라 라이츄,Dazzling Gleam,매지컬샤인
Raichu-Alola,알로라 라이츄,Dig,구멍파기
Raichu-Alola,알로라 라이츄,Discharge,방전
Raichu-Alola,알로라 라이츄,Double Team,그림자분신
Raichu-Alola,알로라 라이츄,Draining Kiss,드레인키스
Raichu-Alola,알로라 라이츄,Eerie Impulse,괴전파
Raichu-Alola,알로라 라이츄,Electric Terrain,일렉트릭필드
Raichu-Alola,알로라 라이츄,Electro Ball,일렉트릭볼
Raichu-Alola,알로라 라이츄,Electroweb,일렉트릭네트
Raichu-Alola,알로라 라이츄,Encore,앵콜
Raichu-Alola,알로라 라이츄,Endeavor,죽기살기
Raichu-Alola,알로라 라이츄,Endure,버티기
Raichu-Alola,알로라 라이츄,Expanding Force,와이드포스
Raichu-Alola,알로라 라이츄,Facade,객기
Raichu-Alola,알로라 라이츄,Fake Out,속이다
Raichu-Alola,알로라 라이츄,Fake Tears,거짓울음
Raichu-Alola,알로라 라이츄,Feint,페인트
Raichu-Alola,알로라 라이츄,Flail,바둥바둥
Raichu-Alola,알로라 라이츄,Fling,내던지기
Raichu-Alola,알로라 라이츄,Focus Blast,기합구슬
Raichu-Alola,알로라 라이츄,Focus Punch,힘껏펀치
Raichu-Alola,알로라 라이츄,Giga Impact,기가임팩트
Raichu-Alola,알로라 라이츄,Grass Knot,풀묶기
Raichu-Alola,알로라 라이츄,Helping Hand,도우미
Raichu-Alola,알로라 라이츄,Hyper Beam,파괴광선
Raichu-Alola,알로라 라이츄,Iron Tail,아이언테일
Raichu-Alola,알로라 라이츄,Knock Off,탁쳐서떨구기
Raichu-Alola,알로라 라이츄,Light Screen,빛의장막
Raichu-Alola,알로라 라이츄,Magic Room,매직룸
Raichu-Alola,알로라 라이츄,Mega Kick,메가톤킥
Raichu-Alola,알로라 라이츄,Nasty Plot,나쁜음모
Raichu-Alola,알로라 라이츄,Nuzzle,볼부비부비
Raichu-Alola,알로라 라이츄,Play Rough,치근거리기
Raichu-Alola,알로라 라이츄,Protect,방어
Raichu-Alola,알로라 라이츄,Psychic,사이코키네시스
Raichu-Alola,알로라 라이츄,Psychic Noise,사이코노이즈
Raichu-Alola,알로라 라이츄,Psychic Terrain,사이코필드
Raichu-Alola,알로라 라이츄,Psyshock,사이코쇼크
Raichu-Alola,알로라 라이츄,Quick Attack,전광석화
Raichu-Alola,알로라 라이츄,Rain Dance,비바라기
Raichu-Alola,알로라 라이츄,Reflect,리플렉터
Raichu-Alola,알로라 라이츄,Rest,잠자기
Raichu-Alola,알로라 라이츄,Reversal,기사회생
Raichu-Alola,알로라 라이츄,Rising Voltage,라이징볼트
Raichu-Alola,알로라 라이츄,Round,돌림노래
Raichu-Alola,알로라 라이츄,Skill Swap,스킬스웹
Raichu-Alola,알로라 라이츄,Sleep Talk,잠꼬대
Raichu-Alola,알로라 라이츄,Snore,코골기
Raichu-Alola,알로라 라이츄,Speed Swap,스피드스웹
Raichu-Alola,알로라 라이츄,Stored Power,어시스트파워
Raichu-Alola,알로라 라이츄,Substitute,대타출동
Raichu-Alola,알로라 라이츄,Surf,파도타기
Raichu-Alola,알로라 라이츄,Sweet Kiss,천사의키스
Raichu-Alola,알로라 라이츄,Thief,도둑질
Raichu-Alola,알로라 라이츄,Thunder,번개
Raichu-Alola,알로라 라이츄,Thunder Punch,번개펀치
Raichu-Alola,알로라 라이츄,Thunder Wave,전기자석파
Raichu-Alola,알로라 라이츄,Thunderbolt,10만볼트
Raichu-Alola,알로라 라이츄,Tickle,간지르기
Raichu-Alola,알로라 라이츄,Trailblaze,개척하기
Raichu-Alola,알로라 라이츄,Upper Hand,기선제압
Raichu-Alola,알로라 라이츄,Volt Switch,볼트체인지
Raichu-Alola,알로라 라이츄,Volt Tackle,볼트태클
Raichu-Alola,알로라 라이츄,Wild Charge,와일드볼트
Raichu-Alola,알로라 라이츄,Wish,희망사항
Raichu-Alola,알로라 라이츄,Zap Cannon,전자포
Clefable,픽시,After You,당신먼저
Clefable,픽시,Air Slash,에어슬래시
Clefable,픽시,Alluring Voice,매혹의보이스
Clefable,픽시,Amnesia,망각술
Clefable,픽시,Baton Pass,바톤터치
Clefable,픽시,Blizzard,눈보라
Clefable,픽시,Body Slam,누르기
Clefable,픽시,Bounce,뛰어오르다
Clefable,픽시,Brick Break,깨트리다
Clefable,픽시,Calm Mind,명상
Clefable,픽시,Charge Beam,차지빔
Clefable,픽시,Charm,애교부리기
Clefable,픽시,Chilling Water,찬물끼얹기
Clefable,픽시,Copycat,흉내쟁이
Clefable,픽시,Cosmic Power,코스믹파워
Clefable,픽시,Dazzling Gleam,매지컬샤인
Clefable,픽시,Dig,구멍파기
Clefable,픽시,Double-Edge,이판사판태클
Clefable,픽시,Drain Punch,드레인펀치
Clefable,픽시,Draining Kiss,드레인키스
Clefable,픽시,Dual Wingbeat,더블윙
Clefable,픽시,Encore,앵콜
Clefable,픽시,Endeavor,죽기살기
Clefable,픽시,Endure,버티기
Clefable,픽시,Facade,객기
Clefable,픽시,Fake Tears,거짓울음
Clefable,픽시,Fire Blast,불대문자
Clefable,픽시,Fire Punch,불꽃펀치
Clefable,픽시,Flamethrower,화염방사
Clefable,픽시,Fling,내던지기
Clefable,픽시,Focus Blast,기합구슬
Clefable,픽시,Focus Punch,힘껏펀치
Clefable,픽시,Follow Me,날따름
Clefable,픽시,Future Sight,미래예지
Clefable,픽시,Giga Impact,기가임팩트
Clefable,픽시,Grass Knot,풀묶기
Clefable,픽시,Gravity,중력
Clefable,픽시,Heal Pulse,치유파동
Clefable,픽시,Healing Wish,치유소원
Clefable,픽시,Helping Hand,도우미
Clefable,픽시,Hyper Beam,파괴광선
Clefable,픽시,Hyper Voice,하이퍼보이스
Clefable,픽시,Ice Beam,냉동빔
Clefable,픽시,Ice Punch,냉동펀치
Clefable,픽시,Icy Wind,얼다바람
Clefable,픽시,Imprison,봉인
Clefable,픽시,Knock Off,탁쳐서떨구기
Clefable,픽시,Life Dew,생명의물방울
Clefable,픽시,Light Screen,빛의장막
Clefable,픽시,Meteor Beam,메테오빔
Clefable,픽시,Meteor Mash,코멧펀치
Clefable,픽시,Misty Explosion,미스트버스트
Clefable,픽시,Misty Terrain,미스트필드
Clefable,픽시,Moonblast,문포스
Clefable,픽시,Moonlight,달의불빛
Clefable,픽시,Mystical Fire,매지컬플레임
Clefable,픽시,Night Shade,나이트헤드
Clefable,픽시,Play Rough,치근거리기
Clefable,픽시,Protect,방어
Clefable,픽시,Psych Up,자기암시
Clefable,픽시,Psychic,사이코키네시스
Clefable,픽시,Psyshock,사이코쇼크
Clefable,픽시,Rain Dance,비바라기
Clefable,픽시,Reflect,리플렉터
Clefable,픽시,Rest,잠자기
Clefable,픽시,Round,돌림노래
Clefable,픽시,Safeguard,신비의부적
Clefable,픽시,Shadow Ball,섀도볼
Clefable,픽시,Sing,노래하기
Clefable,픽시,Skill Swap,스킬스웹
Clefable,픽시,Sleep Talk,잠꼬대
Clefable,픽시,Snore,코골기
Clefable,픽시,Solar Beam,솔라빔
Clefable,픽시,Stealth Rock,스텔스록
Clefable,픽시,Stored Power,어시스트파워
Clefable,픽시,Substitute,대타출동
Clefable,픽시,Sunny Day,쾌청
Clefable,픽시,Sweet Kiss,천사의키스
Clefable,픽시,Thief,도둑질
Clefable,픽시,Thunder,번개
Clefable,픽시,Thunder Punch,번개펀치
Clefable,픽시,Thunder Wave,전기자석파
Clefable,픽시,Thunderbolt,10만볼트
Clefable,픽시,Tickle,간지르기
Clefable,픽시,Tri Attack,트라이어택
Clefable,픽시,Trick,트릭
Clefable,픽시,Uproar,소란피기
Clefable,픽시,Water Pulse,물의파동
Clefable,픽시,Wish,희망사항
Clefable,픽시,Wonder Room,원더룸
Clefable,픽시,Zen Headbutt,사념의박치기
Ninetales,나인테일,Agility,고속이동
Ninetales,나인테일,Attract,헤롱헤롱
Ninetales,나인테일,Baby-Doll Eyes,초롱초롱눈동자
Ninetales,나인테일,Baton Pass,바톤터치
Ninetales,나인테일,Body Slam,누르기
Ninetales,나인테일,Burning Jealousy,질투의불꽃
Ninetales,나인테일,Calm Mind,명상
Ninetales,나인테일,Charm,애교부리기
Ninetales,나인테일,Confuse Ray,이상한빛
Ninetales,나인테일,Dark Pulse,악의파동
Ninetales,나인테일,Dig,구멍파기
Ninetales,나인테일,Disable,사슬묶기
Ninetales,나인테일,Double-Edge,이판사판태클
Ninetales,나인테일,Encore,앵콜
Ninetales,나인테일,Endure,버티기
Ninetales,나인테일,Energy Ball,에너지볼
Ninetales,나인테일,Extrasensory,신통력
Ninetales,나인테일,Facade,객기
Ninetales,나인테일,Fake Tears,거짓울음
Ninetales,나인테일,Fire Blast,불대문자
Ninetales,나인테일,Fire Spin,회오리불꽃
Ninetales,나인테일,Flail,바둥바둥
Ninetales,나인테일,Flame Charge,니트로차지
Ninetales,나인테일,Flamethrower,화염방사
Ninetales,나인테일,Flare Blitz,플레어드라이브
Ninetales,나인테일,Foul Play,속임수
Ninetales,나인테일,Giga Impact,기가임팩트
Ninetales,나인테일,Healing Wish,치유소원
Ninetales,나인테일,Heat Wave,열풍
Ninetales,나인테일,Helping Hand,도우미
Ninetales,나인테일,Hex,병상첨병
Ninetales,나인테일,Howl,멀리짖음
Ninetales,나인테일,Hyper Beam,파괴광선
Ninetales,나인테일,Hypnosis,최면술
Ninetales,나인테일,Imprison,봉인
Ninetales,나인테일,Inferno,연옥
Ninetales,나인테일,Iron Tail,아이언테일
Ninetales,나인테일,Memento,추억의선물
Ninetales,나인테일,Mystical Fire,매지컬플레임
Ninetales,나인테일,Nasty Plot,나쁜음모
Ninetales,나인테일,Night Shade,나이트헤드
Ninetales,나인테일,Overheat,오버히트
Ninetales,나인테일,Pain Split,아픔나누기
Ninetales,나인테일,Payback,보복
Ninetales,나인테일,Power Swap,파워스웹
Ninetales,나인테일,Protect,방어
Ninetales,나인테일,Psych Up,자기암시
Ninetales,나인테일,Psyshock,사이코쇼크
Ninetales,나인테일,Quick Attack,전광석화
Ninetales,나인테일,Rest,잠자기
Ninetales,나인테일,Roar,울부짖기
Ninetales,나인테일,Round,돌림노래
Ninetales,나인테일,Safeguard,신비의부적
Ninetales,나인테일,Scorching Sands,열사의대지
Ninetales,나인테일,Shadow Ball,섀도볼
Ninetales,나인테일,Sleep Talk,잠꼬대
Ninetales,나인테일,Snarl,바크아웃
Ninetales,나인테일,Snore,코골기
Ninetales,나인테일,Solar Beam,솔라빔
Ninetales,나인테일,Spite,원한
Ninetales,나인테일,Stored Power,어시스트파워
Ninetales,나인테일,Substitute,대타출동
Ninetales,나인테일,Sunny Day,쾌청
Ninetales,나인테일,Tail Slap,스위프뺨치기
Ninetales,나인테일,Weather Ball,웨더볼
Ninetales,나인테일,Will-O-Wisp,도깨비불
Ninetales,나인테일,Zen Headbutt,사념의박치기
Ninetales-Alola,알로라 나인테일,Agility,고속이동
Ninetales-Alola,알로라 나인테일,Attract,헤롱헤롱
Ninetales-Alola,알로라 나인테일,Aurora Veil,오로라베일
Ninetales-Alola,알로라 나인테일,Avalanche,눈사태
Ninetales-Alola,알로라 나인테일,Baby-Doll Eyes,초롱초롱눈동자
Ninetales-Alola,알로라 나인테일,Baton Pass,바톤터치
Ninetales-Alola,알로라 나인테일,Blizzard,눈보라
Ninetales-Alola,알로라 나인테일,Body Slam,누르기
Ninetales-Alola,알로라 나인테일,Calm Mind,명상
Ninetales-Alola,알로라 나인테일,Charm,애교부리기
Ninetales-Alola,알로라 나인테일,Chilling Water,찬물끼얹기
Ninetales-Alola,알로라 나인테일,Confuse Ray,이상한빛
Ninetales-Alola,알로라 나인테일,Dark Pulse,악의파동
Ninetales-Alola,알로라 나인테일,Dazzling Gleam,매지컬샤인
Ninetales-Alola,알로라 나인테일,Dig,구멍파기
Ninetales-Alola,알로라 나인테일,Disable,사슬묶기
Ninetales-Alola,알로라 나인테일,Double-Edge,이판사판태클
Ninetales-Alola,알로라 나인테일,Draining Kiss,드레인키스
Ninetales-Alola,알로라 나인테일,Encore,앵콜
Ninetales-Alola,알로라 나인테일,Endure,버티기
Ninetales-Alola,알로라 나인테일,Extrasensory,신통력
Ninetales-Alola,알로라 나인테일,Facade,객기
Ninetales-Alola,알로라 나인테일,Fake Tears,거짓울음
Ninetales-Alola,알로라 나인테일,Flail,바둥바둥
Ninetales-Alola,알로라 나인테일,Foul Play,속임수
Ninetales-Alola,알로라 나인테일,Freeze-Dry,프리즈드라이
Ninetales-Alola,알로라 나인테일,Giga Impact,기가임팩트
Ninetales-Alola,알로라 나인테일,Helping Hand,도우미
Ninetales-Alola,알로라 나인테일,Hex,병상첨병
Ninetales-Alola,알로라 나인테일,Howl,멀리짖음
Ninetales-Alola,알로라 나인테일,Hyper Beam,파괴광선
Ninetales-Alola,알로라 나인테일,Hypnosis,최면술
Ninetales-Alola,알로라 나인테일,Ice Beam,냉동빔
Ninetales-Alola,알로라 나인테일,Ice Shard,얼음뭉치
Ninetales-Alola,알로라 나인테일,Icicle Spear,고드름침
Ninetales-Alola,알로라 나인테일,Icy Wind,얼다바람
Ninetales-Alola,알로라 나인테일,Imprison,봉인
Ninetales-Alola,알로라 나인테일,Iron Tail,아이언테일
Ninetales-Alola,알로라 나인테일,Misty Terrain,미스트필드
Ninetales-Alola,알로라 나인테일,Moonblast,문포스
Ninetales-Alola,알로라 나인테일,Nasty Plot,나쁜음모
Ninetales-Alola,알로라 나인테일,Pain Split,아픔나누기
Ninetales-Alola,알로라 나인테일,Payback,보복
Ninetales-Alola,알로라 나인테일,Play Rough,치근거리기
Ninetales-Alola,알로라 나인테일,Power Swap,파워스웹
Ninetales-Alola,알로라 나인테일,Protect,방어
Ninetales-Alola,알로라 나인테일,Psych Up,자기암시
Ninetales-Alola,알로라 나인테일,Psyshock,사이코쇼크
Ninetales-Alola,알로라 나인테일,Rain Dance,비바라기
Ninetales-Alola,알로라 나인테일,Rest,잠자기
Ninetales-Alola,알로라 나인테일,Roar,울부짖기
Ninetales-Alola,알로라 나인테일,Round,돌림노래
Ninetales-Alola,알로라 나인테일,Safeguard,신비의부적
Ninetales-Alola,알로라 나인테일,Sleep Talk,잠꼬대
Ninetales-Alola,알로라 나인테일,Snore,코골기
Ninetales-Alola,알로라 나인테일,Snowscape,설경
Ninetales-Alola,알로라 나인테일,Spite,원한
Ninetales-Alola,알로라 나인테일,Stored Power,어시스트파워
Ninetales-Alola,알로라 나인테일,Substitute,대타출동
Ninetales-Alola,알로라 나인테일,Tail Slap,스위프뺨치기
Ninetales-Alola,알로라 나인테일,Triple Axel,트리플악셀
Ninetales-Alola,알로라 나인테일,Weather Ball,웨더볼
Ninetales-Alola,알로라 나인테일,Wonder Room,원더룸
Ninetales-Alola,알로라 나인테일,Zen Headbutt,사념의박치기
Wigglytuff,푸크린,Alluring Voice,매혹의보이스
Wigglytuff,푸크린,Amnesia,망각술
Wigglytuff,푸크린,Baton Pass,바톤터치
Wigglytuff,푸크린,Blizzard,눈보라
Wigglytuff,푸크린,Body Press,바디프레스
Wigglytuff,푸크린,Body Slam,누르기
Wigglytuff,푸크린,Bounce,뛰어오르다
Wigglytuff,푸크린,Brick Break,깨트리다
Wigglytuff,푸크린,Calm Mind,명상
Wigglytuff,푸크린,Charm,애교부리기
Wigglytuff,푸크린,Chilling Water,찬물끼얹기
Wigglytuff,푸크린,Copycat,흉내쟁이
Wigglytuff,푸크린,Covet,탐내다
Wigglytuff,푸크린,Dark Pulse,악의파동
Wigglytuff,푸크린,Dazzling Gleam,매지컬샤인
Wigglytuff,푸크린,Dig,구멍파기
Wigglytuff,푸크린,Disable,사슬묶기
Wigglytuff,푸크린,Double-Edge,이판사판태클
Wigglytuff,푸크린,Drain Punch,드레인펀치
Wigglytuff,푸크린,Draining Kiss,드레인키스
Wigglytuff,푸크린,Encore,앵콜
Wigglytuff,푸크린,Endeavor,죽기살기
Wigglytuff,푸크린,Endure,버티기
Wigglytuff,푸크린,Energy Ball,에너지볼
Wigglytuff,푸크린,Expanding Force,와이드포스
Wigglytuff,푸크린,Facade,객기
Wigglytuff,푸크린,Fake Tears,거짓울음
Wigglytuff,푸크린,Fire Blast,불대문자
Wigglytuff,푸크린,Fire Punch,불꽃펀치
Wigglytuff,푸크린,Flamethrower,화염방사
Wigglytuff,푸크린,Fling,내던지기
Wigglytuff,푸크린,Focus Blast,기합구슬
Wigglytuff,푸크린,Focus Punch,힘껏펀치
Wigglytuff,푸크린,Giga Impact,기가임팩트
Wigglytuff,푸크린,Grass Knot,풀묶기
Wigglytuff,푸크린,Gravity,중력
Wigglytuff,푸크린,Gyro Ball,자이로볼
Wigglytuff,푸크린,Heal Pulse,치유파동
Wigglytuff,푸크린,Helping Hand,도우미
Wigglytuff,푸크린,Hyper Beam,파괴광선
Wigglytuff,푸크린,Hyper Voice,하이퍼보이스
Wigglytuff,푸크린,Ice Beam,냉동빔
Wigglytuff,푸크린,Ice Punch,냉동펀치
Wigglytuff,푸크린,Ice Spinner,아이스스피너
Wigglytuff,푸크린,Icy Wind,얼다바람
Wigglytuff,푸크린,Knock Off,탁쳐서떨구기
Wigglytuff,푸크린,Last Resort,뒀다쓰기
Wigglytuff,푸크린,Light Screen,빛의장막
Wigglytuff,푸크린,Magic Room,매직룸
Wigglytuff,푸크린,Mega Kick,메가톤킥
Wigglytuff,푸크린,Misty Explosion,미스트버스트
Wigglytuff,푸크린,Misty Terrain,미스트필드
Wigglytuff,푸크린,Moonblast,문포스
Wigglytuff,푸크린,Nasty Plot,나쁜음모
Wigglytuff,푸크린,Pain Split,아픔나누기
Wigglytuff,푸크린,Perish Song,멸망의노래
Wigglytuff,푸크린,Play Rough,치근거리기
Wigglytuff,푸크린,Protect,방어
Wigglytuff,푸크린,Psych Up,자기암시
Wigglytuff,푸크린,Psychic,사이코키네시스
Wigglytuff,푸크린,Psychic Noise,사이코노이즈
Wigglytuff,푸크린,Psyshock,사이코쇼크
Wigglytuff,푸크린,Rain Dance,비바라기
Wigglytuff,푸크린,Reflect,리플렉터
Wigglytuff,푸크린,Rest,잠자기
Wigglytuff,푸크린,Round,돌림노래
Wigglytuff,푸크린,Safeguard,신비의부적
Wigglytuff,푸크린,Sandstorm,모래바람
Wigglytuff,푸크린,Screech,싫은소리
Wigglytuff,푸크린,Self-Destruct,자폭
Wigglytuff,푸크린,Shadow Ball,섀도볼
Wigglytuff,푸크린,Sing,노래하기
Wigglytuff,푸크린,Skill Swap,스킬스웹
Wigglytuff,푸크린,Sleep Talk,잠꼬대
Wigglytuff,푸크린,Snore,코골기
Wigglytuff,푸크린,Solar Beam,솔라빔
Wigglytuff,푸크린,Spit Up,토해내기
Wigglytuff,푸크린,Stealth Rock,스텔스록
Wigglytuff,푸크린,Steel Roller,아이언롤러
Wigglytuff,푸크린,Stockpile,비축하기
Wigglytuff,푸크린,Stored Power,어시스트파워
Wigglytuff,푸크린,Substitute,대타출동
Wigglytuff,푸크린,Sunny Day,쾌청
Wigglytuff,푸크린,Swallow,꿀꺽
Wigglytuff,푸크린,Sweet Kiss,천사의키스
Wigglytuff,푸크린,Taunt,도발
Wigglytuff,푸크린,Thief,도둑질
Wigglytuff,푸크린,Thunder,번개
Wigglytuff,푸크린,Thunder Punch,번개펀치
Wigglytuff,푸크린,Thunder Wave,전기자석파
Wigglytuff,푸크린,Thunderbolt,10만볼트
Wigglytuff,푸크린,Trailblaze,개척하기
Wigglytuff,푸크린,Tri Attack,트라이어택
Wigglytuff,푸크린,Uproar,소란피기
Wigglytuff,푸크린,Water Pulse,물의파동
Wigglytuff,푸크린,Wild Charge,와일드볼트
Wigglytuff,푸크린,Wish,희망사항
Wigglytuff,푸크린,Zen Headbutt,사념의박치기
Vileplume,라플레시아,Acid Spray,애시드봄
Vileplume,라플레시아,After You,당신먼저
Vileplume,라플레시아,Attract,헤롱헤롱
Vileplume,라플레시아,Body Slam,누르기
Vileplume,라플레시아,Bullet Seed,기관총
Vileplume,라플레시아,Charm,애교부리기
Vileplume,라플레시아,Corrosive Gas,부식가스
Vileplume,라플레시아,Dazzling Gleam,매지컬샤인
Vileplume,라플레시아,Endure,버티기
Vileplume,라플레시아,Energy Ball,에너지볼
Vileplume,라플레시아,Facade,객기
Vileplume,라플레시아,Flail,바둥바둥
Vileplume,라플레시아,Fling,내던지기
Vileplume,라플레시아,Giga Drain,기가드레인
Vileplume,라플레시아,Giga Impact,기가임팩트
Vileplume,라플레시아,Grass Knot,풀묶기
Vileplume,라플레시아,Grassy Glide,그래스슬라이더
Vileplume,라플레시아,Grassy Terrain,그래스필드
Vileplume,라플레시아,Growth,성장
Vileplume,라플레시아,Helping Hand,도우미
Vileplume,라플레시아,Hyper Beam,파괴광선
Vileplume,라플레시아,Ingrain,뿌리박기
Vileplume,라플레시아,Leaf Storm,리프스톰
Vileplume,라플레시아,Leech Seed,씨뿌리기
Vileplume,라플레시아,Moonblast,문포스
Vileplume,라플레시아,Moonlight,달의불빛
Vileplume,라플레시아,Petal Blizzard,꽃보라
Vileplume,라플레시아,Petal Dance,꽃잎댄스
Vileplume,라플레시아,Poison Powder,독가루
Vileplume,라플레시아,Pollen Puff,꽃가루경단
Vileplume,라플레시아,Protect,방어
Vileplume,라플레시아,Rest,잠자기
Vileplume,라플레시아,Round,돌림노래
Vileplume,라플레시아,Seed Bomb,씨폭탄
Vileplume,라플레시아,Sleep Powder,수면가루
Vileplume,라플레시아,Sleep Talk,잠꼬대
Vileplume,라플레시아,Sludge Bomb,오물폭탄
Vileplume,라플레시아,Sludge Wave,오물웨이브
Vileplume,라플레시아,Snore,코골기
Vileplume,라플레시아,Solar Beam,솔라빔
Vileplume,라플레시아,Solar Blade,솔라블레이드
Vileplume,라플레시아,Strength Sap,힘흡수
Vileplume,라플레시아,Stun Spore,저리가루
Vileplume,라플레시아,Substitute,대타출동
Vileplume,라플레시아,Sunny Day,쾌청
Vileplume,라플레시아,Sweet Scent,달콤한향기
Vileplume,라플레시아,Swords Dance,칼춤
Vileplume,라플레시아,Synthesis,광합성
Vileplume,라플레시아,Teeter Dance,흔들흔들댄스
Vileplume,라플레시아,Tickle,간지르기
Vileplume,라플레시아,Toxic,맹독
Vileplume,라플레시아,Trailblaze,개척하기
Vileplume,라플레시아,Venoshock,베놈쇼크
Vileplume,라플레시아,Weather Ball,웨더볼
Persian,페르시온,Aerial Ace,제비반환
Persian,페르시온,Agility,고속이동
Persian,페르시온,Amnesia,망각술
Persian,페르시온,Assurance,승부굳히기
Persian,페르시온,Bite,물기
Persian,페르시온,Body Slam,누르기
Persian,페르시온,Charm,애교부리기
Persian,페르시온,Chilling Water,찬물끼얹기
Persian,페르시온,Covet,탐내다
Persian,페르시온,Dark Pulse,악의파동
Persian,페르시온,Dig,구멍파기
Persian,페르시온,Double Team,그림자분신
Persian,페르시온,Double-Edge,이판사판태클
Persian,페르시온,Endeavor,죽기살기
Persian,페르시온,Endure,버티기
Persian,페르시온,Facade,객기
Persian,페르시온,Fake Out,속이다
Persian,페르시온,Fake Tears,거짓울음
Persian,페르시온,Feint,페인트
Persian,페르시온,Flail,바둥바둥
Persian,페르시온,Foul Play,속임수
Persian,페르시온,Giga Impact,기가임팩트
Persian,페르시온,Gunk Shot,더스트슈트
Persian,페르시온,Helping Hand,도우미
Persian,페르시온,Hyper Beam,파괴광선
Persian,페르시온,Hyper Voice,하이퍼보이스
Persian,페르시온,Hypnosis,최면술
Persian,페르시온,Icy Wind,얼다바람
Persian,페르시온,Iron Tail,아이언테일
Persian,페르시온,Knock Off,탁쳐서떨구기
Persian,페르시온,Lash Out,분풀이
Persian,페르시온,Last Resort,뒀다쓰기
Persian,페르시온,Nasty Plot,나쁜음모
Persian,페르시온,Pain Split,아픔나누기
Persian,페르시온,Payback,보복
Persian,페르시온,Play Rough,치근거리기
Persian,페르시온,Power Gem,파워젬
Persian,페르시온,Protect,방어
Persian,페르시온,Psych Up,자기암시
Persian,페르시온,Rain Dance,비바라기
Persian,페르시온,Rest,잠자기
Persian,페르시온,Roar,울부짖기
Persian,페르시온,Round,돌림노래
Persian,페르시온,Screech,싫은소리
Persian,페르시온,Seed Bomb,씨폭탄
Persian,페르시온,Shadow Ball,섀도볼
Persian,페르시온,Shadow Claw,섀도크루
Persian,페르시온,Skitter Smack,엄습하는일격
Persian,페르시온,Slash,베어가르기
Persian,페르시온,Sleep Talk,잠꼬대
Persian,페르시온,Snarl,바크아웃
Persian,페르시온,Snore,코골기
Persian,페르시온,Spite,원한
Persian,페르시온,Substitute,대타출동
Persian,페르시온,Sunny Day,쾌청
Persian,페르시온,Switcheroo,바꿔치기
Persian,페르시온,Taunt,도발
Persian,페르시온,Thief,도둑질
Persian,페르시온,Throat Chop,지옥찌르기
Persian,페르시온,Thunder,번개
Persian,페르시온,Thunder Wave,전기자석파
Persian,페르시온,Thunderbolt,10만볼트
Persian,페르시온,Trailblaze,개척하기
Persian,페르시온,U-turn,유턴
Persian,페르시온,Uproar,소란피기
Persian,페르시온,Water Pulse,물의파동
Persian-Alola,알로라 페르시온,Aerial Ace,제비반환
Persian-Alola,알로라 페르시온,Agility,고속이동
Persian-Alola,알로라 페르시온,Amnesia,망각술
Persian-Alola,알로라 페르시온,Assurance,승부굳히기
Persian-Alola,알로라 페르시온,Beat Up,집단구타
Persian-Alola,알로라 페르시온,Bite,물기
Persian-Alola,알로라 페르시온,Body Slam,누르기
Persian-Alola,알로라 페르시온,Burning Jealousy,질투의불꽃
Persian-Alola,알로라 페르시온,Charm,애교부리기
Persian-Alola,알로라 페르시온,Chilling Water,찬물끼얹기
Persian-Alola,알로라 페르시온,Confuse Ray,이상한빛
Persian-Alola,알로라 페르시온,Covet,탐내다
Persian-Alola,알로라 페르시온,Curse,저주
Persian-Alola,알로라 페르시온,Dark Pulse,악의파동
Persian-Alola,알로라 페르시온,Dig,구멍파기
Persian-Alola,알로라 페르시온,Double Team,그림자분신
Persian-Alola,알로라 페르시온,Double-Edge,이판사판태클
Persian-Alola,알로라 페르시온,Endeavor,죽기살기
Persian-Alola,알로라 페르시온,Endure,버티기
Persian-Alola,알로라 페르시온,Facade,객기
Persian-Alola,알로라 페르시온,Fake Out,속이다
Persian-Alola,알로라 페르시온,Fake Tears,거짓울음
Persian-Alola,알로라 페르시온,Feint,페인트
Persian-Alola,알로라 페르시온,Flail,바둥바둥
Persian-Alola,알로라 페르시온,Flatter,부추기기
Persian-Alola,알로라 페르시온,Foul Play,속임수
Persian-Alola,알로라 페르시온,Giga Impact,기가임팩트
Persian-Alola,알로라 페르시온,Gunk Shot,더스트슈트
Persian-Alola,알로라 페르시온,Helping Hand,도우미
Persian-Alola,알로라 페르시온,Hyper Beam,파괴광선
Persian-Alola,알로라 페르시온,Hyper Voice,하이퍼보이스
Persian-Alola,알로라 페르시온,Hypnosis,최면술
Persian-Alola,알로라 페르시온,Icy Wind,얼다바람
Persian-Alola,알로라 페르시온,Iron Tail,아이언테일
Persian-Alola,알로라 페르시온,Knock Off,탁쳐서떨구기
Persian-Alola,알로라 페르시온,Lash Out,분풀이
Persian-Alola,알로라 페르시온,Nasty Plot,나쁜음모
Persian-Alola,알로라 페르시온,Night Slash,깜짝베기
Persian-Alola,알로라 페르시온,Parting Shot,막말내뱉기
Persian-Alola,알로라 페르시온,Payback,보복
Persian-Alola,알로라 페르시온,Play Rough,치근거리기
Persian-Alola,알로라 페르시온,Power Gem,파워젬
Persian-Alola,알로라 페르시온,Protect,방어
Persian-Alola,알로라 페르시온,Psych Up,자기암시
Persian-Alola,알로라 페르시온,Quash,순서미루기
Persian-Alola,알로라 페르시온,Rain Dance,비바라기
Persian-Alola,알로라 페르시온,Rest,잠자기
Persian-Alola,알로라 페르시온,Roar,울부짖기
Persian-Alola,알로라 페르시온,Round,돌림노래
Persian-Alola,알로라 페르시온,Screech,싫은소리
Persian-Alola,알로라 페르시온,Seed Bomb,씨폭탄
Persian-Alola,알로라 페르시온,Shadow Ball,섀도볼
Persian-Alola,알로라 페르시온,Shadow Claw,섀도크루
Persian-Alola,알로라 페르시온,Skitter Smack,엄습하는일격
Persian-Alola,알로라 페르시온,Slash,베어가르기
Persian-Alola,알로라 페르시온,Sleep Talk,잠꼬대
Persian-Alola,알로라 페르시온,Smack Down,떨어뜨리기
Persian-Alola,알로라 페르시온,Snarl,바크아웃
Persian-Alola,알로라 페르시온,Snore,코골기
Persian-Alola,알로라 페르시온,Spite,원한
Persian-Alola,알로라 페르시온,Substitute,대타출동
Persian-Alola,알로라 페르시온,Sunny Day,쾌청
Persian-Alola,알로라 페르시온,Switcheroo,바꿔치기
Persian-Alola,알로라 페르시온,Taunt,도발
Persian-Alola,알로라 페르시온,Thief,도둑질
Persian-Alola,알로라 페르시온,Throat Chop,지옥찌르기
Persian-Alola,알로라 페르시온,Thunder,번개
Persian-Alola,알로라 페르시온,Thunder Wave,전기자석파
Persian-Alola,알로라 페르시온,Thunderbolt,10만볼트
Persian-Alola,알로라 페르시온,Trailblaze,개척하기
Persian-Alola,알로라 페르시온,U-turn,유턴
Persian-Alola,알로라 페르시온,Uproar,소란피기
Persian-Alola,알로라 페르시온,Water Pulse,물의파동
Arcanine,윈디,Aerial Ace,제비반환
Arcanine,윈디,Agility,고속이동
Arcanine,윈디,Bite,물기
Arcanine,윈디,Body Slam,누르기
Arcanine,윈디,Bulldoze,땅고르기
Arcanine,윈디,Burn Up,불사르기
Arcanine,윈디,Charm,애교부리기
Arcanine,윈디,Close Combat,인파이트
Arcanine,윈디,Covet,탐내다
Arcanine,윈디,Crunch,깨물어부수기
Arcanine,윈디,Curse,저주
Arcanine,윈디,Dig,구멍파기
Arcanine,윈디,Double-Edge,이판사판태클
Arcanine,윈디,Dragon Pulse,용의파동
Arcanine,윈디,Endure,버티기
Arcanine,윈디,Extreme Speed,신속
Arcanine,윈디,Facade,객기
Arcanine,윈디,Fire Blast,불대문자
Arcanine,윈디,Fire Fang,불꽃엄니
Arcanine,윈디,Fire Spin,회오리불꽃
Arcanine,윈디,Flame Charge,니트로차지
Arcanine,윈디,Flamethrower,화염방사
Arcanine,윈디,Flare Blitz,플레어드라이브
Arcanine,윈디,Giga Impact,기가임팩트
Arcanine,윈디,Heat Crash,히트스탬프
Arcanine,윈디,Heat Wave,열풍
Arcanine,윈디,Helping Hand,도우미
Arcanine,윈디,Howl,멀리짖음
Arcanine,윈디,Hyper Beam,파괴광선
Arcanine,윈디,Hyper Voice,하이퍼보이스
Arcanine,윈디,Iron Head,아이언헤드
Arcanine,윈디,Iron Tail,아이언테일
Arcanine,윈디,Morning Sun,아침햇살
Arcanine,윈디,Outrage,역린
Arcanine,윈디,Overheat,오버히트
Arcanine,윈디,Play Rough,치근거리기
Arcanine,윈디,Protect,방어
Arcanine,윈디,Psychic Fangs,사이코팽
Arcanine,윈디,Raging Fury,대격분
Arcanine,윈디,Rest,잠자기
Arcanine,윈디,Reversal,기사회생
Arcanine,윈디,Roar,울부짖기
Arcanine,윈디,Round,돌림노래
Arcanine,윈디,Scary Face,겁나는얼굴
Arcanine,윈디,Scorching Sands,열사의대지
Arcanine,윈디,Sleep Talk,잠꼬대
Arcanine,윈디,Snarl,바크아웃
Arcanine,윈디,Snore,코골기
Arcanine,윈디,Solar Beam,솔라빔
Arcanine,윈디,Substitute,대타출동
Arcanine,윈디,Sunny Day,쾌청
Arcanine,윈디,Temper Flare,열불내기
Arcanine,윈디,Thief,도둑질
Arcanine,윈디,Thrash,난동부리기
Arcanine,윈디,Thunder Fang,번개엄니
Arcanine,윈디,Wild Charge,와일드볼트
Arcanine,윈디,Will-O-Wisp,도깨비불
Arcanine-Hisui,히스이 윈디,Aerial Ace,제비반환
Arcanine-Hisui,히스이 윈디,Agility,고속이동
Arcanine-Hisui,히스이 윈디,Bite,물기
Arcanine-Hisui,히스이 윈디,Body Slam,누르기
Arcanine-Hisui,히스이 윈디,Bulldoze,땅고르기
Arcanine-Hisui,히스이 윈디,Burn Up,불사르기
Arcanine-Hisui,히스이 윈디,Close Combat,인파이트
Arcanine-Hisui,히스이 윈디,Covet,탐내다
Arcanine-Hisui,히스이 윈디,Crunch,깨물어부수기
Arcanine-Hisui,히스이 윈디,Dig,구멍파기
Arcanine-Hisui,히스이 윈디,Double-Edge,이판사판태클
Arcanine-Hisui,히스이 윈디,Dragon Pulse,용의파동
Arcanine-Hisui,히스이 윈디,Endure,버티기
Arcanine-Hisui,히스이 윈디,Extreme Speed,신속
Arcanine-Hisui,히스이 윈디,Facade,객기
Arcanine-Hisui,히스이 윈디,Fire Blast,불대문자
Arcanine-Hisui,히스이 윈디,Fire Fang,불꽃엄니
Arcanine-Hisui,히스이 윈디,Fire Spin,회오리불꽃
Arcanine-Hisui,히스이 윈디,Flame Charge,니트로차지
Arcanine-Hisui,히스이 윈디,Flamethrower,화염방사
Arcanine-Hisui,히스이 윈디,Flare Blitz,플레어드라이브
Arcanine-Hisui,히스이 윈디,Giga Impact,기가임팩트
Arcanine-Hisui,히스이 윈디,Head Smash,양날박치기
Arcanine-Hisui,히스이 윈디,Heat Crash,히트스탬프
Arcanine-Hisui,히스이 윈디,Heat Wave,열풍
Arcanine-Hisui,히스이 윈디,Helping Hand,도우미
Arcanine-Hisui,히스이 윈디,Howl,멀리짖음
Arcanine-Hisui,히스이 윈디,Hyper Beam,파괴광선
Arcanine-Hisui,히스이 윈디,Hyper Voice,하이퍼보이스
Arcanine-Hisui,히스이 윈디,Iron Head,아이언헤드
Arcanine-Hisui,히스이 윈디,Iron Tail,아이언테일
Arcanine-Hisui,히스이 윈디,Morning Sun,아침햇살
Arcanine-Hisui,히스이 윈디,Outrage,역린
Arcanine-Hisui,히스이 윈디,Overheat,오버히트
Arcanine-Hisui,히스이 윈디,Power Gem,파워젬
Arcanine-Hisui,히스이 윈디,Protect,방어
Arcanine-Hisui,히스이 윈디,Psychic Fangs,사이코팽
Arcanine-Hisui,히스이 윈디,Raging Fury,대격분
Arcanine-Hisui,히스이 윈디,Rest,잠자기
Arcanine-Hisui,히스이 윈디,Reversal,기사회생
Arcanine-Hisui,히스이 윈디,Roar,울부짖기
Arcanine-Hisui,히스이 윈디,Rock Blast,락블레스트
Arcanine-Hisui,히스이 윈디,Rock Slide,스톤샤워
Arcanine-Hisui,히스이 윈디,Rock Tomb,암석봉인
Arcanine-Hisui,히스이 윈디,Round,돌림노래
Arcanine-Hisui,히스이 윈디,Sandstorm,모래바람
Arcanine-Hisui,히스이 윈디,Scary Face,겁나는얼굴
Arcanine-Hisui,히스이 윈디,Scorching Sands,열사의대지
Arcanine-Hisui,히스이 윈디,Sleep Talk,잠꼬대
Arcanine-Hisui,히스이 윈디,Smack Down,떨어뜨리기
Arcanine-Hisui,히스이 윈디,Smart Strike,스마트호른
Arcanine-Hisui,히스이 윈디,Snarl,바크아웃
Arcanine-Hisui,히스이 윈디,Snore,코골기
Arcanine-Hisui,히스이 윈디,Solar Beam,솔라빔
Arcanine-Hisui,히스이 윈디,Stealth Rock,스텔스록
Arcanine-Hisui,히스이 윈디,Stone Edge,스톤에지
Arcanine-Hisui,히스이 윈디,Substitute,대타출동
Arcanine-Hisui,히스이 윈디,Sunny Day,쾌청
Arcanine-Hisui,히스이 윈디,Temper Flare,열불내기
Arcanine-Hisui,히스이 윈디,Thief,도둑질
Arcanine-Hisui,히스이 윈디,Thrash,난동부리기
Arcanine-Hisui,히스이 윈디,Thunder Fang,번개엄니
Arcanine-Hisui,히스이 윈디,Wild Charge,와일드볼트
Arcanine-Hisui,히스이 윈디,Will-O-Wisp,도깨비불
Alakazam,후딘,Ally Switch,사이드체인지
Alakazam,후딘,Attract,헤롱헤롱
Alakazam,후딘,Body Slam,누르기
Alakazam,후딘,Calm Mind,명상
Alakazam,후딘,Dazzling Gleam,매지컬샤인
Alakazam,후딘,Disable,사슬묶기
Alakazam,후딘,Double Team,그림자분신
Alakazam,후딘,Drain Punch,드레인펀치
Alakazam,후딘,Encore,앵콜
Alakazam,후딘,Endure,버티기
Alakazam,후딘,Energy Ball,에너지볼
Alakazam,후딘,Expanding Force,와이드포스
Alakazam,후딘,Facade,객기
Alakazam,후딘,Fire Punch,불꽃펀치
Alakazam,후딘,Fling,내던지기
Alakazam,후딘,Focus Blast,기합구슬
Alakazam,후딘,Foul Play,속임수
Alakazam,후딘,Future Sight,미래예지
Alakazam,후딘,Giga Impact,기가임팩트
Alakazam,후딘,Grass Knot,풀묶기
Alakazam,후딘,Guard Split,가드셰어
Alakazam,후딘,Guard Swap,가드스웹
Alakazam,후딘,Hyper Beam,파괴광선
Alakazam,후딘,Ice Punch,냉동펀치
Alakazam,후딘,Imprison,봉인
Alakazam,후딘,Iron Tail,아이언테일
Alakazam,후딘,Light Screen,빛의장막
Alakazam,후딘,Magic Room,매직룸
Alakazam,후딘,Mega Kick,메가톤킥
Alakazam,후딘,Nasty Plot,나쁜음모
Alakazam,후딘,Power Swap,파워스웹
Alakazam,후딘,Protect,방어
Alakazam,후딘,Psychic,사이코키네시스
Alakazam,후딘,Psychic Terrain,사이코필드
Alakazam,후딘,Psycho Cut,사이코커터
Alakazam,후딘,Psyshock,사이코쇼크
Alakazam,후딘,Rain Dance,비바라기
Alakazam,후딘,Recover,HP회복
Alakazam,후딘,Reflect,리플렉터
Alakazam,후딘,Rest,잠자기
Alakazam,후딘,Role Play,역할
Alakazam,후딘,Round,돌림노래
Alakazam,후딘,Safeguard,신비의부적
Alakazam,후딘,Shadow Ball,섀도볼
Alakazam,후딘,Skill Swap,스킬스웹
Alakazam,후딘,Sleep Talk,잠꼬대
Alakazam,후딘,Snore,코골기
Alakazam,후딘,Speed Swap,스피드스웹
Alakazam,후딘,Stored Power,어시스트파워
Alakazam,후딘,Substitute,대타출동
Alakazam,후딘,Sunny Day,쾌청
Alakazam,후딘,Taunt,도발
Alakazam,후딘,Thief,도둑질
Alakazam,후딘,Thunder Punch,번개펀치
Alakazam,후딘,Thunder Wave,전기자석파
Alakazam,후딘,Tri Attack,트라이어택
Alakazam,후딘,Trick,트릭
Alakazam,후딘,Trick Room,트릭룸
Alakazam,후딘,Wonder Room,원더룸
Alakazam,후딘,Zen Headbutt,사념의박치기
Machamp,괴력몬,Assurance,승부굳히기
Machamp,괴력몬,Attract,헤롱헤롱
Machamp,괴력몬,Body Slam,누르기
Machamp,괴력몬,Brick Break,깨트리다
Machamp,괴력몬,Brutal Swing,세차게휘두르기
Machamp,괴력몬,Bulk Up,벌크업
Machamp,괴력몬,Bulldoze,땅고르기
Machamp,괴력몬,Bullet Punch,불릿펀치
Machamp,괴력몬,Close Combat,인파이트
Machamp,괴력몬,Coaching,코칭
Machamp,괴력몬,Counter,카운터
Machamp,괴력몬,Cross Chop,크로스촙
Machamp,괴력몬,Cross Poison,크로스포이즌
Machamp,괴력몬,Darkest Lariat,DD래리어트
Machamp,괴력몬,Detect,판별
Machamp,괴력몬,Dig,구멍파기
Machamp,괴력몬,Double-Edge,이판사판태클
Machamp,괴력몬,Drain Punch,드레인펀치
Machamp,괴력몬,Dynamic Punch,폭발펀치
Machamp,괴력몬,Earthquake,지진
Machamp,괴력몬,Encore,앵콜
Machamp,괴력몬,Endure,버티기
Machamp,괴력몬,Facade,객기
Machamp,괴력몬,Fire Blast,불대문자
Machamp,괴력몬,Fire Punch,불꽃펀치
Machamp,괴력몬,Flamethrower,화염방사
Machamp,괴력몬,Fling,내던지기
Machamp,괴력몬,Focus Blast,기합구슬
Machamp,괴력몬,Focus Energy,기충전
Machamp,괴력몬,Giga Impact,기가임팩트
Machamp,괴력몬,Heavy Slam,헤비봄버
Machamp,괴력몬,Helping Hand,도우미
Machamp,괴력몬,High Horsepower,10만마력
Machamp,괴력몬,Hyper Beam,파괴광선
Machamp,괴력몬,Ice Punch,냉동펀치
Machamp,괴력몬,Knock Off,탁쳐서떨구기
Machamp,괴력몬,Light Screen,빛의장막
Machamp,괴력몬,Low Kick,안다리걸기
Machamp,괴력몬,Low Sweep,로킥
Machamp,괴력몬,Mega Kick,메가톤킥
Machamp,괴력몬,Payback,보복
Machamp,괴력몬,Poison Jab,독찌르기
Machamp,괴력몬,Protect,방어
Machamp,괴력몬,Quick Guard,퍼스트가드
Machamp,괴력몬,Rain Dance,비바라기
Machamp,괴력몬,Rest,잠자기
Machamp,괴력몬,Reversal,기사회생
Machamp,괴력몬,Rock Blast,락블레스트
Machamp,괴력몬,Rock Slide,스톤샤워
Machamp,괴력몬,Rock Tomb,암석봉인
Machamp,괴력몬,Round,돌림노래
Machamp,괴력몬,Scary Face,겁나는얼굴
Machamp,괴력몬,Seismic Toss,지구던지기
Machamp,괴력몬,Sleep Talk,잠꼬대
Machamp,괴력몬,Snore,코골기
Machamp,괴력몬,Stomping Tantrum,분함의발구르기
Machamp,괴력몬,Stone Edge,스톤에지
Machamp,괴력몬,Storm Throw,업어후리기
Machamp,괴력몬,Substitute,대타출동
Machamp,괴력몬,Sunny Day,쾌청
Machamp,괴력몬,Superpower,엄청난힘
Machamp,괴력몬,Thief,도둑질
Machamp,괴력몬,Throat Chop,지옥찌르기
Machamp,괴력몬,Thunder Punch,번개펀치
Machamp,괴력몬,Tickle,간지르기
Machamp,괴력몬,Wide Guard,와이드가드
Victreebel,우츠보트,Acid Spray,애시드봄
Victreebel,우츠보트,Body Slam,누르기
Victreebel,우츠보트,Bug Bite,벌레먹음
Victreebel,우츠보트,Bullet Seed,기관총
Victreebel,우츠보트,Clear Smog,클리어스모그
Victreebel,우츠보트,Encore,앵콜
Victreebel,우츠보트,Endure,버티기
Victreebel,우츠보트,Energy Ball,에너지볼
Victreebel,우츠보트,Facade,객기
Victreebel,우츠보트,Gastro Acid,위액
Victreebel,우츠보트,Giga Drain,기가드레인
Victreebel,우츠보트,Giga Impact,기가임팩트
Victreebel,우츠보트,Grass Knot,풀묶기
Victreebel,우츠보트,Grassy Glide,그래스슬라이더
Victreebel,우츠보트,Grassy Terrain,그래스필드
Victreebel,우츠보트,Growth,성장
Victreebel,우츠보트,Hyper Beam,파괴광선
Victreebel,우츠보트,Ingrain,뿌리박기
Victreebel,우츠보트,Knock Off,탁쳐서떨구기
Victreebel,우츠보트,Leaf Blade,리프블레이드
Victreebel,우츠보트,Leaf Storm,리프스톰
Victreebel,우츠보트,Leech Life,흡혈
Victreebel,우츠보트,Lunge,덤벼들기
Victreebel,우츠보트,Poison Jab,독찌르기
Victreebel,우츠보트,Poison Powder,독가루
Victreebel,우츠보트,Pounce,달려들기
Victreebel,우츠보트,Power Whip,파워휩
Victreebel,우츠보트,Protect,방어
Victreebel,우츠보트,Reflect,리플렉터
Victreebel,우츠보트,Rest,잠자기
Victreebel,우츠보트,Round,돌림노래
Victreebel,우츠보트,Scary Face,겁나는얼굴
Victreebel,우츠보트,Seed Bomb,씨폭탄
Victreebel,우츠보트,Sleep Powder,수면가루
Victreebel,우츠보트,Sleep Talk,잠꼬대
Victreebel,우츠보트,Sludge Bomb,오물폭탄
Victreebel,우츠보트,Sludge Wave,오물웨이브
Victreebel,우츠보트,Snore,코골기
Victreebel,우츠보트,Solar Beam,솔라빔
Victreebel,우츠보트,Spit Up,토해내기
Victreebel,우츠보트,Stockpile,비축하기
Victreebel,우츠보트,Strength Sap,힘흡수
Victreebel,우츠보트,Stun Spore,저리가루
Victreebel,우츠보트,Substitute,대타출동
Victreebel,우츠보트,Sucker Punch,기습
Victreebel,우츠보트,Sunny Day,쾌청
Victreebel,우츠보트,Swallow,꿀꺽
Victreebel,우츠보트,Sweet Scent,달콤한향기
Victreebel,우츠보트,Swords Dance,칼춤
Victreebel,우츠보트,Synthesis,광합성
Victreebel,우츠보트,Thief,도둑질
Victreebel,우츠보트,Tickle,간지르기
Victreebel,우츠보트,Toxic,맹독
Victreebel,우츠보트,Toxic Spikes,독압정
Victreebel,우츠보트,Trailblaze,개척하기
Victreebel,우츠보트,Venoshock,베놈쇼크
Victreebel,우츠보트,Weather Ball,웨더볼
Victreebel,우츠보트,Worry Seed,고민씨
Victreebel,우츠보트,Wrap,김밥말이
Slowbro,야도란,Amnesia,망각술
Slowbro,야도란,Avalanche,눈사태
Slowbro,야도란,Belch,트림
Slowbro,야도란,Belly Drum,배북
Slowbro,야도란,Blizzard,눈보라
Slowbro,야도란,Block,블록
Slowbro,야도란,Body Press,바디프레스
Slowbro,야도란,Body Slam,누르기
Slowbro,야도란,Brick Break,깨트리다
Slowbro,야도란,Bulldoze,땅고르기
Slowbro,야도란,Calm Mind,명상
Slowbro,야도란,Chilling Water,찬물끼얹기
Slowbro,야도란,Curse,저주
Slowbro,야도란,Dig,구멍파기
Slowbro,야도란,Disable,사슬묶기
Slowbro,야도란,Dive,다이빙
Slowbro,야도란,Drain Punch,드레인펀치
Slowbro,야도란,Earthquake,지진
Slowbro,야도란,Endure,버티기
Slowbro,야도란,Expanding Force,와이드포스
Slowbro,야도란,Facade,객기
Slowbro,야도란,Fire Blast,불대문자
Slowbro,야도란,Flamethrower,화염방사
Slowbro,야도란,Fling,내던지기
Slowbro,야도란,Focus Blast,기합구슬
Slowbro,야도란,Focus Punch,힘껏펀치
Slowbro,야도란,Foul Play,속임수
Slowbro,야도란,Future Sight,미래예지
Slowbro,야도란,Giga Impact,기가임팩트
Slowbro,야도란,Grass Knot,풀묶기
Slowbro,야도란,Heal Pulse,치유파동
Slowbro,야도란,Helping Hand,도우미
Slowbro,야도란,Hydro Pump,하이드로펌프
Slowbro,야도란,Hyper Beam,파괴광선
Slowbro,야도란,Ice Beam,냉동빔
Slowbro,야도란,Ice Punch,냉동펀치
Slowbro,야도란,Icy Wind,얼다바람
Slowbro,야도란,Imprison,봉인
Slowbro,야도란,Iron Defense,철벽
Slowbro,야도란,Iron Tail,아이언테일
Slowbro,야도란,Light Screen,빛의장막
Slowbro,야도란,Liquidation,아쿠아브레이크
Slowbro,야도란,Mud Shot,머드숏
Slowbro,야도란,Muddy Water,탁류
Slowbro,야도란,Nasty Plot,나쁜음모
Slowbro,야도란,Protect,방어
Slowbro,야도란,Psych Up,자기암시
Slowbro,야도란,Psychic,사이코키네시스
Slowbro,야도란,Psychic Noise,사이코노이즈
Slowbro,야도란,Psychic Terrain,사이코필드
Slowbro,야도란,Psyshock,사이코쇼크
Slowbro,야도란,Rain Dance,비바라기
Slowbro,야도란,Razor Shell,셸블레이드
Slowbro,야도란,Rest,잠자기
Slowbro,야도란,Round,돌림노래
Slowbro,야도란,Safeguard,신비의부적
Slowbro,야도란,Scald,열탕
Slowbro,야도란,Shadow Ball,섀도볼
Slowbro,야도란,Skill Swap,스킬스웹
Slowbro,야도란,Slack Off,태만함
Slowbro,야도란,Sleep Talk,잠꼬대
Slowbro,야도란,Snore,코골기
Slowbro,야도란,Snowscape,설경
Slowbro,야도란,Stored Power,어시스트파워
Slowbro,야도란,Substitute,대타출동
Slowbro,야도란,Sunny Day,쾌청
Slowbro,야도란,Surf,파도타기
Slowbro,야도란,Thunder Wave,전기자석파
Slowbro,야도란,Tri Attack,트라이어택
Slowbro,야도란,Trick,트릭
Slowbro,야도란,Trick Room,트릭룸
Slowbro,야도란,Water Pulse,물의파동
Slowbro,야도란,Waterfall,폭포오르기
Slowbro,야도란,Weather Ball,웨더볼
Slowbro,야도란,Whirlpool,바다회오리
Slowbro,야도란,Wonder Room,원더룸
Slowbro,야도란,Yawn,하품
Slowbro,야도란,Zen Headbutt,사념의박치기
Slowbro-Galar,가라르 야도란,Acid Spray,애시드봄
Slowbro-Galar,가라르 야도란,Amnesia,망각술
Slowbro-Galar,가라르 야도란,Avalanche,눈사태
Slowbro-Galar,가라르 야도란,Belch,트림
Slowbro-Galar,가라르 야도란,Belly Drum,배북
Slowbro-Galar,가라르 야도란,Blizzard,눈보라
Slowbro-Galar,가라르 야도란,Block,블록
Slowbro-Galar,가라르 야도란,Body Press,바디프레스
Slowbro-Galar,가라르 야도란,Body Slam,누르기
Slowbro-Galar,가라르 야도란,Brick Break,깨트리다
Slowbro-Galar,가라르 야도란,Bulldoze,땅고르기
Slowbro-Galar,가라르 야도란,Calm Mind,명상
Slowbro-Galar,가라르 야도란,Chilling Water,찬물끼얹기
Slowbro-Galar,가라르 야도란,Curse,저주
Slowbro-Galar,가라르 야도란,Dig,구멍파기
Slowbro-Galar,가라르 야도란,Disable,사슬묶기
Slowbro-Galar,가라르 야도란,Dive,다이빙
Slowbro-Galar,가라르 야도란,Double-Edge,이판사판태클
Slowbro-Galar,가라르 야도란,Drain Punch,드레인펀치
Slowbro-Galar,가라르 야도란,Earthquake,지진
Slowbro-Galar,가라르 야도란,Endure,버티기
Slowbro-Galar,가라르 야도란,Expanding Force,와이드포스
Slowbro-Galar,가라르 야도란,Facade,객기
Slowbro-Galar,가라르 야도란,Fire Blast,불대문자
Slowbro-Galar,가라르 야도란,Flamethrower,화염방사
Slowbro-Galar,가라르 야도란,Fling,내던지기
Slowbro-Galar,가라르 야도란,Focus Blast,기합구슬
Slowbro-Galar,가라르 야도란,Foul Play,속임수
Slowbro-Galar,가라르 야도란,Future Sight,미래예지
Slowbro-Galar,가라르 야도란,Giga Impact,기가임팩트
Slowbro-Galar,가라르 야도란,Grass Knot,풀묶기
Slowbro-Galar,가라르 야도란,Gunk Shot,더스트슈트
Slowbro-Galar,가라르 야도란,Haze,흑안개
Slowbro-Galar,가라르 야도란,Heal Pulse,치유파동
Slowbro-Galar,가라르 야도란,Helping Hand,도우미
Slowbro-Galar,가라르 야도란,Hydro Pump,하이드로펌프
Slowbro-Galar,가라르 야도란,Hyper Beam,파괴광선
Slowbro-Galar,가라르 야도란,Ice Beam,냉동빔
Slowbro-Galar,가라르 야도란,Ice Fang,얼음엄니
Slowbro-Galar,가라르 야도란,Ice Punch,냉동펀치
Slowbro-Galar,가라르 야도란,Icy Wind,얼다바람
Slowbro-Galar,가라르 야도란,Imprison,봉인
Slowbro-Galar,가라르 야도란,Iron Defense,철벽
Slowbro-Galar,가라르 야도란,Iron Tail,아이언테일
Slowbro-Galar,가라르 야도란,Light Screen,빛의장막
Slowbro-Galar,가라르 야도란,Liquidation,아쿠아브레이크
Slowbro-Galar,가라르 야도란,Mud Shot,머드숏
Slowbro-Galar,가라르 야도란,Muddy Water,탁류
Slowbro-Galar,가라르 야도란,Nasty Plot,나쁜음모
Slowbro-Galar,가라르 야도란,Poison Jab,독찌르기
Slowbro-Galar,가라르 야도란,Power Gem,파워젬
Slowbro-Galar,가라르 야도란,Protect,방어
Slowbro-Galar,가라르 야도란,Psych Up,자기암시
Slowbro-Galar,가라르 야도란,Psychic,사이코키네시스
Slowbro-Galar,가라르 야도란,Psychic Terrain,사이코필드
Slowbro-Galar,가라르 야도란,Psyshock,사이코쇼크
Slowbro-Galar,가라르 야도란,Rain Dance,비바라기
Slowbro-Galar,가라르 야도란,Razor Shell,셸블레이드
Slowbro-Galar,가라르 야도란,Rest,잠자기
Slowbro-Galar,가라르 야도란,Rock Blast,락블레스트
Slowbro-Galar,가라르 야도란,Round,돌림노래
Slowbro-Galar,가라르 야도란,Safeguard,신비의부적
Slowbro-Galar,가라르 야도란,Sandstorm,모래바람
Slowbro-Galar,가라르 야도란,Scary Face,겁나는얼굴
Slowbro-Galar,가라르 야도란,Shadow Ball,섀도볼
Slowbro-Galar,가라르 야도란,Shell Side Arm,셸암즈
Slowbro-Galar,가라르 야도란,Skill Swap,스킬스웹
Slowbro-Galar,가라르 야도란,Slack Off,태만함
Slowbro-Galar,가라르 야도란,Sleep Talk,잠꼬대
Slowbro-Galar,가라르 야도란,Sludge Bomb,오물폭탄
Slowbro-Galar,가라르 야도란,Sludge Wave,오물웨이브
Slowbro-Galar,가라르 야도란,Smack Down,떨어뜨리기
Slowbro-Galar,가라르 야도란,Snore,코골기
Slowbro-Galar,가라르 야도란,Snowscape,설경
Slowbro-Galar,가라르 야도란,Stored Power,어시스트파워
Slowbro-Galar,가라르 야도란,Substitute,대타출동
Slowbro-Galar,가라르 야도란,Sunny Day,쾌청
Slowbro-Galar,가라르 야도란,Surf,파도타기
Slowbro-Galar,가라르 야도란,Thunder Wave,전기자석파
Slowbro-Galar,가라르 야도란,Toxic,맹독
Slowbro-Galar,가라르 야도란,Toxic Spikes,독압정
Slowbro-Galar,가라르 야도란,Tri Attack,트라이어택
Slowbro-Galar,가라르 야도란,Trick,트릭
Slowbro-Galar,가라르 야도란,Trick Room,트릭룸
Slowbro-Galar,가라르 야도란,Venoshock,베놈쇼크
Slowbro-Galar,가라르 야도란,Water Pulse,물의파동
Slowbro-Galar,가라르 야도란,Waterfall,폭포오르기
Slowbro-Galar,가라르 야도란,Weather Ball,웨더볼
Slowbro-Galar,가라르 야도란,Whirlpool,바다회오리
Slowbro-Galar,가라르 야도란,Wonder Room,원더룸
Slowbro-Galar,가라르 야도란,Yawn,하품
Slowbro-Galar,가라르 야도란,Zen Headbutt,사념의박치기
Farfetch'd,파오리,Acrobatics,애크러뱃
Farfetch'd,파오리,Aerial Ace,제비반환
Farfetch'd,파오리,Agility,고속이동
Farfetch'd,파오리,Air Cutter,에어컷터
Farfetch'd,파오리,Air Slash,에어슬래시
Farfetch'd,파오리,Attract,헤롱헤롱
Farfetch'd,파오리,Baton Pass,바톤터치
Farfetch'd,파오리,Body Slam,누르기
Farfetch'd,파오리,Brave Bird,브레이브버드
Farfetch'd,파오리,Brutal Swing,세차게휘두르기
Farfetch'd,파오리,Close Combat,인파이트
Farfetch'd,파오리,Covet,탐내다
Farfetch'd,파오리,Curse,저주
Farfetch'd,파오리,Dual Wingbeat,더블윙
Farfetch'd,파오리,Endure,버티기
Farfetch'd,파오리,Facade,객기
Farfetch'd,파오리,Feather Dance,깃털댄스
Farfetch'd,파오리,Feint,페인트
Farfetch'd,파오리,Final Gambit,목숨걸기
Farfetch'd,파오리,First Impression,만나자마자
Farfetch'd,파오리,Flail,바둥바둥
Farfetch'd,파오리,Fly,공중날기
Farfetch'd,파오리,Focus Energy,기충전
Farfetch'd,파오리,Heat Wave,열풍
Farfetch'd,파오리,Helping Hand,도우미
Farfetch'd,파오리,Iron Tail,아이언테일
Farfetch'd,파오리,Knock Off,탁쳐서떨구기
Farfetch'd,파오리,Leaf Blade,리프블레이드
Farfetch'd,파오리,Night Slash,깜짝베기
Farfetch'd,파오리,Poison Jab,독찌르기
Farfetch'd,파오리,Protect,방어
Farfetch'd,파오리,Quick Attack,전광석화
Farfetch'd,파오리,Rest,잠자기
Farfetch'd,파오리,Roost,날개쉬기
Farfetch'd,파오리,Round,돌림노래
Farfetch'd,파오리,Simple Beam,심플빔
Farfetch'd,파오리,Sky Attack,불새
Farfetch'd,파오리,Slash,베어가르기
Farfetch'd,파오리,Sleep Talk,잠꼬대
Farfetch'd,파오리,Snore,코골기
Farfetch'd,파오리,Solar Blade,솔라블레이드
Farfetch'd,파오리,Steel Wing,강철날개
Farfetch'd,파오리,Substitute,대타출동
Farfetch'd,파오리,Sunny Day,쾌청
Farfetch'd,파오리,Swords Dance,칼춤
Farfetch'd,파오리,Thief,도둑질
Farfetch'd,파오리,Throat Chop,지옥찌르기
Farfetch'd,파오리,Trailblaze,개척하기
Farfetch'd,파오리,U-turn,유턴
Farfetch'd,파오리,Uproar,소란피기
Gengar,팬텀,Acid Spray,애시드봄
Gengar,팬텀,Body Slam,누르기
Gengar,팬텀,Brick Break,깨트리다
Gengar,팬텀,Clear Smog,클리어스모그
Gengar,팬텀,Confuse Ray,이상한빛
Gengar,팬텀,Corrosive Gas,부식가스
Gengar,팬텀,Curse,저주
Gengar,팬텀,Dark Pulse,악의파동
Gengar,팬텀,Dazzling Gleam,매지컬샤인
Gengar,팬텀,Destiny Bond,길동무
Gengar,팬텀,Disable,사슬묶기
Gengar,팬텀,Drain Punch,드레인펀치
Gengar,팬텀,Endure,버티기
Gengar,팬텀,Energy Ball,에너지볼
Gengar,팬텀,Facade,객기
Gengar,팬텀,Fire Punch,불꽃펀치
Gengar,팬텀,Fling,내던지기
Gengar,팬텀,Focus Blast,기합구슬
Gengar,팬텀,Focus Punch,힘껏펀치
Gengar,팬텀,Foul Play,속임수
Gengar,팬텀,Giga Drain,기가드레인
Gengar,팬텀,Giga Impact,기가임팩트
Gengar,팬텀,Gunk Shot,더스트슈트
Gengar,팬텀,Haze,흑안개
Gengar,팬텀,Hex,병상첨병
Gengar,팬텀,Hyper Beam,파괴광선
Gengar,팬텀,Hypnosis,최면술
Gengar,팬텀,Ice Punch,냉동펀치
Gengar,팬텀,Icy Wind,얼다바람
Gengar,팬텀,Imprison,봉인
Gengar,팬텀,Knock Off,탁쳐서떨구기
Gengar,팬텀,Mean Look,검은눈빛
Gengar,팬텀,Nasty Plot,나쁜음모
Gengar,팬텀,Night Shade,나이트헤드
Gengar,팬텀,Pain Split,아픔나누기
Gengar,팬텀,Payback,보복
Gengar,팬텀,Perish Song,멸망의노래
Gengar,팬텀,Phantom Force,고스트다이브
Gengar,팬텀,Poison Jab,독찌르기
Gengar,팬텀,Poltergeist,폴터가이스트
Gengar,팬텀,Protect,방어
Gengar,팬텀,Psych Up,자기암시
Gengar,팬텀,Psychic,사이코키네시스
Gengar,팬텀,Psychic Noise,사이코노이즈
Gengar,팬텀,Rain Dance,비바라기
Gengar,팬텀,Reflect Type,미러타입
Gengar,팬텀,Rest,잠자기
Gengar,팬텀,Round,돌림노래
Gengar,팬텀,Scary Face,겁나는얼굴
Gengar,팬텀,Self-Destruct,자폭
Gengar,팬텀,Shadow Ball,섀도볼
Gengar,팬텀,Shadow Claw,섀도크루
Gengar,팬텀,Shadow Punch,섀도펀치
Gengar,팬텀,Skill Swap,스킬스웹
Gengar,팬텀,Skitter Smack,엄습하는일격
Gengar,팬텀,Sleep Talk,잠꼬대
Gengar,팬텀,Sludge Bomb,오물폭탄
Gengar,팬텀,Sludge Wave,오물웨이브
Gengar,팬텀,Snore,코골기
Gengar,팬텀,Spite,원한
Gengar,팬텀,Substitute,대타출동
Gengar,팬텀,Sucker Punch,기습
Gengar,팬텀,Sunny Day,쾌청
Gengar,팬텀,Taunt,도발
Gengar,팬텀,Thief,도둑질
Gengar,팬텀,Thunder,번개
Gengar,팬텀,Thunder Punch,번개펀치
Gengar,팬텀,Thunder Wave,전기자석파
Gengar,팬텀,Thunderbolt,10만볼트
Gengar,팬텀,Toxic,맹독
Gengar,팬텀,Toxic Spikes,독압정
Gengar,팬텀,Trick,트릭
Gengar,팬텀,Trick Room,트릭룸
Gengar,팬텀,Venoshock,베놈쇼크
Gengar,팬텀,Will-O-Wisp,도깨비불
Gengar,팬텀,Wonder Room,원더룸
Kangaskhan,캥카,Assurance,승부굳히기
Kangaskhan,캥카,Attract,헤롱헤롱
Kangaskhan,캥카,Avalanche,눈사태
Kangaskhan,캥카,Beat Up,집단구타
Kangaskhan,캥카,Bite,물기
Kangaskhan,캥카,Blizzard,눈보라
Kangaskhan,캥카,Body Slam,누르기
Kangaskhan,캥카,Brick Break,깨트리다
Kangaskhan,캥카,Bulldoze,땅고르기
Kangaskhan,캥카,Circle Throw,배대뒤치기
Kangaskhan,캥카,Counter,카운터
Kangaskhan,캥카,Crunch,깨물어부수기
Kangaskhan,캥카,Dig,구멍파기
Kangaskhan,캥카,Disable,사슬묶기
Kangaskhan,캥카,Double Hit,더블어택
Kangaskhan,캥카,Double-Edge,이판사판태클
Kangaskhan,캥카,Drain Punch,드레인펀치
Kangaskhan,캥카,Dynamic Punch,폭발펀치
Kangaskhan,캥카,Earthquake,지진
Kangaskhan,캥카,Endeavor,죽기살기
Kangaskhan,캥카,Endure,버티기
Kangaskhan,캥카,Facade,객기
Kangaskhan,캥카,Fake Out,속이다
Kangaskhan,캥카,Fire Blast,불대문자
Kangaskhan,캥카,Fire Punch,불꽃펀치
Kangaskhan,캥카,Flamethrower,화염방사
Kangaskhan,캥카,Fling,내던지기
Kangaskhan,캥카,Focus Blast,기합구슬
Kangaskhan,캥카,Focus Energy,기충전
Kangaskhan,캥카,Giga Impact,기가임팩트
Kangaskhan,캥카,Hammer Arm,암해머
Kangaskhan,캥카,Helping Hand,도우미
Kangaskhan,캥카,Hydro Pump,하이드로펌프
Kangaskhan,캥카,Hyper Beam,파괴광선
Kangaskhan,캥카,Ice Beam,냉동빔
Kangaskhan,캥카,Ice Punch,냉동펀치
Kangaskhan,캥카,Icy Wind,얼다바람
Kangaskhan,캥카,Iron Tail,아이언테일
Kangaskhan,캥카,Last Resort,뒀다쓰기
Kangaskhan,캥카,Low Kick,안다리걸기
Kangaskhan,캥카,Mega Kick,메가톤킥
Kangaskhan,캥카,Outrage,역린
Kangaskhan,캥카,Protect,방어
Kangaskhan,캥카,Rain Dance,비바라기
Kangaskhan,캥카,Rest,잠자기
Kangaskhan,캥카,Reversal,기사회생
Kangaskhan,캥카,Rock Slide,스톤샤워
Kangaskhan,캥카,Rock Tomb,암석봉인
Kangaskhan,캥카,Round,돌림노래
Kangaskhan,캥카,Safeguard,신비의부적
Kangaskhan,캥카,Sandstorm,모래바람
Kangaskhan,캥카,Shadow Ball,섀도볼
Kangaskhan,캥카,Shadow Claw,섀도크루
Kangaskhan,캥카,Sleep Talk,잠꼬대
Kangaskhan,캥카,Snore,코골기
Kangaskhan,캥카,Solar Beam,솔라빔
Kangaskhan,캥카,Substitute,대타출동
Kangaskhan,캥카,Sucker Punch,기습
Kangaskhan,캥카,Sunny Day,쾌청
Kangaskhan,캥카,Surf,파도타기
Kangaskhan,캥카,Terrain Pulse,대지의파동
Kangaskhan,캥카,Thief,도둑질
Kangaskhan,캥카,Thunder,번개
Kangaskhan,캥카,Thunder Punch,번개펀치
Kangaskhan,캥카,Thunderbolt,10만볼트
Kangaskhan,캥카,Uproar,소란피기
Kangaskhan,캥카,Whirlpool,바다회오리
Starmie,아쿠스타,Agility,고속이동
Starmie,아쿠스타,Ally Switch,사이드체인지
Starmie,아쿠스타,Ancient Power,원시의힘
Starmie,아쿠스타,Aqua Jet,아쿠아제트
Starmie,아쿠스타,Avalanche,눈사태
Starmie,아쿠스타,Blizzard,눈보라
Starmie,아쿠스타,Bulk Up,벌크업
Starmie,아쿠스타,Charge Beam,차지빔
Starmie,아쿠스타,Chilling Water,찬물끼얹기
Starmie,아쿠스타,Confuse Ray,이상한빛
Starmie,아쿠스타,Cosmic Power,코스믹파워
Starmie,아쿠스타,Dazzling Gleam,매지컬샤인
Starmie,아쿠스타,Dive,다이빙
Starmie,아쿠스타,Double-Edge,이판사판태클
Starmie,아쿠스타,Endure,버티기
Starmie,아쿠스타,Expanding Force,와이드포스
Starmie,아쿠스타,Facade,객기
Starmie,아쿠스타,Flash Cannon,러스터캐논
Starmie,아쿠스타,Flip Turn,퀵턴
Starmie,아쿠스타,Giga Impact,기가임팩트
Starmie,아쿠스타,Grass Knot,풀묶기
Starmie,아쿠스타,Gravity,중력
Starmie,아쿠스타,Gyro Ball,자이로볼
Starmie,아쿠스타,Hydro Pump,하이드로펌프
Starmie,아쿠스타,Hyper Beam,파괴광선
Starmie,아쿠스타,Ice Beam,냉동빔
Starmie,아쿠스타,Ice Spinner,아이스스피너
Starmie,아쿠스타,Icy Wind,얼다바람
Starmie,아쿠스타,Light Screen,빛의장막
Starmie,아쿠스타,Liquidation,아쿠아브레이크
Starmie,아쿠스타,Meteor Beam,메테오빔
Starmie,아쿠스타,Minimize,작아지기
Starmie,아쿠스타,Power Gem,파워젬
Starmie,아쿠스타,Protect,방어
Starmie,아쿠스타,Psychic,사이코키네시스
Starmie,아쿠스타,Psycho Cut,사이코커터
Starmie,아쿠스타,Psyshock,사이코쇼크
Starmie,아쿠스타,Rain Dance,비바라기
Starmie,아쿠스타,Rapid Spin,고속스핀
Starmie,아쿠스타,Recover,HP회복
Starmie,아쿠스타,Reflect,리플렉터
Starmie,아쿠스타,Rest,잠자기
Starmie,아쿠스타,Round,돌림노래
Starmie,아쿠스타,Safeguard,신비의부적
Starmie,아쿠스타,Scald,열탕
Starmie,아쿠스타,Self-Destruct,자폭
Starmie,아쿠스타,Skill Swap,스킬스웹
Starmie,아쿠스타,Sleep Talk,잠꼬대
Starmie,아쿠스타,Snore,코골기
Starmie,아쿠스타,Substitute,대타출동
Starmie,아쿠스타,Surf,파도타기
Starmie,아쿠스타,Thunder,번개
Starmie,아쿠스타,Thunder Wave,전기자석파
Starmie,아쿠스타,Thunderbolt,10만볼트
Starmie,아쿠스타,Tri Attack,트라이어택
Starmie,아쿠스타,Trick,트릭
Starmie,아쿠스타,Trick Room,트릭룸
Starmie,아쿠스타,Water Pulse,물의파동
Starmie,아쿠스타,Waterfall,폭포오르기
Starmie,아쿠스타,Whirlpool,바다회오리
Starmie,아쿠스타,Wonder Room,원더룸
Starmie,아쿠스타,Zen Headbutt,사념의박치기
Mr. Mime,마임맨,Ally Switch,사이드체인지
Mr. Mime,마임맨,Attract,헤롱헤롱
Mr. Mime,마임맨,Baton Pass,바톤터치
Mr. Mime,마임맨,Body Slam,누르기
Mr. Mime,마임맨,Brick Break,깨트리다
Mr. Mime,마임맨,Calm Mind,명상
Mr. Mime,마임맨,Charge Beam,차지빔
Mr. Mime,마임맨,Charm,애교부리기
Mr. Mime,마임맨,Confuse Ray,이상한빛
Mr. Mime,마임맨,Copycat,흉내쟁이
Mr. Mime,마임맨,Dazzling Gleam,매지컬샤인
Mr. Mime,마임맨,Drain Punch,드레인펀치
Mr. Mime,마임맨,Encore,앵콜
Mr. Mime,마임맨,Endure,버티기
Mr. Mime,마임맨,Energy Ball,에너지볼
Mr. Mime,마임맨,Expanding Force,와이드포스
Mr. Mime,마임맨,Facade,객기
Mr. Mime,마임맨,Fake Out,속이다
Mr. Mime,마임맨,Fire Punch,불꽃펀치
Mr. Mime,마임맨,Fling,내던지기
Mr. Mime,마임맨,Focus Blast,기합구슬
Mr. Mime,마임맨,Foul Play,속임수
Mr. Mime,마임맨,Future Sight,미래예지
Mr. Mime,마임맨,Giga Impact,기가임팩트
Mr. Mime,마임맨,Grass Knot,풀묶기
Mr. Mime,마임맨,Guard Swap,가드스웹
Mr. Mime,마임맨,Helping Hand,도우미
Mr. Mime,마임맨,Hyper Beam,파괴광선
Mr. Mime,마임맨,Hypnosis,최면술
Mr. Mime,마임맨,Ice Punch,냉동펀치
Mr. Mime,마임맨,Icy Wind,얼다바람
Mr. Mime,마임맨,Iron Defense,철벽
Mr. Mime,마임맨,Light Screen,빛의장막
Mr. Mime,마임맨,Magic Room,매직룸
Mr. Mime,마임맨,Mega Kick,메가톤킥
Mr. Mime,마임맨,Misty Terrain,미스트필드
Mr. Mime,마임맨,Mystical Fire,매지컬플레임
Mr. Mime,마임맨,Nasty Plot,나쁜음모
Mr. Mime,마임맨,Payback,보복
Mr. Mime,마임맨,Power Split,파워셰어
Mr. Mime,마임맨,Power Swap,파워스웹
Mr. Mime,마임맨,Protect,방어
Mr. Mime,마임맨,Psychic,사이코키네시스
Mr. Mime,마임맨,Psychic Terrain,사이코필드
Mr. Mime,마임맨,Psyshock,사이코쇼크
Mr. Mime,마임맨,Quick Guard,퍼스트가드
Mr. Mime,마임맨,Rain Dance,비바라기
Mr. Mime,마임맨,Recycle,리사이클
Mr. Mime,마임맨,Reflect,리플렉터
Mr. Mime,마임맨,Rest,잠자기
Mr. Mime,마임맨,Role Play,역할
Mr. Mime,마임맨,Round,돌림노래
Mr. Mime,마임맨,Safeguard,신비의부적
Mr. Mime,마임맨,Shadow Ball,섀도볼
Mr. Mime,마임맨,Skill Swap,스킬스웹
Mr. Mime,마임맨,Sleep Talk,잠꼬대
Mr. Mime,마임맨,Snore,코골기
Mr. Mime,마임맨,Solar Beam,솔라빔
Mr. Mime,마임맨,Stored Power,어시스트파워
Mr. Mime,마임맨,Substitute,대타출동
Mr. Mime,마임맨,Sucker Punch,기습
Mr. Mime,마임맨,Sunny Day,쾌청
Mr. Mime,마임맨,Taunt,도발
Mr. Mime,마임맨,Teeter Dance,흔들흔들댄스
Mr. Mime,마임맨,Thief,도둑질
Mr. Mime,마임맨,Thunder,번개
Mr. Mime,마임맨,Thunder Punch,번개펀치
Mr. Mime,마임맨,Thunder Wave,전기자석파
Mr. Mime,마임맨,Thunderbolt,10만볼트
Mr. Mime,마임맨,Tickle,간지르기
Mr. Mime,마임맨,Torment,트집
Mr. Mime,마임맨,Trick,트릭
Mr. Mime,마임맨,Trick Room,트릭룸
Mr. Mime,마임맨,Uproar,소란피기
Mr. Mime,마임맨,Wide Guard,와이드가드
Mr. Mime,마임맨,Wonder Room,원더룸
Mr. Mime,마임맨,Zen Headbutt,사념의박치기
Pinsir,쁘사이저,Aerial Ace,제비반환
Pinsir,쁘사이저,Attract,헤롱헤롱
Pinsir,쁘사이저,Bind,조이기
Pinsir,쁘사이저,Body Slam,누르기
Pinsir,쁘사이저,Brick Break,깨트리다
Pinsir,쁘사이저,Brutal Swing,세차게휘두르기
Pinsir,쁘사이저,Bug Bite,벌레먹음
Pinsir,쁘사이저,Bulk Up,벌크업
Pinsir,쁘사이저,Bulldoze,땅고르기
Pinsir,쁘사이저,Circle Throw,배대뒤치기
Pinsir,쁘사이저,Close Combat,인파이트
Pinsir,쁘사이저,Detect,판별
Pinsir,쁘사이저,Dig,구멍파기
Pinsir,쁘사이저,Double Hit,더블어택
Pinsir,쁘사이저,Earthquake,지진
Pinsir,쁘사이저,Endure,버티기
Pinsir,쁘사이저,Facade,객기
Pinsir,쁘사이저,Feint,페인트
Pinsir,쁘사이저,Flail,바둥바둥
Pinsir,쁘사이저,Fling,내던지기
Pinsir,쁘사이저,Focus Blast,기합구슬
Pinsir,쁘사이저,Focus Energy,기충전
Pinsir,쁘사이저,Giga Impact,기가임팩트
Pinsir,쁘사이저,Guillotine,가위자르기
Pinsir,쁘사이저,Hard Press,하드프레스
Pinsir,쁘사이저,Helping Hand,도우미
Pinsir,쁘사이저,High Horsepower,10만마력
Pinsir,쁘사이저,Hyper Beam,파괴광선
Pinsir,쁘사이저,Iron Defense,철벽
Pinsir,쁘사이저,Lunge,덤벼들기
Pinsir,쁘사이저,Pounce,달려들기
Pinsir,쁘사이저,Protect,방어
Pinsir,쁘사이저,Quick Attack,전광석화
Pinsir,쁘사이저,Rain Dance,비바라기
Pinsir,쁘사이저,Rest,잠자기
Pinsir,쁘사이저,Reversal,기사회생
Pinsir,쁘사이저,Rock Slide,스톤샤워
Pinsir,쁘사이저,Rock Tomb,암석봉인
Pinsir,쁘사이저,Round,돌림노래
Pinsir,쁘사이저,Seismic Toss,지구던지기
Pinsir,쁘사이저,Slash,베어가르기
Pinsir,쁘사이저,Sleep Talk,잠꼬대
Pinsir,쁘사이저,Snore,코골기
Pinsir,쁘사이저,Stealth Rock,스텔스록
Pinsir,쁘사이저,Stone Edge,스톤에지
Pinsir,쁘사이저,Storm Throw,업어후리기
Pinsir,쁘사이저,Substitute,대타출동
Pinsir,쁘사이저,Sunny Day,쾌청
Pinsir,쁘사이저,Superpower,엄청난힘
Pinsir,쁘사이저,Swords Dance,칼춤
Pinsir,쁘사이저,Thief,도둑질
Pinsir,쁘사이저,Thrash,난동부리기
Pinsir,쁘사이저,Throat Chop,지옥찌르기
Pinsir,쁘사이저,X-Scissor,시저크로스
Tauros,켄타로스,Assurance,승부굳히기
Tauros,켄타로스,Blizzard,눈보라
Tauros,켄타로스,Body Slam,누르기
Tauros,켄타로스,Bulldoze,땅고르기
Tauros,켄타로스,Close Combat,인파이트
Tauros,켄타로스,Curse,저주
Tauros,켄타로스,Dig,구멍파기
Tauros,켄타로스,Double-Edge,이판사판태클
Tauros,켄타로스,Earthquake,지진
Tauros,켄타로스,Endeavor,죽기살기
Tauros,켄타로스,Endure,버티기
Tauros,켄타로스,Facade,객기
Tauros,켄타로스,Fire Blast,불대문자
Tauros,켄타로스,Flamethrower,화염방사
Tauros,켄타로스,Giga Impact,기가임팩트
Tauros,켄타로스,Helping Hand,도우미
Tauros,켄타로스,High Horsepower,10만마력
Tauros,켄타로스,Hyper Beam,파괴광선
Tauros,켄타로스,Ice Beam,냉동빔
Tauros,켄타로스,Icy Wind,얼다바람
Tauros,켄타로스,Iron Head,아이언헤드
Tauros,켄타로스,Iron Tail,아이언테일
Tauros,켄타로스,Lash Out,분풀이
Tauros,켄타로스,Megahorn,메가폰
Tauros,켄타로스,Outrage,역린
Tauros,켄타로스,Payback,보복
Tauros,켄타로스,Protect,방어
Tauros,켄타로스,Raging Bull,레이징불
Tauros,켄타로스,Rain Dance,비바라기
Tauros,켄타로스,Rest,잠자기
Tauros,켄타로스,Reversal,기사회생
Tauros,켄타로스,Rock Slide,스톤샤워
Tauros,켄타로스,Rock Tomb,암석봉인
Tauros,켄타로스,Round,돌림노래
Tauros,켄타로스,Sandstorm,모래바람
Tauros,켄타로스,Scary Face,겁나는얼굴
Tauros,켄타로스,Shadow Ball,섀도볼
Tauros,켄타로스,Sleep Talk,잠꼬대
Tauros,켄타로스,Smart Strike,스마트호른
Tauros,켄타로스,Snore,코골기
Tauros,켄타로스,Solar Beam,솔라빔
Tauros,켄타로스,Stomping Tantrum,분함의발구르기
Tauros,켄타로스,Stone Edge,스톤에지
Tauros,켄타로스,Substitute,대타출동
Tauros,켄타로스,Sunny Day,쾌청
Tauros,켄타로스,Surf,파도타기
Tauros,켄타로스,Swagger,뽐내기
Tauros,켄타로스,Thief,도둑질
Tauros,켄타로스,Thrash,난동부리기
Tauros,켄타로스,Throat Chop,지옥찌르기
Tauros,켄타로스,Thunder,번개
Tauros,켄타로스,Thunderbolt,10만볼트
Tauros,켄타로스,Trailblaze,개척하기
Tauros,켄타로스,Uproar,소란피기
Tauros,켄타로스,Whirlpool,바다회오리
Tauros,켄타로스,Wild Charge,와일드볼트
Tauros,켄타로스,Zen Headbutt,사념의박치기
Tauros-Paldea-Combat,팔데아 켄타로스 (컴뱃종),Assurance,승부굳히기
Tauros-Paldea-Combat,팔데아 켄타로스 (컴뱃종),Body Press,바디프레스
Tauros-Paldea-Combat,팔데아 켄타로스 (컴뱃종),Body Slam,누르기
Tauros-Paldea-Combat,팔데아 켄타로스 (컴뱃종),Bulk Up,벌크업
Tauros-Paldea-Combat,팔데아 켄타로스 (컴뱃종),Bulldoze,땅고르기
Tauros-Paldea-Combat,팔데아 켄타로스 (컴뱃종),Close Combat,인파이트
Tauros-Paldea-Combat,팔데아 켄타로스 (컴뱃종),Curse,저주
Tauros-Paldea-Combat,팔데아 켄타로스 (컴뱃종),Dig,구멍파기
Tauros-Paldea-Combat,팔데아 켄타로스 (컴뱃종),Double-Edge,이판사판태클
Tauros-Paldea-Combat,팔데아 켄타로스 (컴뱃종),Drill Run,드릴라이너
Tauros-Paldea-Combat,팔데아 켄타로스 (컴뱃종),Earthquake,지진
Tauros-Paldea-Combat,팔데아 켄타로스 (컴뱃종),Endeavor,죽기살기
Tauros-Paldea-Combat,팔데아 켄타로스 (컴뱃종),Endure,버티기
Tauros-Paldea-Combat,팔데아 켄타로스 (컴뱃종),Facade,객기
Tauros-Paldea-Combat,팔데아 켄타로스 (컴뱃종),Giga Impact,기가임팩트
Tauros-Paldea-Combat,팔데아 켄타로스 (컴뱃종),High Horsepower,10만마력
Tauros-Paldea-Combat,팔데아 켄타로스 (컴뱃종),Hyper Beam,파괴광선
Tauros-Paldea-Combat,팔데아 켄타로스 (컴뱃종),Iron Head,아이언헤드
Tauros-Paldea-Combat,팔데아 켄타로스 (컴뱃종),Iron Tail,아이언테일
Tauros-Paldea-Combat,팔데아 켄타로스 (컴뱃종),Lash Out,분풀이
Tauros-Paldea-Combat,팔데아 켄타로스 (컴뱃종),Megahorn,메가폰
Tauros-Paldea-Combat,팔데아 켄타로스 (컴뱃종),Outrage,역린
Tauros-Paldea-Combat,팔데아 켄타로스 (컴뱃종),Protect,방어
Tauros-Paldea-Combat,팔데아 켄타로스 (컴뱃종),Raging Bull,레이징불
Tauros-Paldea-Combat,팔데아 켄타로스 (컴뱃종),Rain Dance,비바라기
Tauros-Paldea-Combat,팔데아 켄타로스 (컴뱃종),Rest,잠자기
Tauros-Paldea-Combat,팔데아 켄타로스 (컴뱃종),Reversal,기사회생
Tauros-Paldea-Combat,팔데아 켄타로스 (컴뱃종),Rock Slide,스톤샤워
Tauros-Paldea-Combat,팔데아 켄타로스 (컴뱃종),Rock Tomb,암석봉인
Tauros-Paldea-Combat,팔데아 켄타로스 (컴뱃종),Round,돌림노래
Tauros-Paldea-Combat,팔데아 켄타로스 (컴뱃종),Sandstorm,모래바람
Tauros-Paldea-Combat,팔데아 켄타로스 (컴뱃종),Scary Face,겁나는얼굴
Tauros-Paldea-Combat,팔데아 켄타로스 (컴뱃종),Sleep Talk,잠꼬대
Tauros-Paldea-Combat,팔데아 켄타로스 (컴뱃종),Smart Strike,스마트호른
Tauros-Paldea-Combat,팔데아 켄타로스 (컴뱃종),Snore,코골기
Tauros-Paldea-Combat,팔데아 켄타로스 (컴뱃종),Stomping Tantrum,분함의발구르기
Tauros-Paldea-Combat,팔데아 켄타로스 (컴뱃종),Stone Edge,스톤에지
Tauros-Paldea-Combat,팔데아 켄타로스 (컴뱃종),Substitute,대타출동
Tauros-Paldea-Combat,팔데아 켄타로스 (컴뱃종),Sunny Day,쾌청
Tauros-Paldea-Combat,팔데아 켄타로스 (컴뱃종),Surf,파도타기
Tauros-Paldea-Combat,팔데아 켄타로스 (컴뱃종),Swagger,뽐내기
Tauros-Paldea-Combat,팔데아 켄타로스 (컴뱃종),Thief,도둑질
Tauros-Paldea-Combat,팔데아 켄타로스 (컴뱃종),Thrash,난동부리기
Tauros-Paldea-Combat,팔데아 켄타로스 (컴뱃종),Throat Chop,지옥찌르기
Tauros-Paldea-Combat,팔데아 켄타로스 (컴뱃종),Trailblaze,개척하기
Tauros-Paldea-Combat,팔데아 켄타로스 (컴뱃종),Uproar,소란피기
Tauros-Paldea-Combat,팔데아 켄타로스 (컴뱃종),Wild Charge,와일드볼트
Tauros-Paldea-Combat,팔데아 켄타로스 (컴뱃종),Zen Headbutt,사념의박치기
Gyarados,갸라도스,Aqua Tail,아쿠아테일
Gyarados,갸라도스,Avalanche,눈사태
Gyarados,갸라도스,Bite,물기
Gyarados,갸라도스,Blizzard,눈보라
Gyarados,갸라도스,Body Slam,누르기
Gyarados,갸라도스,Bounce,뛰어오르다
Gyarados,갸라도스,Brutal Swing,세차게휘두르기
Gyarados,갸라도스,Bulldoze,땅고르기
Gyarados,갸라도스,Chilling Water,찬물끼얹기
Gyarados,갸라도스,Crunch,깨물어부수기
Gyarados,갸라도스,Dark Pulse,악의파동
Gyarados,갸라도스,Dive,다이빙
Gyarados,갸라도스,Double-Edge,이판사판태클
Gyarados,갸라도스,Dragon Cheer,드래곤옐
Gyarados,갸라도스,Dragon Dance,용의춤
Gyarados,갸라도스,Dragon Pulse,용의파동
Gyarados,갸라도스,Dragon Rush,드래곤다이브
Gyarados,갸라도스,Dragon Tail,드래곤테일
Gyarados,갸라도스,Earthquake,지진
Gyarados,갸라도스,Endeavor,죽기살기
Gyarados,갸라도스,Endure,버티기
Gyarados,갸라도스,Facade,객기
Gyarados,갸라도스,Fire Blast,불대문자
Gyarados,갸라도스,Flail,바둥바둥
Gyarados,갸라도스,Flamethrower,화염방사
Gyarados,갸라도스,Giga Impact,기가임팩트
Gyarados,갸라도스,Helping Hand,도우미
Gyarados,갸라도스,Hurricane,폭풍
Gyarados,갸라도스,Hydro Pump,하이드로펌프
Gyarados,갸라도스,Hyper Beam,파괴광선
Gyarados,갸라도스,Ice Beam,냉동빔
Gyarados,갸라도스,Ice Fang,얼음엄니
Gyarados,갸라도스,Icy Wind,얼다바람
Gyarados,갸라도스,Iron Head,아이언헤드
Gyarados,갸라도스,Iron Tail,아이언테일
Gyarados,갸라도스,Lash Out,분풀이
Gyarados,갸라도스,Muddy Water,탁류
Gyarados,갸라도스,Outrage,역린
Gyarados,갸라도스,Payback,보복
Gyarados,갸라도스,Power Whip,파워휩
Gyarados,갸라도스,Protect,방어
Gyarados,갸라도스,Rain Dance,비바라기
Gyarados,갸라도스,Rest,잠자기
Gyarados,갸라도스,Roar,울부짖기
Gyarados,갸라도스,Round,돌림노래
Gyarados,갸라도스,Sandstorm,모래바람
Gyarados,갸라도스,Scald,열탕
Gyarados,갸라도스,Scale Shot,스케일샷
Gyarados,갸라도스,Scary Face,겁나는얼굴
Gyarados,갸라도스,Sleep Talk,잠꼬대
Gyarados,갸라도스,Snore,코골기
Gyarados,갸라도스,Spite,원한
Gyarados,갸라도스,Stone Edge,스톤에지
Gyarados,갸라도스,Substitute,대타출동
Gyarados,갸라도스,Sunny Day,쾌청
Gyarados,갸라도스,Surf,파도타기
Gyarados,갸라도스,Swagger,뽐내기
Gyarados,갸라도스,Taunt,도발
Gyarados,갸라도스,Temper Flare,열불내기
Gyarados,갸라도스,Thrash,난동부리기
Gyarados,갸라도스,Thunder,번개
Gyarados,갸라도스,Thunder Wave,전기자석파
Gyarados,갸라도스,Thunderbolt,10만볼트
Gyarados,갸라도스,Uproar,소란피기
Gyarados,갸라도스,Water Pulse,물의파동
Gyarados,갸라도스,Waterfall,폭포오르기
Gyarados,갸라도스,Whirlpool,바다회오리
Ditto,메타몽,Transform,변신
Vaporeon,샤미드,Acid Armor,녹기
Vaporeon,샤미드,Alluring Voice,매혹의보이스
Vaporeon,샤미드,Aqua Ring,아쿠아링
Vaporeon,샤미드,Baby-Doll Eyes,초롱초롱눈동자
Vaporeon,샤미드,Baton Pass,바톤터치
Vaporeon,샤미드,Bite,물기
Vaporeon,샤미드,Blizzard,눈보라
Vaporeon,샤미드,Body Slam,누르기
Vaporeon,샤미드,Calm Mind,명상
Vaporeon,샤미드,Charm,애교부리기
Vaporeon,샤미드,Chilling Water,찬물끼얹기
Vaporeon,샤미드,Copycat,흉내쟁이
Vaporeon,샤미드,Covet,탐내다
Vaporeon,샤미드,Curse,저주
Vaporeon,샤미드,Detect,판별
Vaporeon,샤미드,Dig,구멍파기
Vaporeon,샤미드,Dive,다이빙
Vaporeon,샤미드,Double-Edge,이판사판태클
Vaporeon,샤미드,Endure,버티기
Vaporeon,샤미드,Facade,객기
Vaporeon,샤미드,Fake Tears,거짓울음
Vaporeon,샤미드,Flail,바둥바둥
Vaporeon,샤미드,Flip Turn,퀵턴
Vaporeon,샤미드,Focus Energy,기충전
Vaporeon,샤미드,Giga Impact,기가임팩트
Vaporeon,샤미드,Haze,흑안개
Vaporeon,샤미드,Helping Hand,도우미
Vaporeon,샤미드,Hydro Pump,하이드로펌프
Vaporeon,샤미드,Hyper Beam,파괴광선
Vaporeon,샤미드,Hyper Voice,하이퍼보이스
Vaporeon,샤미드,Ice Beam,냉동빔
Vaporeon,샤미드,Icy Wind,얼다바람
Vaporeon,샤미드,Iron Tail,아이언테일
Vaporeon,샤미드,Last Resort,뒀다쓰기
Vaporeon,샤미드,Liquidation,아쿠아브레이크
Vaporeon,샤미드,Mud-Slap,진흙뿌리기
Vaporeon,샤미드,Muddy Water,탁류
Vaporeon,샤미드,Protect,방어
Vaporeon,샤미드,Quick Attack,전광석화
Vaporeon,샤미드,Rain Dance,비바라기
Vaporeon,샤미드,Rest,잠자기
Vaporeon,샤미드,Roar,울부짖기
Vaporeon,샤미드,Round,돌림노래
Vaporeon,샤미드,Scald,열탕
Vaporeon,샤미드,Shadow Ball,섀도볼
Vaporeon,샤미드,Sleep Talk,잠꼬대
Vaporeon,샤미드,Snore,코골기
Vaporeon,샤미드,Stored Power,어시스트파워
Vaporeon,샤미드,Substitute,대타출동
Vaporeon,샤미드,Sunny Day,쾌청
Vaporeon,샤미드,Surf,파도타기
Vaporeon,샤미드,Tickle,간지르기
Vaporeon,샤미드,Trailblaze,개척하기
Vaporeon,샤미드,Water Pulse,물의파동
Vaporeon,샤미드,Waterfall,폭포오르기
Vaporeon,샤미드,Weather Ball,웨더볼
Vaporeon,샤미드,Whirlpool,바다회오리
Vaporeon,샤미드,Wish,희망사항
Vaporeon,샤미드,Yawn,하품
Jolteon,쥬피썬더,Agility,고속이동
Jolteon,쥬피썬더,Alluring Voice,매혹의보이스
Jolteon,쥬피썬더,Baby-Doll Eyes,초롱초롱눈동자
Jolteon,쥬피썬더,Baton Pass,바톤터치
Jolteon,쥬피썬더,Bite,물기
Jolteon,쥬피썬더,Body Slam,누르기
Jolteon,쥬피썬더,Calm Mind,명상
Jolteon,쥬피썬더,Charge,충전
Jolteon,쥬피썬더,Charge Beam,차지빔
Jolteon,쥬피썬더,Charm,애교부리기
Jolteon,쥬피썬더,Copycat,흉내쟁이
Jolteon,쥬피썬더,Covet,탐내다
Jolteon,쥬피썬더,Curse,저주
Jolteon,쥬피썬더,Detect,판별
Jolteon,쥬피썬더,Dig,구멍파기
Jolteon,쥬피썬더,Discharge,방전
Jolteon,쥬피썬더,Double-Edge,이판사판태클
Jolteon,쥬피썬더,Eerie Impulse,괴전파
Jolteon,쥬피썬더,Electric Terrain,일렉트릭필드
Jolteon,쥬피썬더,Electro Ball,일렉트릭볼
Jolteon,쥬피썬더,Electroweb,일렉트릭네트
Jolteon,쥬피썬더,Endure,버티기
Jolteon,쥬피썬더,Facade,객기
Jolteon,쥬피썬더,Fake Tears,거짓울음
Jolteon,쥬피썬더,Flail,바둥바둥
Jolteon,쥬피썬더,Focus Energy,기충전
Jolteon,쥬피썬더,Giga Impact,기가임팩트
Jolteon,쥬피썬더,Helping Hand,도우미
Jolteon,쥬피썬더,Hyper Beam,파괴광선
Jolteon,쥬피썬더,Hyper Voice,하이퍼보이스
Jolteon,쥬피썬더,Last Resort,뒀다쓰기
Jolteon,쥬피썬더,Light Screen,빛의장막
Jolteon,쥬피썬더,Metal Sound,금속음
Jolteon,쥬피썬더,Mud-Slap,진흙뿌리기
Jolteon,쥬피썬더,Pin Missile,바늘미사일
Jolteon,쥬피썬더,Protect,방어
Jolteon,쥬피썬더,Quick Attack,전광석화
Jolteon,쥬피썬더,Rain Dance,비바라기
Jolteon,쥬피썬더,Rest,잠자기
Jolteon,쥬피썬더,Rising Voltage,라이징볼트
Jolteon,쥬피썬더,Roar,울부짖기
Jolteon,쥬피썬더,Round,돌림노래
Jolteon,쥬피썬더,Shadow Ball,섀도볼
Jolteon,쥬피썬더,Sleep Talk,잠꼬대
Jolteon,쥬피썬더,Snore,코골기
Jolteon,쥬피썬더,Stored Power,어시스트파워
Jolteon,쥬피썬더,Substitute,대타출동
Jolteon,쥬피썬더,Sunny Day,쾌청
Jolteon,쥬피썬더,Thunder,번개
Jolteon,쥬피썬더,Thunder Fang,번개엄니
Jolteon,쥬피썬더,Thunder Wave,전기자석파
Jolteon,쥬피썬더,Thunderbolt,10만볼트
Jolteon,쥬피썬더,Tickle,간지르기
Jolteon,쥬피썬더,Trailblaze,개척하기
Jolteon,쥬피썬더,Volt Switch,볼트체인지
Jolteon,쥬피썬더,Weather Ball,웨더볼
Jolteon,쥬피썬더,Wild Charge,와일드볼트
Jolteon,쥬피썬더,Wish,희망사항
Jolteon,쥬피썬더,Yawn,하품
Flareon,부스터,Alluring Voice,매혹의보이스
Flareon,부스터,Baby-Doll Eyes,초롱초롱눈동자
Flareon,부스터,Baton Pass,바톤터치
Flareon,부스터,Bite,물기
Flareon,부스터,Body Slam,누르기
Flareon,부스터,Burning Jealousy,질투의불꽃
Flareon,부스터,Calm Mind,명상
Flareon,부스터,Charm,애교부리기
Flareon,부스터,Copycat,흉내쟁이
Flareon,부스터,Covet,탐내다
Flareon,부스터,Curse,저주
Flareon,부스터,Detect,판별
Flareon,부스터,Dig,구멍파기
Flareon,부스터,Double-Edge,이판사판태클
Flareon,부스터,Endeavor,죽기살기
Flareon,부스터,Endure,버티기
Flareon,부스터,Facade,객기
Flareon,부스터,Fake Tears,거짓울음
Flareon,부스터,Fire Blast,불대문자
Flareon,부스터,Fire Fang,불꽃엄니
Flareon,부스터,Fire Spin,회오리불꽃
Flareon,부스터,Flail,바둥바둥
Flareon,부스터,Flame Charge,니트로차지
Flareon,부스터,Flamethrower,화염방사
Flareon,부스터,Flare Blitz,플레어드라이브
Flareon,부스터,Focus Energy,기충전
Flareon,부스터,Giga Impact,기가임팩트
Flareon,부스터,Heat Wave,열풍
Flareon,부스터,Helping Hand,도우미
Flareon,부스터,Hyper Beam,파괴광선
Flareon,부스터,Hyper Voice,하이퍼보이스
Flareon,부스터,Last Resort,뒀다쓰기
Flareon,부스터,Lava Plume,분연
Flareon,부스터,Mud-Slap,진흙뿌리기
Flareon,부스터,Overheat,오버히트
Flareon,부스터,Protect,방어
Flareon,부스터,Quick Attack,전광석화
Flareon,부스터,Rain Dance,비바라기
Flareon,부스터,Rest,잠자기
Flareon,부스터,Roar,울부짖기
Flareon,부스터,Round,돌림노래
Flareon,부스터,Scary Face,겁나는얼굴
Flareon,부스터,Scorching Sands,열사의대지
Flareon,부스터,Shadow Ball,섀도볼
Flareon,부스터,Sleep Talk,잠꼬대
Flareon,부스터,Snore,코골기
Flareon,부스터,Stored Power,어시스트파워
Flareon,부스터,Substitute,대타출동
Flareon,부스터,Sunny Day,쾌청
Flareon,부스터,Superpower,엄청난힘
Flareon,부스터,Temper Flare,열불내기
Flareon,부스터,Tickle,간지르기
Flareon,부스터,Trailblaze,개척하기
Flareon,부스터,Weather Ball,웨더볼
Flareon,부스터,Will-O-Wisp,도깨비불
Flareon,부스터,Wish,희망사항
Flareon,부스터,Yawn,하품
Aerodactyl,프테라,Aerial Ace,제비반환
Aerodactyl,프테라,Agility,고속이동
Aerodactyl,프테라,Ancient Power,원시의힘
Aerodactyl,프테라,Assurance,승부굳히기
Aerodactyl,프테라,Attract,헤롱헤롱
Aerodactyl,프테라,Bite,물기
Aerodactyl,프테라,Brutal Swing,세차게휘두르기
Aerodactyl,프테라,Bulldoze,땅고르기
Aerodactyl,프테라,Crunch,깨물어부수기
Aerodactyl,프테라,Curse,저주
Aerodactyl,프테라,Dragon Claw,드래곤크루
Aerodactyl,프테라,Dragon Dance,용의춤
Aerodactyl,프테라,Dragon Pulse,용의파동
Aerodactyl,프테라,Dual Wingbeat,더블윙
Aerodactyl,프테라,Earth Power,대지의힘
Aerodactyl,프테라,Earthquake,지진
Aerodactyl,프테라,Endure,버티기
Aerodactyl,프테라,Facade,객기
Aerodactyl,프테라,Fire Blast,불대문자
Aerodactyl,프테라,Fire Fang,불꽃엄니
Aerodactyl,프테라,Flamethrower,화염방사
Aerodactyl,프테라,Fly,공중날기
Aerodactyl,프테라,Giga Impact,기가임팩트
Aerodactyl,프테라,Heat Wave,열풍
Aerodactyl,프테라,Hurricane,폭풍
Aerodactyl,프테라,Hyper Beam,파괴광선
Aerodactyl,프테라,Ice Fang,얼음엄니
Aerodactyl,프테라,Iron Head,아이언헤드
Aerodactyl,프테라,Iron Tail,아이언테일
Aerodactyl,프테라,Meteor Beam,메테오빔
Aerodactyl,프테라,Payback,보복
Aerodactyl,프테라,Protect,방어
Aerodactyl,프테라,Psychic Fangs,사이코팽
Aerodactyl,프테라,Rain Dance,비바라기
Aerodactyl,프테라,Rest,잠자기
Aerodactyl,프테라,Roar,울부짖기
Aerodactyl,프테라,Rock Blast,락블레스트
Aerodactyl,프테라,Rock Slide,스톤샤워
Aerodactyl,프테라,Rock Tomb,암석봉인
Aerodactyl,프테라,Roost,날개쉬기
Aerodactyl,프테라,Round,돌림노래
Aerodactyl,프테라,Sandstorm,모래바람
Aerodactyl,프테라,Scary Face,겁나는얼굴
Aerodactyl,프테라,Sky Attack,불새
Aerodactyl,프테라,Sleep Talk,잠꼬대
Aerodactyl,프테라,Snore,코골기
Aerodactyl,프테라,Stealth Rock,스텔스록
Aerodactyl,프테라,Steel Wing,강철날개
Aerodactyl,프테라,Stone Edge,스톤에지
Aerodactyl,프테라,Substitute,대타출동
Aerodactyl,프테라,Sunny Day,쾌청
Aerodactyl,프테라,Swagger,뽐내기
Aerodactyl,프테라,Tailwind,순풍
Aerodactyl,프테라,Taunt,도발
Aerodactyl,프테라,Thief,도둑질
Aerodactyl,프테라,Thunder Fang,번개엄니
Aerodactyl,프테라,Whirlwind,날려버리기
Aerodactyl,프테라,Wide Guard,와이드가드
Snorlax,잠만보,Amnesia,망각술
Snorlax,잠만보,Attract,헤롱헤롱
Snorlax,잠만보,Belch,트림
Snorlax,잠만보,Belly Drum,배북
Snorlax,잠만보,Bite,물기
Snorlax,잠만보,Blizzard,눈보라
Snorlax,잠만보,Block,블록
Snorlax,잠만보,Body Press,바디프레스
Snorlax,잠만보,Body Slam,누르기
Snorlax,잠만보,Brick Break,깨트리다
Snorlax,잠만보,Bulldoze,땅고르기
Snorlax,잠만보,Charm,애교부리기
Snorlax,잠만보,Chilling Water,찬물끼얹기
Snorlax,잠만보,Counter,카운터
Snorlax,잠만보,Covet,탐내다
Snorlax,잠만보,Crunch,깨물어부수기
Snorlax,잠만보,Curse,저주
Snorlax,잠만보,Dig,구멍파기
Snorlax,잠만보,Double-Edge,이판사판태클
Snorlax,잠만보,Earthquake,지진
Snorlax,잠만보,Encore,앵콜
Snorlax,잠만보,Endure,버티기
Snorlax,잠만보,Facade,객기
Snorlax,잠만보,Fire Blast,불대문자
Snorlax,잠만보,Fire Punch,불꽃펀치
Snorlax,잠만보,Fissure,땅가르기
Snorlax,잠만보,Flail,바둥바둥
Snorlax,잠만보,Flamethrower,화염방사
Snorlax,잠만보,Fling,내던지기
Snorlax,잠만보,Focus Blast,기합구슬
Snorlax,잠만보,Focus Punch,힘껏펀치
Snorlax,잠만보,Gastro Acid,위액
Snorlax,잠만보,Giga Impact,기가임팩트
Snorlax,잠만보,Gunk Shot,더스트슈트
Snorlax,잠만보,Hammer Arm,암해머
Snorlax,잠만보,Hard Press,하드프레스
Snorlax,잠만보,Heat Crash,히트스탬프
Snorlax,잠만보,Heavy Slam,헤비봄버
Snorlax,잠만보,Helping Hand,도우미
Snorlax,잠만보,High Horsepower,10만마력
Snorlax,잠만보,Hydro Pump,하이드로펌프
Snorlax,잠만보,Hyper Beam,파괴광선
Snorlax,잠만보,Hyper Voice,하이퍼보이스
Snorlax,잠만보,Ice Beam,냉동빔
Snorlax,잠만보,Ice Punch,냉동펀치
Snorlax,잠만보,Icy Wind,얼다바람
Snorlax,잠만보,Iron Head,아이언헤드
Snorlax,잠만보,Last Resort,뒀다쓰기
Snorlax,잠만보,Mud-Slap,진흙뿌리기
Snorlax,잠만보,Outrage,역린
Snorlax,잠만보,Protect,방어
Snorlax,잠만보,Rain Dance,비바라기
Snorlax,잠만보,Recycle,리사이클
Snorlax,잠만보,Rest,잠자기
Snorlax,잠만보,Rock Slide,스톤샤워
Snorlax,잠만보,Rock Tomb,암석봉인
Snorlax,잠만보,Round,돌림노래
Snorlax,잠만보,Sandstorm,모래바람
Snorlax,잠만보,Screech,싫은소리
Snorlax,잠만보,Seed Bomb,씨폭탄
Snorlax,잠만보,Self-Destruct,자폭
Snorlax,잠만보,Shadow Ball,섀도볼
Snorlax,잠만보,Sleep Talk,잠꼬대
Snorlax,잠만보,Smack Down,떨어뜨리기
Snorlax,잠만보,Snore,코골기
Snorlax,잠만보,Solar Beam,솔라빔
Snorlax,잠만보,Stockpile,비축하기
Snorlax,잠만보,Stomping Tantrum,분함의발구르기
Snorlax,잠만보,Substitute,대타출동
Snorlax,잠만보,Sunny Day,쾌청
Snorlax,잠만보,Supercell Slam,썬더다이브
Snorlax,잠만보,Superpower,엄청난힘
Snorlax,잠만보,Surf,파도타기
Snorlax,잠만보,Swallow,꿀꺽
Snorlax,잠만보,Terrain Pulse,대지의파동
Snorlax,잠만보,Thunder,번개
Snorlax,잠만보,Thunder Punch,번개펀치
Snorlax,잠만보,Thunderbolt,10만볼트
Snorlax,잠만보,Trailblaze,개척하기
Snorlax,잠만보,Uproar,소란피기
Snorlax,잠만보,Wild Charge,와일드볼트
Snorlax,잠만보,Yawn,하품
Snorlax,잠만보,Zen Headbutt,사념의박치기
Dragonite,망나뇽,Aerial Ace,제비반환
Dragonite,망나뇽,Agility,고속이동
Dragonite,망나뇽,Air Cutter,에어컷터
Dragonite,망나뇽,Air Slash,에어슬래시
Dragonite,망나뇽,Aqua Jet,아쿠아제트
Dragonite,망나뇽,Aqua Tail,아쿠아테일
Dragonite,망나뇽,Blizzard,눈보라
Dragonite,망나뇽,Body Press,바디프레스
Dragonite,망나뇽,Body Slam,누르기
Dragonite,망나뇽,Breaking Swipe,와이드브레이커
Dragonite,망나뇽,Brick Break,깨트리다
Dragonite,망나뇽,Brutal Swing,세차게휘두르기
Dragonite,망나뇽,Bulldoze,땅고르기
Dragonite,망나뇽,Chilling Water,찬물끼얹기
Dragonite,망나뇽,Dive,다이빙
Dragonite,망나뇽,Draco Meteor,용성군
Dragonite,망나뇽,Dragon Cheer,드래곤옐
Dragonite,망나뇽,Dragon Claw,드래곤크루
Dragonite,망나뇽,Dragon Dance,용의춤
Dragonite,망나뇽,Dragon Pulse,용의파동
Dragonite,망나뇽,Dragon Rush,드래곤다이브
Dragonite,망나뇽,Dragon Tail,드래곤테일
Dragonite,망나뇽,Earthquake,지진
Dragonite,망나뇽,Endure,버티기
Dragonite,망나뇽,Extreme Speed,신속
Dragonite,망나뇽,Facade,객기
Dragonite,망나뇽,Fire Blast,불대문자
Dragonite,망나뇽,Fire Punch,불꽃펀치
Dragonite,망나뇽,Fire Spin,회오리불꽃
Dragonite,망나뇽,Flamethrower,화염방사
Dragonite,망나뇽,Fling,내던지기
Dragonite,망나뇽,Fly,공중날기
Dragonite,망나뇽,Focus Blast,기합구슬
Dragonite,망나뇽,Focus Punch,힘껏펀치
Dragonite,망나뇽,Giga Impact,기가임팩트
Dragonite,망나뇽,Haze,흑안개
Dragonite,망나뇽,Heat Wave,열풍
Dragonite,망나뇽,Helping Hand,도우미
Dragonite,망나뇽,Hurricane,폭풍
Dragonite,망나뇽,Hydro Pump,하이드로펌프
Dragonite,망나뇽,Hyper Beam,파괴광선
Dragonite,망나뇽,Ice Beam,냉동빔
Dragonite,망나뇽,Ice Punch,냉동펀치
Dragonite,망나뇽,Ice Spinner,아이스스피너
Dragonite,망나뇽,Icy Wind,얼다바람
Dragonite,망나뇽,Iron Head,아이언헤드
Dragonite,망나뇽,Iron Tail,아이언테일
Dragonite,망나뇽,Light Screen,빛의장막
Dragonite,망나뇽,Low Kick,안다리걸기
Dragonite,망나뇽,Mega Kick,메가톤킥
Dragonite,망나뇽,Outrage,역린
Dragonite,망나뇽,Protect,방어
Dragonite,망나뇽,Rain Dance,비바라기
Dragonite,망나뇽,Rest,잠자기
Dragonite,망나뇽,Roar,울부짖기
Dragonite,망나뇽,Rock Slide,스톤샤워
Dragonite,망나뇽,Rock Tomb,암석봉인
Dragonite,망나뇽,Roost,날개쉬기
Dragonite,망나뇽,Round,돌림노래
Dragonite,망나뇽,Safeguard,신비의부적
Dragonite,망나뇽,Sandstorm,모래바람
Dragonite,망나뇽,Scale Shot,스케일샷
Dragonite,망나뇽,Scary Face,겁나는얼굴
Dragonite,망나뇽,Sleep Talk,잠꼬대
Dragonite,망나뇽,Snore,코골기
Dragonite,망나뇽,Snowscape,설경
Dragonite,망나뇽,Steel Wing,강철날개
Dragonite,망나뇽,Stomping Tantrum,분함의발구르기
Dragonite,망나뇽,Stone Edge,스톤에지
Dragonite,망나뇽,Substitute,대타출동
Dragonite,망나뇽,Sunny Day,쾌청
Dragonite,망나뇽,Superpower,엄청난힘
Dragonite,망나뇽,Surf,파도타기
Dragonite,망나뇽,Tailwind,순풍
Dragonite,망나뇽,Thunder,번개
Dragonite,망나뇽,Thunder Punch,번개펀치
Dragonite,망나뇽,Thunder Wave,전기자석파
Dragonite,망나뇽,Thunderbolt,10만볼트
Dragonite,망나뇽,Water Pulse,물의파동
Dragonite,망나뇽,Waterfall,폭포오르기
Dragonite,망나뇽,Weather Ball,웨더볼
Dragonite,망나뇽,Whirlwind,날려버리기
Dragonite,망나뇽,Wrap,김밥말이
Meganium,메가니움,Ancient Power,원시의힘
Meganium,메가니움,Body Press,바디프레스
Meganium,메가니움,Body Slam,누르기
Meganium,메가니움,Bulldoze,땅고르기
Meganium,메가니움,Bullet Seed,기관총
Meganium,메가니움,Charm,애교부리기
Meganium,메가니움,Counter,카운터
Meganium,메가니움,Curse,저주
Meganium,메가니움,Dazzling Gleam,매지컬샤인
Meganium,메가니움,Double-Edge,이판사판태클
Meganium,메가니움,Dragon Tail,드래곤테일
Meganium,메가니움,Earth Power,대지의힘
Meganium,메가니움,Earthquake,지진
Meganium,메가니움,Encore,앵콜
Meganium,메가니움,Endeavor,죽기살기
Meganium,메가니움,Endure,버티기
Meganium,메가니움,Energy Ball,에너지볼
Meganium,메가니움,Facade,객기
Meganium,메가니움,Fake Tears,거짓울음
Meganium,메가니움,Flail,바둥바둥
Meganium,메가니움,Frenzy Plant,하드플랜트
Meganium,메가니움,Giga Drain,기가드레인
Meganium,메가니움,Giga Impact,기가임팩트
Meganium,메가니움,Grass Knot,풀묶기
Meganium,메가니움,Grassy Glide,그래스슬라이더
Meganium,메가니움,Grassy Terrain,그래스필드
Meganium,메가니움,Heal Pulse,치유파동
Meganium,메가니움,Helping Hand,도우미
Meganium,메가니움,Hyper Beam,파괴광선
Meganium,메가니움,Ingrain,뿌리박기
Meganium,메가니움,Iron Tail,아이언테일
Meganium,메가니움,Knock Off,탁쳐서떨구기
Meganium,메가니움,Leaf Blade,리프블레이드
Meganium,메가니움,Leaf Storm,리프스톰
Meganium,메가니움,Leech Seed,씨뿌리기
Meganium,메가니움,Light Screen,빛의장막
Meganium,메가니움,Mud-Slap,진흙뿌리기
Meganium,메가니움,Outrage,역린
Meganium,메가니움,Petal Blizzard,꽃보라
Meganium,메가니움,Petal Dance,꽃잎댄스
Meganium,메가니움,Poison Powder,독가루
Meganium,메가니움,Pollen Puff,꽃가루경단
Meganium,메가니움,Protect,방어
Meganium,메가니움,Reflect,리플렉터
Meganium,메가니움,Rest,잠자기
Meganium,메가니움,Round,돌림노래
Meganium,메가니움,Safeguard,신비의부적
Meganium,메가니움,Seed Bomb,씨폭탄
Meganium,메가니움,Sleep Talk,잠꼬대
Meganium,메가니움,Snore,코골기
Meganium,메가니움,Solar Beam,솔라빔
Meganium,메가니움,Solar Blade,솔라블레이드
Meganium,메가니움,Stomping Tantrum,분함의발구르기
Meganium,메가니움,Substitute,대타출동
Meganium,메가니움,Sunny Day,쾌청
Meganium,메가니움,Sweet Scent,달콤한향기
Meganium,메가니움,Swords Dance,칼춤
Meganium,메가니움,Synthesis,광합성
Meganium,메가니움,Trailblaze,개척하기
Meganium,메가니움,Weather Ball,웨더볼
Meganium,메가니움,Zen Headbutt,사념의박치기
Typhlosion,블레이범,Aerial Ace,제비반환
Typhlosion,블레이범,Blast Burn,블러스트번
Typhlosion,블레이범,Body Slam,누르기
Typhlosion,블레이범,Brick Break,깨트리다
Typhlosion,블레이범,Bulldoze,땅고르기
Typhlosion,블레이범,Burn Up,불사르기
Typhlosion,블레이범,Burning Jealousy,질투의불꽃
Typhlosion,블레이범,Covet,탐내다
Typhlosion,블레이범,Curse,저주
Typhlosion,블레이범,Dig,구멍파기
Typhlosion,블레이범,Double-Edge,이판사판태클
Typhlosion,블레이범,Earthquake,지진
Typhlosion,블레이범,Endeavor,죽기살기
Typhlosion,블레이범,Endure,버티기
Typhlosion,블레이범,Eruption,분화
Typhlosion,블레이범,Extrasensory,신통력
Typhlosion,블레이범,Facade,객기
Typhlosion,블레이범,Fire Blast,불대문자
Typhlosion,블레이범,Fire Fang,불꽃엄니
Typhlosion,블레이범,Fire Punch,불꽃펀치
Typhlosion,블레이범,Fire Spin,회오리불꽃
Typhlosion,블레이범,Flame Charge,니트로차지
Typhlosion,블레이범,Flamethrower,화염방사
Typhlosion,블레이범,Flare Blitz,플레어드라이브
Typhlosion,블레이범,Fling,내던지기
Typhlosion,블레이범,Focus Blast,기합구슬
Typhlosion,블레이범,Focus Punch,힘껏펀치
Typhlosion,블레이범,Giga Impact,기가임팩트
Typhlosion,블레이범,Gyro Ball,자이로볼
Typhlosion,블레이범,Heat Wave,열풍
Typhlosion,블레이범,Helping Hand,도우미
Typhlosion,블레이범,Howl,멀리짖음
Typhlosion,블레이범,Hyper Beam,파괴광선
Typhlosion,블레이범,Inferno,연옥
Typhlosion,블레이범,Iron Head,아이언헤드
Typhlosion,블레이범,Lava Plume,분연
Typhlosion,블레이범,Low Kick,안다리걸기
Typhlosion,블레이범,Mega Kick,메가톤킥
Typhlosion,블레이범,Overheat,오버히트
Typhlosion,블레이범,Play Rough,치근거리기
Typhlosion,블레이범,Protect,방어
Typhlosion,블레이범,Quick Attack,전광석화
Typhlosion,블레이범,Rest,잠자기
Typhlosion,블레이범,Reversal,기사회생
Typhlosion,블레이범,Roar,울부짖기
Typhlosion,블레이범,Rock Slide,스톤샤워
Typhlosion,블레이범,Rock Tomb,암석봉인
Typhlosion,블레이범,Round,돌림노래
Typhlosion,블레이범,Scorching Sands,열사의대지
Typhlosion,블레이범,Shadow Ball,섀도볼
Typhlosion,블레이범,Shadow Claw,섀도크루
Typhlosion,블레이범,Sleep Talk,잠꼬대
Typhlosion,블레이범,Snore,코골기
Typhlosion,블레이범,Solar Beam,솔라빔
Typhlosion,블레이범,Stomping Tantrum,분함의발구르기
Typhlosion,블레이범,Substitute,대타출동
Typhlosion,블레이범,Sunny Day,쾌청
Typhlosion,블레이범,Temper Flare,열불내기
Typhlosion,블레이범,Throat Chop,지옥찌르기
Typhlosion,블레이범,Thunder Punch,번개펀치
Typhlosion,블레이범,Wild Charge,와일드볼트
Typhlosion,블레이범,Will-O-Wisp,도깨비불
Typhlosion,블레이범,Zen Headbutt,사념의박치기
Typhlosion-Hisui,히스이 블레이범,Aerial Ace,제비반환
Typhlosion-Hisui,히스이 블레이범,Blast Burn,블러스트번
Typhlosion-Hisui,히스이 블레이범,Body Slam,누르기
Typhlosion-Hisui,히스이 블레이범,Brick Break,깨트리다
Typhlosion-Hisui,히스이 블레이범,Bulldoze,땅고르기
Typhlosion-Hisui,히스이 블레이범,Burn Up,불사르기
Typhlosion-Hisui,히스이 블레이범,Burning Jealousy,질투의불꽃
Typhlosion-Hisui,히스이 블레이범,Calm Mind,명상
Typhlosion-Hisui,히스이 블레이범,Confuse Ray,이상한빛
Typhlosion-Hisui,히스이 블레이범,Covet,탐내다
Typhlosion-Hisui,히스이 블레이범,Curse,저주
Typhlosion-Hisui,히스이 블레이범,Dig,구멍파기
Typhlosion-Hisui,히스이 블레이범,Double-Edge,이판사판태클
Typhlosion-Hisui,히스이 블레이범,Earthquake,지진
Typhlosion-Hisui,히스이 블레이범,Endeavor,죽기살기
Typhlosion-Hisui,히스이 블레이범,Endure,버티기
Typhlosion-Hisui,히스이 블레이범,Eruption,분화
Typhlosion-Hisui,히스이 블레이범,Extrasensory,신통력
Typhlosion-Hisui,히스이 블레이범,Facade,객기
Typhlosion-Hisui,히스이 블레이범,Fire Blast,불대문자
Typhlosion-Hisui,히스이 블레이범,Fire Fang,불꽃엄니
Typhlosion-Hisui,히스이 블레이범,Fire Punch,불꽃펀치
Typhlosion-Hisui,히스이 블레이범,Fire Spin,회오리불꽃
Typhlosion-Hisui,히스이 블레이범,Flame Charge,니트로차지
Typhlosion-Hisui,히스이 블레이범,Flamethrower,화염방사
Typhlosion-Hisui,히스이 블레이범,Flare Blitz,플레어드라이브
Typhlosion-Hisui,히스이 블레이범,Focus Blast,기합구슬
Typhlosion-Hisui,히스이 블레이범,Focus Punch,힘껏펀치
Typhlosion-Hisui,히스이 블레이범,Giga Impact,기가임팩트
Typhlosion-Hisui,히스이 블레이범,Gyro Ball,자이로볼
Typhlosion-Hisui,히스이 블레이범,Heat Wave,열풍
Typhlosion-Hisui,히스이 블레이범,Hex,병상첨병
Typhlosion-Hisui,히스이 블레이범,Howl,멀리짖음
Typhlosion-Hisui,히스이 블레이범,Hyper Beam,파괴광선
Typhlosion-Hisui,히스이 블레이범,Infernal Parade,백귀야행
Typhlosion-Hisui,히스이 블레이범,Inferno,연옥
Typhlosion-Hisui,히스이 블레이범,Iron Head,아이언헤드
Typhlosion-Hisui,히스이 블레이범,Lava Plume,분연
Typhlosion-Hisui,히스이 블레이범,Low Kick,안다리걸기
Typhlosion-Hisui,히스이 블레이범,Mega Kick,메가톤킥
Typhlosion-Hisui,히스이 블레이범,Mystical Fire,매지컬플레임
Typhlosion-Hisui,히스이 블레이범,Night Shade,나이트헤드
Typhlosion-Hisui,히스이 블레이범,Overheat,오버히트
Typhlosion-Hisui,히스이 블레이범,Play Rough,치근거리기
Typhlosion-Hisui,히스이 블레이범,Poltergeist,폴터가이스트
Typhlosion-Hisui,히스이 블레이범,Protect,방어
Typhlosion-Hisui,히스이 블레이범,Quick Attack,전광석화
Typhlosion-Hisui,히스이 블레이범,Rest,잠자기
Typhlosion-Hisui,히스이 블레이범,Reversal,기사회생
Typhlosion-Hisui,히스이 블레이범,Roar,울부짖기
Typhlosion-Hisui,히스이 블레이범,Rock Slide,스톤샤워
Typhlosion-Hisui,히스이 블레이범,Round,돌림노래
Typhlosion-Hisui,히스이 블레이범,Shadow Ball,섀도볼
Typhlosion-Hisui,히스이 블레이범,Shadow Claw,섀도크루
Typhlosion-Hisui,히스이 블레이범,Sleep Talk,잠꼬대
Typhlosion-Hisui,히스이 블레이범,Snore,코골기
Typhlosion-Hisui,히스이 블레이범,Solar Beam,솔라빔
Typhlosion-Hisui,히스이 블레이범,Spite,원한
Typhlosion-Hisui,히스이 블레이범,Stomping Tantrum,분함의발구르기
Typhlosion-Hisui,히스이 블레이범,Substitute,대타출동
Typhlosion-Hisui,히스이 블레이범,Sunny Day,쾌청
Typhlosion-Hisui,히스이 블레이범,Temper Flare,열불내기
Typhlosion-Hisui,히스이 블레이범,Thunder Punch,번개펀치
Typhlosion-Hisui,히스이 블레이범,Wild Charge,와일드볼트
Typhlosion-Hisui,히스이 블레이범,Will-O-Wisp,도깨비불
Typhlosion-Hisui,히스이 블레이범,Zen Headbutt,사념의박치기
Feraligatr,장크로다일,Aerial Ace,제비반환
Feraligatr,장크로다일,Agility,고속이동
Feraligatr,장크로다일,Ancient Power,원시의힘
Feraligatr,장크로다일,Aqua Jet,아쿠아제트
Feraligatr,장크로다일,Aqua Tail,아쿠아테일
Feraligatr,장크로다일,Avalanche,눈사태
Feraligatr,장크로다일,Bite,물기
Feraligatr,장크로다일,Blizzard,눈보라
Feraligatr,장크로다일,Block,블록
Feraligatr,장크로다일,Body Slam,누르기
Feraligatr,장크로다일,Breaking Swipe,와이드브레이커
Feraligatr,장크로다일,Brick Break,깨트리다
Feraligatr,장크로다일,Brutal Swing,세차게휘두르기
Feraligatr,장크로다일,Bulldoze,땅고르기
Feraligatr,장크로다일,Chilling Water,찬물끼얹기
Feraligatr,장크로다일,Counter,카운터
Feraligatr,장크로다일,Crunch,깨물어부수기
Feraligatr,장크로다일,Curse,저주
Feraligatr,장크로다일,Dig,구멍파기
Feraligatr,장크로다일,Dive,다이빙
Feraligatr,장크로다일,Double-Edge,이판사판태클
Feraligatr,장크로다일,Dragon Claw,드래곤크루
Feraligatr,장크로다일,Dragon Dance,용의춤
Feraligatr,장크로다일,Dragon Pulse,용의파동
Feraligatr,장크로다일,Dragon Tail,드래곤테일
Feraligatr,장크로다일,Earthquake,지진
Feraligatr,장크로다일,Endeavor,죽기살기
Feraligatr,장크로다일,Endure,버티기
Feraligatr,장크로다일,Facade,객기
Feraligatr,장크로다일,Fake Tears,거짓울음
Feraligatr,장크로다일,Flail,바둥바둥
Feraligatr,장크로다일,Flatter,부추기기
Feraligatr,장크로다일,Fling,내던지기
Feraligatr,장크로다일,Flip Turn,퀵턴
Feraligatr,장크로다일,Focus Blast,기합구슬
Feraligatr,장크로다일,Focus Punch,힘껏펀치
Feraligatr,장크로다일,Giga Impact,기가임팩트
Feraligatr,장크로다일,Helping Hand,도우미
Feraligatr,장크로다일,Hydro Cannon,하이드로캐논
Feraligatr,장크로다일,Hydro Pump,하이드로펌프
Feraligatr,장크로다일,Hyper Beam,파괴광선
Feraligatr,장크로다일,Ice Beam,냉동빔
Feraligatr,장크로다일,Ice Fang,얼음엄니
Feraligatr,장크로다일,Ice Punch,냉동펀치
Feraligatr,장크로다일,Icy Wind,얼다바람
Feraligatr,장크로다일,Iron Tail,아이언테일
Feraligatr,장크로다일,Lash Out,분풀이
Feraligatr,장크로다일,Liquidation,아쿠아브레이크
Feraligatr,장크로다일,Low Kick,안다리걸기
Feraligatr,장크로다일,Mega Kick,메가톤킥
Feraligatr,장크로다일,Mud Shot,머드숏
Feraligatr,장크로다일,Mud-Slap,진흙뿌리기
Feraligatr,장크로다일,Muddy Water,탁류
Feraligatr,장크로다일,Outrage,역린
Feraligatr,장크로다일,Protect,방어
Feraligatr,장크로다일,Psychic Fangs,사이코팽
Feraligatr,장크로다일,Rain Dance,비바라기
Feraligatr,장크로다일,Rest,잠자기
Feraligatr,장크로다일,Roar,울부짖기
Feraligatr,장크로다일,Rock Slide,스톤샤워
Feraligatr,장크로다일,Rock Tomb,암석봉인
Feraligatr,장크로다일,Round,돌림노래
Feraligatr,장크로다일,Scale Shot,스케일샷
Feraligatr,장크로다일,Scary Face,겁나는얼굴
Feraligatr,장크로다일,Screech,싫은소리
Feraligatr,장크로다일,Shadow Claw,섀도크루
Feraligatr,장크로다일,Slash,베어가르기
Feraligatr,장크로다일,Sleep Talk,잠꼬대
Feraligatr,장크로다일,Snarl,바크아웃
Feraligatr,장크로다일,Snore,코골기
Feraligatr,장크로다일,Spite,원한
Feraligatr,장크로다일,Stomping Tantrum,분함의발구르기
Feraligatr,장크로다일,Substitute,대타출동
Feraligatr,장크로다일,Superpower,엄청난힘
Feraligatr,장크로다일,Surf,파도타기
Feraligatr,장크로다일,Swords Dance,칼춤
Feraligatr,장크로다일,Thief,도둑질
Feraligatr,장크로다일,Thrash,난동부리기
Feraligatr,장크로다일,Trailblaze,개척하기
Feraligatr,장크로다일,Uproar,소란피기
Feraligatr,장크로다일,Water Pulse,물의파동
Feraligatr,장크로다일,Waterfall,폭포오르기
Feraligatr,장크로다일,Whirlpool,바다회오리
Ariados,아리아도스,Acid Spray,애시드봄
Ariados,아리아도스,Agility,고속이동
Ariados,아리아도스,Assurance,승부굳히기
Ariados,아리아도스,Baton Pass,바톤터치
Ariados,아리아도스,Body Slam,누르기
Ariados,아리아도스,Bounce,뛰어오르다
Ariados,아리아도스,Bug Bite,벌레먹음
Ariados,아리아도스,Bug Buzz,벌레의야단법석
Ariados,아리아도스,Cross Poison,크로스포이즌
Ariados,아리아도스,Dig,구멍파기
Ariados,아리아도스,Disable,사슬묶기
Ariados,아리아도스,Electroweb,일렉트릭네트
Ariados,아리아도스,Endure,버티기
Ariados,아리아도스,Facade,객기
Ariados,아리아도스,Fell Stinger,마지막일침
Ariados,아리아도스,First Impression,만나자마자
Ariados,아리아도스,Focus Energy,기충전
Ariados,아리아도스,Foul Play,속임수
Ariados,아리아도스,Giga Drain,기가드레인
Ariados,아리아도스,Giga Impact,기가임팩트
Ariados,아리아도스,Hex,병상첨병
Ariados,아리아도스,Hyper Beam,파괴광선
Ariados,아리아도스,Infestation,엉겨붙기
Ariados,아리아도스,Knock Off,탁쳐서떨구기
Ariados,아리아도스,Leech Life,흡혈
Ariados,아리아도스,Lunge,덤벼들기
Ariados,아리아도스,Megahorn,메가폰
Ariados,아리아도스,Night Shade,나이트헤드
Ariados,아리아도스,Night Slash,깜짝베기
Ariados,아리아도스,Pin Missile,바늘미사일
Ariados,아리아도스,Poison Jab,독찌르기
Ariados,아리아도스,Pounce,달려들기
Ariados,아리아도스,Protect,방어
Ariados,아리아도스,Psychic,사이코키네시스
Ariados,아리아도스,Rage Powder,분노가루
Ariados,아리아도스,Rest,잠자기
Ariados,아리아도스,Round,돌림노래
Ariados,아리아도스,Scary Face,겁나는얼굴
Ariados,아리아도스,Screech,싫은소리
Ariados,아리아도스,Shadow Sneak,야습
Ariados,아리아도스,Skitter Smack,엄습하는일격
Ariados,아리아도스,Sleep Talk,잠꼬대
Ariados,아리아도스,Sludge Bomb,오물폭탄
Ariados,아리아도스,Sludge Wave,오물웨이브
Ariados,아리아도스,Smart Strike,스마트호른
Ariados,아리아도스,Snore,코골기
Ariados,아리아도스,Solar Beam,솔라빔
Ariados,아리아도스,Spite,원한
Ariados,아리아도스,Sticky Web,끈적끈적네트
Ariados,아리아도스,Stomping Tantrum,분함의발구르기
Ariados,아리아도스,String Shot,실뿜기
Ariados,아리아도스,Struggle Bug,벌레의저항
Ariados,아리아도스,Substitute,대타출동
Ariados,아리아도스,Sucker Punch,기습
Ariados,아리아도스,Sunny Day,쾌청
Ariados,아리아도스,Swords Dance,칼춤
Ariados,아리아도스,Thief,도둑질
Ariados,아리아도스,Throat Chop,지옥찌르기
Ariados,아리아도스,Toxic,맹독
Ariados,아리아도스,Toxic Spikes,독압정
Ariados,아리아도스,Toxic Thread,독실
Ariados,아리아도스,Trailblaze,개척하기
Ariados,아리아도스,Venoshock,베놈쇼크
Ariados,아리아도스,X-Scissor,시저크로스
Ampharos,전룡,After You,당신먼저
Ampharos,전룡,Agility,고속이동
Ampharos,전룡,Body Slam,누르기
Ampharos,전룡,Breaking Swipe,와이드브레이커
Ampharos,전룡,Brick Break,깨트리다
Ampharos,전룡,Brutal Swing,세차게휘두르기
Ampharos,전룡,Bulldoze,땅고르기
Ampharos,전룡,Charge,충전
Ampharos,전룡,Charge Beam,차지빔
Ampharos,전룡,Confuse Ray,이상한빛
Ampharos,전룡,Cotton Guard,코튼가드
Ampharos,전룡,Cotton Spore,목화포자
Ampharos,전룡,Dazzling Gleam,매지컬샤인
Ampharos,전룡,Dig,구멍파기
Ampharos,전룡,Discharge,방전
Ampharos,전룡,Double-Edge,이판사판태클
Ampharos,전룡,Dragon Cheer,드래곤옐
Ampharos,전룡,Dragon Pulse,용의파동
Ampharos,전룡,Dragon Tail,드래곤테일
Ampharos,전룡,Eerie Impulse,괴전파
Ampharos,전룡,Electric Terrain,일렉트릭필드
Ampharos,전룡,Electro Ball,일렉트릭볼
Ampharos,전룡,Electroweb,일렉트릭네트
Ampharos,전룡,Endeavor,죽기살기
Ampharos,전룡,Endure,버티기
Ampharos,전룡,Facade,객기
Ampharos,전룡,Fire Punch,불꽃펀치
Ampharos,전룡,Flatter,부추기기
Ampharos,전룡,Fling,내던지기
Ampharos,전룡,Focus Blast,기합구슬
Ampharos,전룡,Focus Punch,힘껏펀치
Ampharos,전룡,Giga Impact,기가임팩트
Ampharos,전룡,Helping Hand,도우미
Ampharos,전룡,Hyper Beam,파괴광선
Ampharos,전룡,Ice Punch,냉동펀치
Ampharos,전룡,Iron Tail,아이언테일
Ampharos,전룡,Light Screen,빛의장막
Ampharos,전룡,Low Kick,안다리걸기
Ampharos,전룡,Magnetic Flux,자기장조작
Ampharos,전룡,Mega Kick,메가톤킥
Ampharos,전룡,Meteor Beam,메테오빔
Ampharos,전룡,Outrage,역린
Ampharos,전룡,Parabolic Charge,파라볼라차지
Ampharos,전룡,Power Gem,파워젬
Ampharos,전룡,Protect,방어
Ampharos,전룡,Rain Dance,비바라기
Ampharos,전룡,Reflect,리플렉터
Ampharos,전룡,Rest,잠자기
Ampharos,전룡,Rising Voltage,라이징볼트
Ampharos,전룡,Roar,울부짖기
Ampharos,전룡,Round,돌림노래
Ampharos,전룡,Safeguard,신비의부적
Ampharos,전룡,Screech,싫은소리
Ampharos,전룡,Sleep Talk,잠꼬대
Ampharos,전룡,Snore,코골기
Ampharos,전룡,Stomping Tantrum,분함의발구르기
Ampharos,전룡,Substitute,대타출동
Ampharos,전룡,Sunny Day,쾌청
Ampharos,전룡,Supercell Slam,썬더다이브
Ampharos,전룡,Thunder,번개
Ampharos,전룡,Thunder Punch,번개펀치
Ampharos,전룡,Thunder Wave,전기자석파
Ampharos,전룡,Thunderbolt,10만볼트
Ampharos,전룡,Trailblaze,개척하기
Ampharos,전룡,Volt Switch,볼트체인지
Ampharos,전룡,Wild Charge,와일드볼트
Ampharos,전룡,Zap Cannon,전자포
Azumarill,마릴리,Alluring Voice,매혹의보이스
Azumarill,마릴리,Amnesia,망각술
Azumarill,마릴리,Aqua Jet,아쿠아제트
Azumarill,마릴리,Aqua Ring,아쿠아링
Azumarill,마릴리,Aqua Tail,아쿠아테일
Azumarill,마릴리,Belly Drum,배북
Azumarill,마릴리,Blizzard,눈보라
Azumarill,마릴리,Body Slam,누르기
Azumarill,마릴리,Bounce,뛰어오르다
Azumarill,마릴리,Brick Break,깨트리다
Azumarill,마릴리,Brutal Swing,세차게휘두르기
Azumarill,마릴리,Bulldoze,땅고르기
Azumarill,마릴리,Charm,애교부리기
Azumarill,마릴리,Chilling Water,찬물끼얹기
Azumarill,마릴리,Copycat,흉내쟁이
Azumarill,마릴리,Dig,구멍파기
Azumarill,마릴리,Dive,다이빙
Azumarill,마릴리,Double-Edge,이판사판태클
Azumarill,마릴리,Draining Kiss,드레인키스
Azumarill,마릴리,Encore,앵콜
Azumarill,마릴리,Endure,버티기
Azumarill,마릴리,Facade,객기
Azumarill,마릴리,Fake Tears,거짓울음
Azumarill,마릴리,Fling,내던지기
Azumarill,마릴리,Focus Blast,기합구슬
Azumarill,마릴리,Focus Punch,힘껏펀치
Azumarill,마릴리,Future Sight,미래예지
Azumarill,마릴리,Giga Impact,기가임팩트
Azumarill,마릴리,Grass Knot,풀묶기
Azumarill,마릴리,Helping Hand,도우미
Azumarill,마릴리,Hydro Pump,하이드로펌프
Azumarill,마릴리,Hyper Beam,파괴광선
Azumarill,마릴리,Hyper Voice,하이퍼보이스
Azumarill,마릴리,Ice Beam,냉동빔
Azumarill,마릴리,Ice Punch,냉동펀치
Azumarill,마릴리,Ice Spinner,아이스스피너
Azumarill,마릴리,Icy Wind,얼다바람
Azumarill,마릴리,Iron Tail,아이언테일
Azumarill,마릴리,Knock Off,탁쳐서떨구기
Azumarill,마릴리,Light Screen,빛의장막
Azumarill,마릴리,Liquidation,아쿠아브레이크
Azumarill,마릴리,Misty Explosion,미스트버스트
Azumarill,마릴리,Misty Terrain,미스트필드
Azumarill,마릴리,Mud Shot,머드숏
Azumarill,마릴리,Mud-Slap,진흙뿌리기
Azumarill,마릴리,Muddy Water,탁류
Azumarill,마릴리,Perish Song,멸망의노래
Azumarill,마릴리,Play Rough,치근거리기
Azumarill,마릴리,Protect,방어
Azumarill,마릴리,Rain Dance,비바라기
Azumarill,마릴리,Rest,잠자기
Azumarill,마릴리,Round,돌림노래
Azumarill,마릴리,Sing,노래하기
Azumarill,마릴리,Sleep Talk,잠꼬대
Azumarill,마릴리,Snore,코골기
Azumarill,마릴리,Snowscape,설경
Azumarill,마릴리,Soak,물붓기
Azumarill,마릴리,Substitute,대타출동
Azumarill,마릴리,Superpower,엄청난힘
Azumarill,마릴리,Surf,파도타기
Azumarill,마릴리,Tickle,간지르기
Azumarill,마릴리,Trailblaze,개척하기
Azumarill,마릴리,Uproar,소란피기
Azumarill,마릴리,Water Pulse,물의파동
Azumarill,마릴리,Waterfall,폭포오르기
Azumarill,마릴리,Whirlpool,바다회오리
Politoed,왕구리,Amnesia,망각술
Politoed,왕구리,Attract,헤롱헤롱
Politoed,왕구리,Belly Drum,배북
Politoed,왕구리,Blizzard,눈보라
Politoed,왕구리,Body Slam,누르기
Politoed,왕구리,Bounce,뛰어오르다
Politoed,왕구리,Brick Break,깨트리다
Politoed,왕구리,Bulldoze,땅고르기
Politoed,왕구리,Chilling Water,찬물끼얹기
Politoed,왕구리,Dig,구멍파기
Politoed,왕구리,Dive,다이빙
Politoed,왕구리,Double-Edge,이판사판태클
Politoed,왕구리,Earth Power,대지의힘
Politoed,왕구리,Earthquake,지진
Politoed,왕구리,Encore,앵콜
Politoed,왕구리,Endeavor,죽기살기
Politoed,왕구리,Endure,버티기
Politoed,왕구리,Facade,객기
Politoed,왕구리,Fling,내던지기
Politoed,왕구리,Focus Blast,기합구슬
Politoed,왕구리,Focus Punch,힘껏펀치
Politoed,왕구리,Giga Impact,기가임팩트
Politoed,왕구리,Haze,흑안개
Politoed,왕구리,Helping Hand,도우미
Politoed,왕구리,Hydro Pump,하이드로펌프
Politoed,왕구리,Hyper Beam,파괴광선
Politoed,왕구리,Hyper Voice,하이퍼보이스
Politoed,왕구리,Hypnosis,최면술
Politoed,왕구리,Ice Beam,냉동빔
Politoed,왕구리,Ice Punch,냉동펀치
Politoed,왕구리,Icy Wind,얼다바람
Politoed,왕구리,Liquidation,아쿠아브레이크
Politoed,왕구리,Low Kick,안다리걸기
Politoed,왕구리,Low Sweep,로킥
Politoed,왕구리,Mud Shot,머드숏
Politoed,왕구리,Mud-Slap,진흙뿌리기
Politoed,왕구리,Muddy Water,탁류
Politoed,왕구리,Perish Song,멸망의노래
Politoed,왕구리,Protect,방어
Politoed,왕구리,Psych Up,자기암시
Politoed,왕구리,Psychic,사이코키네시스
Politoed,왕구리,Rain Dance,비바라기
Politoed,왕구리,Rest,잠자기
Politoed,왕구리,Round,돌림노래
Politoed,왕구리,Screech,싫은소리
Politoed,왕구리,Sleep Talk,잠꼬대
Politoed,왕구리,Snore,코골기
Politoed,왕구리,Substitute,대타출동
Politoed,왕구리,Surf,파도타기
Politoed,왕구리,Swagger,뽐내기
Politoed,왕구리,Thief,도둑질
Politoed,왕구리,Uproar,소란피기
Politoed,왕구리,Water Pulse,물의파동
Politoed,왕구리,Waterfall,폭포오르기
Politoed,왕구리,Weather Ball,웨더볼
Politoed,왕구리,Whirlpool,바다회오리
Espeon,에브이,Alluring Voice,매혹의보이스
Espeon,에브이,Baby-Doll Eyes,초롱초롱눈동자
Espeon,에브이,Baton Pass,바톤터치
Espeon,에브이,Bite,물기
Espeon,에브이,Body Slam,누르기
Espeon,에브이,Calm Mind,명상
Espeon,에브이,Charm,애교부리기
Espeon,에브이,Confuse Ray,이상한빛
Espeon,에브이,Copycat,흉내쟁이
Espeon,에브이,Covet,탐내다
Espeon,에브이,Curse,저주
Espeon,에브이,Dazzling Gleam,매지컬샤인
Espeon,에브이,Detect,판별
Espeon,에브이,Dig,구멍파기
Espeon,에브이,Double-Edge,이판사판태클
Espeon,에브이,Draining Kiss,드레인키스
Espeon,에브이,Endure,버티기
Espeon,에브이,Expanding Force,와이드포스
Espeon,에브이,Facade,객기
Espeon,에브이,Fake Tears,거짓울음
Espeon,에브이,Flail,바둥바둥
Espeon,에브이,Focus Energy,기충전
Espeon,에브이,Future Sight,미래예지
Espeon,에브이,Giga Impact,기가임팩트
Espeon,에브이,Grass Knot,풀묶기
Espeon,에브이,Gravity,중력
Espeon,에브이,Helping Hand,도우미
Espeon,에브이,Hyper Beam,파괴광선
Espeon,에브이,Hyper Voice,하이퍼보이스
Espeon,에브이,Imprison,봉인
Espeon,에브이,Last Resort,뒀다쓰기
Espeon,에브이,Light Screen,빛의장막
Espeon,에브이,Magic Room,매직룸
Espeon,에브이,Morning Sun,아침햇살
Espeon,에브이,Mud-Slap,진흙뿌리기
Espeon,에브이,Power Gem,파워젬
Espeon,에브이,Power Swap,파워스웹
Espeon,에브이,Protect,방어
Espeon,에브이,Psych Up,자기암시
Espeon,에브이,Psychic,사이코키네시스
Espeon,에브이,Psychic Fangs,사이코팽
Espeon,에브이,Psychic Noise,사이코노이즈
Espeon,에브이,Psychic Terrain,사이코필드
Espeon,에브이,Psyshock,사이코쇼크
Espeon,에브이,Quick Attack,전광석화
Espeon,에브이,Rain Dance,비바라기
Espeon,에브이,Reflect,리플렉터
Espeon,에브이,Rest,잠자기
Espeon,에브이,Roar,울부짖기
Espeon,에브이,Round,돌림노래
Espeon,에브이,Safeguard,신비의부적
Espeon,에브이,Shadow Ball,섀도볼
Espeon,에브이,Skill Swap,스킬스웹
Espeon,에브이,Sleep Talk,잠꼬대
Espeon,에브이,Snore,코골기
Espeon,에브이,Stored Power,어시스트파워
Espeon,에브이,Substitute,대타출동
Espeon,에브이,Sunny Day,쾌청
Espeon,에브이,Thunder Wave,전기자석파
Espeon,에브이,Tickle,간지르기
Espeon,에브이,Trailblaze,개척하기
Espeon,에브이,Trick,트릭
Espeon,에브이,Trick Room,트릭룸
Espeon,에브이,Weather Ball,웨더볼
Espeon,에브이,Wish,희망사항
Espeon,에브이,Yawn,하품
Espeon,에브이,Zen Headbutt,사념의박치기
Umbreon,블래키,Alluring Voice,매혹의보이스
Umbreon,블래키,Assurance,승부굳히기
Umbreon,블래키,Baby-Doll Eyes,초롱초롱눈동자
Umbreon,블래키,Baton Pass,바톤터치
Umbreon,블래키,Bite,물기
Umbreon,블래키,Body Slam,누르기
Umbreon,블래키,Calm Mind,명상
Umbreon,블래키,Charm,애교부리기
Umbreon,블래키,Confuse Ray,이상한빛
Umbreon,블래키,Copycat,흉내쟁이
Umbreon,블래키,Covet,탐내다
Umbreon,블래키,Crunch,깨물어부수기
Umbreon,블래키,Curse,저주
Umbreon,블래키,Dark Pulse,악의파동
Umbreon,블래키,Detect,판별
Umbreon,블래키,Dig,구멍파기
Umbreon,블래키,Double-Edge,이판사판태클
Umbreon,블래키,Endure,버티기
Umbreon,블래키,Facade,객기
Umbreon,블래키,Fake Tears,거짓울음
Umbreon,블래키,Flail,바둥바둥
Umbreon,블래키,Focus Energy,기충전
Umbreon,블래키,Foul Play,속임수
Umbreon,블래키,Giga Impact,기가임팩트
Umbreon,블래키,Guard Swap,가드스웹
Umbreon,블래키,Helping Hand,도우미
Umbreon,블래키,Hyper Beam,파괴광선
Umbreon,블래키,Hyper Voice,하이퍼보이스
Umbreon,블래키,Lash Out,분풀이
Umbreon,블래키,Last Resort,뒀다쓰기
Umbreon,블래키,Light Screen,빛의장막
Umbreon,블래키,Mean Look,검은눈빛
Umbreon,블래키,Moonlight,달의불빛
Umbreon,블래키,Mud-Slap,진흙뿌리기
Umbreon,블래키,Payback,보복
Umbreon,블래키,Protect,방어
Umbreon,블래키,Psych Up,자기암시
Umbreon,블래키,Psychic,사이코키네시스
Umbreon,블래키,Quick Attack,전광석화
Umbreon,블래키,Rain Dance,비바라기
Umbreon,블래키,Reflect,리플렉터
Umbreon,블래키,Rest,잠자기
Umbreon,블래키,Roar,울부짖기
Umbreon,블래키,Round,돌림노래
Umbreon,블래키,Scary Face,겁나는얼굴
Umbreon,블래키,Screech,싫은소리
Umbreon,블래키,Shadow Ball,섀도볼
Umbreon,블래키,Skill Swap,스킬스웹
Umbreon,블래키,Sleep Talk,잠꼬대
Umbreon,블래키,Snarl,바크아웃
Umbreon,블래키,Snore,코골기
Umbreon,블래키,Spite,원한
Umbreon,블래키,Stored Power,어시스트파워
Umbreon,블래키,Substitute,대타출동
Umbreon,블래키,Sunny Day,쾌청
Umbreon,블래키,Swagger,뽐내기
Umbreon,블래키,Taunt,도발
Umbreon,블래키,Thief,도둑질
Umbreon,블래키,Throat Chop,지옥찌르기
Umbreon,블래키,Thunder Wave,전기자석파
Umbreon,블래키,Tickle,간지르기
Umbreon,블래키,Torment,트집
Umbreon,블래키,Toxic,맹독
Umbreon,블래키,Trailblaze,개척하기
Umbreon,블래키,Weather Ball,웨더볼
Umbreon,블래키,Wish,희망사항
Umbreon,블래키,Yawn,하품
Slowking,야도킹,Amnesia,망각술
Slowking,야도킹,Avalanche,눈사태
Slowking,야도킹,Belch,트림
Slowking,야도킹,Belly Drum,배북
Slowking,야도킹,Blizzard,눈보라
Slowking,야도킹,Block,블록
Slowking,야도킹,Body Slam,누르기
Slowking,야도킹,Brick Break,깨트리다
Slowking,야도킹,Bulldoze,땅고르기
Slowking,야도킹,Calm Mind,명상
Slowking,야도킹,Chilling Water,찬물끼얹기
Slowking,야도킹,Chilly Reception,썰렁개그
Slowking,야도킹,Curse,저주
Slowking,야도킹,Dig,구멍파기
Slowking,야도킹,Disable,사슬묶기
Slowking,야도킹,Dive,다이빙
Slowking,야도킹,Drain Punch,드레인펀치
Slowking,야도킹,Earthquake,지진
Slowking,야도킹,Endure,버티기
Slowking,야도킹,Expanding Force,와이드포스
Slowking,야도킹,Facade,객기
Slowking,야도킹,Fire Blast,불대문자
Slowking,야도킹,Fire Punch,불꽃펀치
Slowking,야도킹,Flamethrower,화염방사
Slowking,야도킹,Fling,내던지기
Slowking,야도킹,Focus Blast,기합구슬
Slowking,야도킹,Focus Punch,힘껏펀치
Slowking,야도킹,Foul Play,속임수
Slowking,야도킹,Future Sight,미래예지
Slowking,야도킹,Giga Impact,기가임팩트
Slowking,야도킹,Grass Knot,풀묶기
Slowking,야도킹,Heal Pulse,치유파동
Slowking,야도킹,Helping Hand,도우미
Slowking,야도킹,Hydro Pump,하이드로펌프
Slowking,야도킹,Hyper Beam,파괴광선
Slowking,야도킹,Ice Beam,냉동빔
Slowking,야도킹,Ice Punch,냉동펀치
Slowking,야도킹,Icy Wind,얼다바람
Slowking,야도킹,Imprison,봉인
Slowking,야도킹,Iron Defense,철벽
Slowking,야도킹,Iron Tail,아이언테일
Slowking,야도킹,Light Screen,빛의장막
Slowking,야도킹,Liquidation,아쿠아브레이크
Slowking,야도킹,Mud Shot,머드숏
Slowking,야도킹,Muddy Water,탁류
Slowking,야도킹,Nasty Plot,나쁜음모
Slowking,야도킹,Power Gem,파워젬
Slowking,야도킹,Protect,방어
Slowking,야도킹,Psych Up,자기암시
Slowking,야도킹,Psychic,사이코키네시스
Slowking,야도킹,Psychic Noise,사이코노이즈
Slowking,야도킹,Psychic Terrain,사이코필드
Slowking,야도킹,Psyshock,사이코쇼크
Slowking,야도킹,Rain Dance,비바라기
Slowking,야도킹,Razor Shell,셸블레이드
Slowking,야도킹,Reflect,리플렉터
Slowking,야도킹,Rest,잠자기
Slowking,야도킹,Rock Slide,스톤샤워
Slowking,야도킹,Rock Tomb,암석봉인
Slowking,야도킹,Round,돌림노래
Slowking,야도킹,Safeguard,신비의부적
Slowking,야도킹,Scald,열탕
Slowking,야도킹,Shadow Ball,섀도볼
Slowking,야도킹,Skill Swap,스킬스웹
Slowking,야도킹,Slack Off,태만함
Slowking,야도킹,Sleep Talk,잠꼬대
Slowking,야도킹,Snore,코골기
Slowking,야도킹,Snowscape,설경
Slowking,야도킹,Stored Power,어시스트파워
Slowking,야도킹,Substitute,대타출동
Slowking,야도킹,Sunny Day,쾌청
Slowking,야도킹,Surf,파도타기
Slowking,야도킹,Swagger,뽐내기
Slowking,야도킹,Thunder Punch,번개펀치
Slowking,야도킹,Thunder Wave,전기자석파
Slowking,야도킹,Tri Attack,트라이어택
Slowking,야도킹,Trick,트릭
Slowking,야도킹,Trick Room,트릭룸
Slowking,야도킹,Water Pulse,물의파동
Slowking,야도킹,Waterfall,폭포오르기
Slowking,야도킹,Weather Ball,웨더볼
Slowking,야도킹,Whirlpool,바다회오리
Slowking,야도킹,Wonder Room,원더룸
Slowking,야도킹,Yawn,하품
Slowking,야도킹,Zen Headbutt,사념의박치기
Slowking-Galar,가라르 야도킹,Acid Spray,애시드봄
Slowking-Galar,가라르 야도킹,Amnesia,망각술
Slowking-Galar,가라르 야도킹,Avalanche,눈사태
Slowking-Galar,가라르 야도킹,Belch,트림
Slowking-Galar,가라르 야도킹,Belly Drum,배북
Slowking-Galar,가라르 야도킹,Blizzard,눈보라
Slowking-Galar,가라르 야도킹,Block,블록
Slowking-Galar,가라르 야도킹,Body Slam,누르기
Slowking-Galar,가라르 야도킹,Brick Break,깨트리다
Slowking-Galar,가라르 야도킹,Bulldoze,땅고르기
Slowking-Galar,가라르 야도킹,Calm Mind,명상
Slowking-Galar,가라르 야도킹,Chilling Water,찬물끼얹기
Slowking-Galar,가라르 야도킹,Chilly Reception,썰렁개그
Slowking-Galar,가라르 야도킹,Curse,저주
Slowking-Galar,가라르 야도킹,Dig,구멍파기
Slowking-Galar,가라르 야도킹,Disable,사슬묶기
Slowking-Galar,가라르 야도킹,Dive,다이빙
Slowking-Galar,가라르 야도킹,Drain Punch,드레인펀치
Slowking-Galar,가라르 야도킹,Earthquake,지진
Slowking-Galar,가라르 야도킹,Eerie Spell,섬뜩한주문
Slowking-Galar,가라르 야도킹,Endure,버티기
Slowking-Galar,가라르 야도킹,Expanding Force,와이드포스
Slowking-Galar,가라르 야도킹,Facade,객기
Slowking-Galar,가라르 야도킹,Fire Blast,불대문자
Slowking-Galar,가라르 야도킹,Fire Punch,불꽃펀치
Slowking-Galar,가라르 야도킹,Flamethrower,화염방사
Slowking-Galar,가라르 야도킹,Fling,내던지기
Slowking-Galar,가라르 야도킹,Focus Blast,기합구슬
Slowking-Galar,가라르 야도킹,Foul Play,속임수
Slowking-Galar,가라르 야도킹,Future Sight,미래예지
Slowking-Galar,가라르 야도킹,Giga Impact,기가임팩트
Slowking-Galar,가라르 야도킹,Grass Knot,풀묶기
Slowking-Galar,가라르 야도킹,Gunk Shot,더스트슈트
Slowking-Galar,가라르 야도킹,Heal Pulse,치유파동
Slowking-Galar,가라르 야도킹,Helping Hand,도우미
Slowking-Galar,가라르 야도킹,Hex,병상첨병
Slowking-Galar,가라르 야도킹,Hydro Pump,하이드로펌프
Slowking-Galar,가라르 야도킹,Hyper Beam,파괴광선
Slowking-Galar,가라르 야도킹,Ice Beam,냉동빔
Slowking-Galar,가라르 야도킹,Ice Punch,냉동펀치
Slowking-Galar,가라르 야도킹,Icy Wind,얼다바람
Slowking-Galar,가라르 야도킹,Imprison,봉인
Slowking-Galar,가라르 야도킹,Iron Defense,철벽
Slowking-Galar,가라르 야도킹,Iron Tail,아이언테일
Slowking-Galar,가라르 야도킹,Light Screen,빛의장막
Slowking-Galar,가라르 야도킹,Liquidation,아쿠아브레이크
Slowking-Galar,가라르 야도킹,Low Sweep,로킥
Slowking-Galar,가라르 야도킹,Mud Shot,머드숏
Slowking-Galar,가라르 야도킹,Muddy Water,탁류
Slowking-Galar,가라르 야도킹,Nasty Plot,나쁜음모
Slowking-Galar,가라르 야도킹,Poison Jab,독찌르기
Slowking-Galar,가라르 야도킹,Power Gem,파워젬
Slowking-Galar,가라르 야도킹,Protect,방어
Slowking-Galar,가라르 야도킹,Psych Up,자기암시
Slowking-Galar,가라르 야도킹,Psychic,사이코키네시스
Slowking-Galar,가라르 야도킹,Psychic Noise,사이코노이즈
Slowking-Galar,가라르 야도킹,Psychic Terrain,사이코필드
Slowking-Galar,가라르 야도킹,Psyshock,사이코쇼크
Slowking-Galar,가라르 야도킹,Rain Dance,비바라기
Slowking-Galar,가라르 야도킹,Razor Shell,셸블레이드
Slowking-Galar,가라르 야도킹,Rest,잠자기
Slowking-Galar,가라르 야도킹,Round,돌림노래
Slowking-Galar,가라르 야도킹,Safeguard,신비의부적
Slowking-Galar,가라르 야도킹,Scary Face,겁나는얼굴
Slowking-Galar,가라르 야도킹,Shadow Ball,섀도볼
Slowking-Galar,가라르 야도킹,Skill Swap,스킬스웹
Slowking-Galar,가라르 야도킹,Slack Off,태만함
Slowking-Galar,가라르 야도킹,Sleep Talk,잠꼬대
Slowking-Galar,가라르 야도킹,Sludge Bomb,오물폭탄
Slowking-Galar,가라르 야도킹,Sludge Wave,오물웨이브
Slowking-Galar,가라르 야도킹,Snarl,바크아웃
Slowking-Galar,가라르 야도킹,Snore,코골기
Slowking-Galar,가라르 야도킹,Snowscape,설경
Slowking-Galar,가라르 야도킹,Stomping Tantrum,분함의발구르기
Slowking-Galar,가라르 야도킹,Stored Power,어시스트파워
Slowking-Galar,가라르 야도킹,Substitute,대타출동
Slowking-Galar,가라르 야도킹,Sunny Day,쾌청
Slowking-Galar,가라르 야도킹,Surf,파도타기
Slowking-Galar,가라르 야도킹,Swagger,뽐내기
Slowking-Galar,가라르 야도킹,Taunt,도발
Slowking-Galar,가라르 야도킹,Thunder Punch,번개펀치
Slowking-Galar,가라르 야도킹,Thunder Wave,전기자석파
Slowking-Galar,가라르 야도킹,Toxic,맹독
Slowking-Galar,가라르 야도킹,Toxic Spikes,독압정
Slowking-Galar,가라르 야도킹,Tri Attack,트라이어택
Slowking-Galar,가라르 야도킹,Trick,트릭
Slowking-Galar,가라르 야도킹,Trick Room,트릭룸
Slowking-Galar,가라르 야도킹,Venoshock,베놈쇼크
Slowking-Galar,가라르 야도킹,Water Pulse,물의파동
Slowking-Galar,가라르 야도킹,Waterfall,폭포오르기
Slowking-Galar,가라르 야도킹,Weather Ball,웨더볼
Slowking-Galar,가라르 야도킹,Whirlpool,바다회오리
Slowking-Galar,가라르 야도킹,Wonder Room,원더룸
Slowking-Galar,가라르 야도킹,Yawn,하품
Slowking-Galar,가라르 야도킹,Zen Headbutt,사념의박치기
Forretress,쏘콘,Body Press,바디프레스
Forretress,쏘콘,Body Slam,누르기
Forretress,쏘콘,Bug Bite,벌레먹음
Forretress,쏘콘,Bug Buzz,벌레의야단법석
Forretress,쏘콘,Bulldoze,땅고르기
Forretress,쏘콘,Counter,카운터
Forretress,쏘콘,Curse,저주
Forretress,쏘콘,Dig,구멍파기
Forretress,쏘콘,Double-Edge,이판사판태클
Forretress,쏘콘,Drill Run,드릴라이너
Forretress,쏘콘,Earth Power,대지의힘
Forretress,쏘콘,Earthquake,지진
Forretress,쏘콘,Endure,버티기
Forretress,쏘콘,Explosion,대폭발
Forretress,쏘콘,Facade,객기
Forretress,쏘콘,Flail,바둥바둥
Forretress,쏘콘,Flash Cannon,러스터캐논
Forretress,쏘콘,Giga Drain,기가드레인
Forretress,쏘콘,Giga Impact,기가임팩트
Forretress,쏘콘,Gravity,중력
Forretress,쏘콘,Gyro Ball,자이로볼
Forretress,쏘콘,Hard Press,하드프레스
Forretress,쏘콘,Heavy Slam,헤비봄버
Forretress,쏘콘,Helping Hand,도우미
Forretress,쏘콘,Hyper Beam,파괴광선
Forretress,쏘콘,Ice Spinner,아이스스피너
Forretress,쏘콘,Iron Defense,철벽
Forretress,쏘콘,Iron Head,아이언헤드
Forretress,쏘콘,Light Screen,빛의장막
Forretress,쏘콘,Lunge,덤벼들기
Forretress,쏘콘,Magnet Rise,전자부유
Forretress,쏘콘,Metal Sound,금속음
Forretress,쏘콘,Pain Split,아픔나누기
Forretress,쏘콘,Payback,보복
Forretress,쏘콘,Pin Missile,바늘미사일
Forretress,쏘콘,Poison Jab,독찌르기
Forretress,쏘콘,Pounce,달려들기
Forretress,쏘콘,Power Trick,파워트릭
Forretress,쏘콘,Protect,방어
Forretress,쏘콘,Rain Dance,비바라기
Forretress,쏘콘,Rapid Spin,고속스핀
Forretress,쏘콘,Reflect,리플렉터
Forretress,쏘콘,Rest,잠자기
Forretress,쏘콘,Reversal,기사회생
Forretress,쏘콘,Rock Blast,락블레스트
Forretress,쏘콘,Rock Slide,스톤샤워
Forretress,쏘콘,Rock Tomb,암석봉인
Forretress,쏘콘,Round,돌림노래
Forretress,쏘콘,Sand Tomb,모래지옥
Forretress,쏘콘,Sandstorm,모래바람
Forretress,쏘콘,Seed Bomb,씨폭탄
Forretress,쏘콘,Self-Destruct,자폭
Forretress,쏘콘,Sleep Talk,잠꼬대
Forretress,쏘콘,Smart Strike,스마트호른
Forretress,쏘콘,Snore,코골기
Forretress,쏘콘,Solar Beam,솔라빔
Forretress,쏘콘,Spikes,압정뿌리기
Forretress,쏘콘,Stealth Rock,스텔스록
Forretress,쏘콘,Steel Beam,철제광선
Forretress,쏘콘,Steel Roller,아이언롤러
Forretress,쏘콘,Stone Edge,스톤에지
Forretress,쏘콘,Struggle Bug,벌레의저항
Forretress,쏘콘,Substitute,대타출동
Forretress,쏘콘,Sunny Day,쾌청
Forretress,쏘콘,Thunder Wave,전기자석파
Forretress,쏘콘,Toxic Spikes,독압정
Forretress,쏘콘,Venoshock,베놈쇼크
Forretress,쏘콘,Volt Switch,볼트체인지
Forretress,쏘콘,Zap Cannon,전자포
Steelix,강철톤,Ancient Power,원시의힘
Steelix,강철톤,Attract,헤롱헤롱
Steelix,강철톤,Bind,조이기
Steelix,강철톤,Block,블록
Steelix,강철톤,Body Press,바디프레스
Steelix,강철톤,Body Slam,누르기
Steelix,강철톤,Breaking Swipe,와이드브레이커
Steelix,강철톤,Brutal Swing,세차게휘두르기
Steelix,강철톤,Bulldoze,땅고르기
Steelix,강철톤,Crunch,깨물어부수기
Steelix,강철톤,Curse,저주
Steelix,강철톤,Dark Pulse,악의파동
Steelix,강철톤,Dig,구멍파기
Steelix,강철톤,Double-Edge,이판사판태클
Steelix,강철톤,Dragon Dance,용의춤
Steelix,강철톤,Dragon Pulse,용의파동
Steelix,강철톤,Dragon Tail,드래곤테일
Steelix,강철톤,Drill Run,드릴라이너
Steelix,강철톤,Earth Power,대지의힘
Steelix,강철톤,Earthquake,지진
Steelix,강철톤,Endure,버티기
Steelix,강철톤,Facade,객기
Steelix,강철톤,Fire Fang,불꽃엄니
Steelix,강철톤,Fissure,땅가르기
Steelix,강철톤,Flail,바둥바둥
Steelix,강철톤,Flash Cannon,러스터캐논
Steelix,강철톤,Giga Impact,기가임팩트
Steelix,강철톤,Gyro Ball,자이로볼
Steelix,강철톤,Head Smash,양날박치기
Steelix,강철톤,Heavy Slam,헤비봄버
Steelix,강철톤,High Horsepower,10만마력
Steelix,강철톤,Hyper Beam,파괴광선
Steelix,강철톤,Ice Fang,얼음엄니
Steelix,강철톤,Iron Defense,철벽
Steelix,강철톤,Iron Head,아이언헤드
Steelix,강철톤,Iron Tail,아이언테일
Steelix,강철톤,Magnet Rise,전자부유
Steelix,강철톤,Meteor Beam,메테오빔
Steelix,강철톤,Payback,보복
Steelix,강철톤,Protect,방어
Steelix,강철톤,Psychic Fangs,사이코팽
Steelix,강철톤,Rest,잠자기
Steelix,강철톤,Rock Blast,락블레스트
Steelix,강철톤,Rock Polish,록커트
Steelix,강철톤,Rock Slide,스톤샤워
Steelix,강철톤,Rock Tomb,암석봉인
Steelix,강철톤,Round,돌림노래
Steelix,강철톤,Sand Tomb,모래지옥
Steelix,강철톤,Sandstorm,모래바람
Steelix,강철톤,Scary Face,겁나는얼굴
Steelix,강철톤,Scorching Sands,열사의대지
Steelix,강철톤,Screech,싫은소리
Steelix,강철톤,Self-Destruct,자폭
Steelix,강철톤,Sleep Talk,잠꼬대
Steelix,강철톤,Smack Down,떨어뜨리기
Steelix,강철톤,Snore,코골기
Steelix,강철톤,Stealth Rock,스텔스록
Steelix,강철톤,Steel Beam,철제광선
Steelix,강철톤,Steel Roller,아이언롤러
Steelix,강철톤,Stomping Tantrum,분함의발구르기
Steelix,강철톤,Stone Edge,스톤에지
Steelix,강철톤,Substitute,대타출동
Steelix,강철톤,Sunny Day,쾌청
Steelix,강철톤,Taunt,도발
Steelix,강철톤,Thunder Fang,번개엄니
Steelix,강철톤,Wide Guard,와이드가드
Qwilfish,침바루,Acid Spray,애시드봄
Qwilfish,침바루,Acupressure,경혈찌르기
Qwilfish,침바루,Agility,고속이동
Qwilfish,침바루,Aqua Jet,아쿠아제트
Qwilfish,침바루,Aqua Tail,아쿠아테일
Qwilfish,침바루,Assurance,승부굳히기
Qwilfish,침바루,Barb Barrage,독침천발
Qwilfish,침바루,Blizzard,눈보라
Qwilfish,침바루,Chilling Water,찬물끼얹기
Qwilfish,침바루,Crunch,깨물어부수기
Qwilfish,침바루,Curse,저주
Qwilfish,침바루,Destiny Bond,길동무
Qwilfish,침바루,Dive,다이빙
Qwilfish,침바루,Double-Edge,이판사판태클
Qwilfish,침바루,Endure,버티기
Qwilfish,침바루,Facade,객기
Qwilfish,침바루,Fell Stinger,마지막일침
Qwilfish,침바루,Flail,바둥바둥
Qwilfish,침바루,Flip Turn,퀵턴
Qwilfish,침바루,Giga Impact,기가임팩트
Qwilfish,침바루,Gunk Shot,더스트슈트
Qwilfish,침바루,Gyro Ball,자이로볼
Qwilfish,침바루,Haze,흑안개
Qwilfish,침바루,Hex,병상첨병
Qwilfish,침바루,Hydro Pump,하이드로펌프
Qwilfish,침바루,Ice Beam,냉동빔
Qwilfish,침바루,Icy Wind,얼다바람
Qwilfish,침바루,Liquidation,아쿠아브레이크
Qwilfish,침바루,Minimize,작아지기
Qwilfish,침바루,Mud Shot,머드숏
Qwilfish,침바루,Pain Split,아픔나누기
Qwilfish,침바루,Payback,보복
Qwilfish,침바루,Pin Missile,바늘미사일
Qwilfish,침바루,Poison Jab,독찌르기
Qwilfish,침바루,Protect,방어
Qwilfish,침바루,Rain Dance,비바라기
Qwilfish,침바루,Rest,잠자기
Qwilfish,침바루,Reversal,기사회생
Qwilfish,침바루,Round,돌림노래
Qwilfish,침바루,Scale Shot,스케일샷
Qwilfish,침바루,Scary Face,겁나는얼굴
Qwilfish,침바루,Self-Destruct,자폭
Qwilfish,침바루,Shadow Ball,섀도볼
Qwilfish,침바루,Sleep Talk,잠꼬대
Qwilfish,침바루,Sludge Bomb,오물폭탄
Qwilfish,침바루,Sludge Wave,오물웨이브
Qwilfish,침바루,Snore,코골기
Qwilfish,침바루,Spikes,압정뿌리기
Qwilfish,침바루,Spit Up,토해내기
Qwilfish,침바루,Spite,원한
Qwilfish,침바루,Steel Roller,아이언롤러
Qwilfish,침바루,Stockpile,비축하기
Qwilfish,침바루,Substitute,대타출동
Qwilfish,침바루,Surf,파도타기
Qwilfish,침바루,Swords Dance,칼춤
Qwilfish,침바루,Taunt,도발
Qwilfish,침바루,Throat Chop,지옥찌르기
Qwilfish,침바루,Thunder Wave,전기자석파
Qwilfish,침바루,Toxic,맹독
Qwilfish,침바루,Toxic Spikes,독압정
Qwilfish,침바루,Venoshock,베놈쇼크
Qwilfish,침바루,Water Pulse,물의파동
Qwilfish,침바루,Waterfall,폭포오르기
Qwilfish,침바루,Whirlpool,바다회오리
Scizor,핫삼,Acrobatics,애크러뱃
Scizor,핫삼,Aerial Ace,제비반환
Scizor,핫삼,Agility,고속이동
Scizor,핫삼,Air Cutter,에어컷터
Scizor,핫삼,Air Slash,에어슬래시
Scizor,핫삼,Assurance,승부굳히기
Scizor,핫삼,Baton Pass,바톤터치
Scizor,핫삼,Brick Break,깨트리다
Scizor,핫삼,Brutal Swing,세차게휘두르기
Scizor,핫삼,Bug Bite,벌레먹음
Scizor,핫삼,Bug Buzz,벌레의야단법석
Scizor,핫삼,Bullet Punch,불릿펀치
Scizor,핫삼,Close Combat,인파이트
Scizor,핫삼,Counter,카운터
Scizor,핫삼,Curse,저주
Scizor,핫삼,Defog,안개제거
Scizor,핫삼,Double Hit,더블어택
Scizor,핫삼,Double Team,그림자분신
Scizor,핫삼,Double-Edge,이판사판태클
Scizor,핫삼,Dual Wingbeat,더블윙
Scizor,핫삼,Endure,버티기
Scizor,핫삼,Facade,객기
Scizor,핫삼,Feint,페인트
Scizor,핫삼,Flash Cannon,러스터캐논
Scizor,핫삼,Fling,내던지기
Scizor,핫삼,Focus Energy,기충전
Scizor,핫삼,Giga Impact,기가임팩트
Scizor,핫삼,Hard Press,하드프레스
Scizor,핫삼,Helping Hand,도우미
Scizor,핫삼,Hyper Beam,파괴광선
Scizor,핫삼,Iron Defense,철벽
Scizor,핫삼,Iron Head,아이언헤드
Scizor,핫삼,Knock Off,탁쳐서떨구기
Scizor,핫삼,Light Screen,빛의장막
Scizor,핫삼,Lunge,덤벼들기
Scizor,핫삼,Night Slash,깜짝베기
Scizor,핫삼,Pounce,달려들기
Scizor,핫삼,Protect,방어
Scizor,핫삼,Psycho Cut,사이코커터
Scizor,핫삼,Quick Attack,전광석화
Scizor,핫삼,Quick Guard,퍼스트가드
Scizor,핫삼,Rain Dance,비바라기
Scizor,핫삼,Rest,잠자기
Scizor,핫삼,Reversal,기사회생
Scizor,핫삼,Roost,날개쉬기
Scizor,핫삼,Round,돌림노래
Scizor,핫삼,Sandstorm,모래바람
Scizor,핫삼,Scary Face,겁나는얼굴
Scizor,핫삼,Skitter Smack,엄습하는일격
Scizor,핫삼,Slash,베어가르기
Scizor,핫삼,Sleep Talk,잠꼬대
Scizor,핫삼,Snore,코골기
Scizor,핫삼,Steel Beam,철제광선
Scizor,핫삼,Steel Wing,강철날개
Scizor,핫삼,Struggle Bug,벌레의저항
Scizor,핫삼,Substitute,대타출동
Scizor,핫삼,Sunny Day,쾌청
Scizor,핫삼,Superpower,엄청난힘
Scizor,핫삼,Swords Dance,칼춤
Scizor,핫삼,Tailwind,순풍
Scizor,핫삼,Thief,도둑질
Scizor,핫삼,Trailblaze,개척하기
Scizor,핫삼,U-turn,유턴
Scizor,핫삼,Vacuum Wave,진공파
Scizor,핫삼,X-Scissor,시저크로스
Heracross,헤라크로스,Aerial Ace,제비반환
Heracross,헤라크로스,Assurance,승부굳히기
Heracross,헤라크로스,Body Slam,누르기
Heracross,헤라크로스,Brick Break,깨트리다
Heracross,헤라크로스,Brutal Swing,세차게휘두르기
Heracross,헤라크로스,Bug Bite,벌레먹음
Heracross,헤라크로스,Bug Buzz,벌레의야단법석
Heracross,헤라크로스,Bulk Up,벌크업
Heracross,헤라크로스,Bulldoze,땅고르기
Heracross,헤라크로스,Bullet Seed,기관총
Heracross,헤라크로스,Circle Throw,배대뒤치기
Heracross,헤라크로스,Close Combat,인파이트
Heracross,헤라크로스,Coaching,코칭
Heracross,헤라크로스,Counter,카운터
Heracross,헤라크로스,Curse,저주
Heracross,헤라크로스,Detect,판별
Heracross,헤라크로스,Dig,구멍파기
Heracross,헤라크로스,Double-Edge,이판사판태클
Heracross,헤라크로스,Earthquake,지진
Heracross,헤라크로스,Endeavor,죽기살기
Heracross,헤라크로스,Endure,버티기
Heracross,헤라크로스,Facade,객기
Heracross,헤라크로스,Feint,페인트
Heracross,헤라크로스,Flail,바둥바둥
Heracross,헤라크로스,Fling,내던지기
Heracross,헤라크로스,Focus Blast,기합구슬
Heracross,헤라크로스,Focus Punch,힘껏펀치
Heracross,헤라크로스,Giga Impact,기가임팩트
Heracross,헤라크로스,Helping Hand,도우미
Heracross,헤라크로스,High Horsepower,10만마력
Heracross,헤라크로스,Hyper Beam,파괴광선
Heracross,헤라크로스,Iron Defense,철벽
Heracross,헤라크로스,Knock Off,탁쳐서떨구기
Heracross,헤라크로스,Low Kick,안다리걸기
Heracross,헤라크로스,Lunge,덤벼들기
Heracross,헤라크로스,Megahorn,메가폰
Heracross,헤라크로스,Night Slash,깜짝베기
Heracross,헤라크로스,Pin Missile,바늘미사일
Heracross,헤라크로스,Pounce,달려들기
Heracross,헤라크로스,Protect,방어
Heracross,헤라크로스,Rain Dance,비바라기
Heracross,헤라크로스,Rest,잠자기
Heracross,헤라크로스,Reversal,기사회생
Heracross,헤라크로스,Rock Blast,락블레스트
Heracross,헤라크로스,Rock Slide,스톤샤워
Heracross,헤라크로스,Rock Tomb,암석봉인
Heracross,헤라크로스,Round,돌림노래
Heracross,헤라크로스,Seismic Toss,지구던지기
Heracross,헤라크로스,Shadow Claw,섀도크루
Heracross,헤라크로스,Skitter Smack,엄습하는일격
Heracross,헤라크로스,Sleep Talk,잠꼬대
Heracross,헤라크로스,Smack Down,떨어뜨리기
Heracross,헤라크로스,Smart Strike,스마트호른
Heracross,헤라크로스,Snore,코골기
Heracross,헤라크로스,Spikes,압정뿌리기
Heracross,헤라크로스,Stone Edge,스톤에지
Heracross,헤라크로스,Struggle Bug,벌레의저항
Heracross,헤라크로스,Substitute,대타출동
Heracross,헤라크로스,Sunny Day,쾌청
Heracross,헤라크로스,Swords Dance,칼춤
Heracross,헤라크로스,Thief,도둑질
Heracross,헤라크로스,Thrash,난동부리기
Heracross,헤라크로스,Throat Chop,지옥찌르기
Heracross,헤라크로스,Trailblaze,개척하기
Heracross,헤라크로스,Upper Hand,기선제압
Heracross,헤라크로스,Vacuum Wave,진공파
Skarmory,무장조,Aerial Ace,제비반환
Skarmory,무장조,Agility,고속이동
Skarmory,무장조,Air Cutter,에어컷터
Skarmory,무장조,Air Slash,에어슬래시
Skarmory,무장조,Assurance,승부굳히기
Skarmory,무장조,Body Press,바디프레스
Skarmory,무장조,Brave Bird,브레이브버드
Skarmory,무장조,Curse,저주
Skarmory,무장조,Dark Pulse,악의파동
Skarmory,무장조,Drill Peck,회전부리
Skarmory,무장조,Drill Run,드릴라이너
Skarmory,무장조,Dual Wingbeat,더블윙
Skarmory,무장조,Endure,버티기
Skarmory,무장조,Facade,객기
Skarmory,무장조,Feint,페인트
Skarmory,무장조,Flash Cannon,러스터캐논
Skarmory,무장조,Fly,공중날기
Skarmory,무장조,Giga Impact,기가임팩트
Skarmory,무장조,Hurricane,폭풍
Skarmory,무장조,Hyper Beam,파괴광선
Skarmory,무장조,Icy Wind,얼다바람
Skarmory,무장조,Iron Defense,철벽
Skarmory,무장조,Iron Head,아이언헤드
Skarmory,무장조,Metal Sound,금속음
Skarmory,무장조,Night Slash,깜짝베기
Skarmory,무장조,Payback,보복
Skarmory,무장조,Protect,방어
Skarmory,무장조,Rest,잠자기
Skarmory,무장조,Reversal,기사회생
Skarmory,무장조,Roar,울부짖기
Skarmory,무장조,Rock Slide,스톤샤워
Skarmory,무장조,Rock Tomb,암석봉인
Skarmory,무장조,Roost,날개쉬기
Skarmory,무장조,Round,돌림노래
Skarmory,무장조,Sand Tomb,모래지옥
Skarmory,무장조,Sandstorm,모래바람
Skarmory,무장조,Sky Attack,불새
Skarmory,무장조,Slash,베어가르기
Skarmory,무장조,Sleep Talk,잠꼬대
Skarmory,무장조,Snore,코골기
Skarmory,무장조,Spikes,압정뿌리기
Skarmory,무장조,Stealth Rock,스텔스록
Skarmory,무장조,Steel Beam,철제광선
Skarmory,무장조,Steel Wing,강철날개
Skarmory,무장조,Substitute,대타출동
Skarmory,무장조,Sunny Day,쾌청
Skarmory,무장조,Swords Dance,칼춤
Skarmory,무장조,Tailwind,순풍
Skarmory,무장조,Taunt,도발
Skarmory,무장조,Thief,도둑질
Skarmory,무장조,Whirlwind,날려버리기
Skarmory,무장조,X-Scissor,시저크로스
Houndoom,헬가,Beat Up,집단구타
Houndoom,헬가,Bite,물기
Houndoom,헬가,Body Slam,누르기
Houndoom,헬가,Burning Jealousy,질투의불꽃
Houndoom,헬가,Comeuppance,앙갚음
Houndoom,헬가,Counter,카운터
Houndoom,헬가,Crunch,깨물어부수기
Houndoom,헬가,Dark Pulse,악의파동
Houndoom,헬가,Destiny Bond,길동무
Houndoom,헬가,Double-Edge,이판사판태클
Houndoom,헬가,Endeavor,죽기살기
Houndoom,헬가,Endure,버티기
Houndoom,헬가,Facade,객기
Houndoom,헬가,Feint,페인트
Houndoom,헬가,Fire Blast,불대문자
Houndoom,헬가,Fire Fang,불꽃엄니
Houndoom,헬가,Fire Spin,회오리불꽃
Houndoom,헬가,Flame Charge,니트로차지
Houndoom,헬가,Flamethrower,화염방사
Houndoom,헬가,Flare Blitz,플레어드라이브
Houndoom,헬가,Foul Play,속임수
Houndoom,헬가,Giga Impact,기가임팩트
Houndoom,헬가,Heat Wave,열풍
Houndoom,헬가,Helping Hand,도우미
Houndoom,헬가,Howl,멀리짖음
Houndoom,헬가,Hyper Beam,파괴광선
Houndoom,헬가,Hyper Voice,하이퍼보이스
Houndoom,헬가,Inferno,연옥
Houndoom,헬가,Iron Tail,아이언테일
Houndoom,헬가,Lash Out,분풀이
Houndoom,헬가,Mud Shot,머드숏
Houndoom,헬가,Mud-Slap,진흙뿌리기
Houndoom,헬가,Nasty Plot,나쁜음모
Houndoom,헬가,Overheat,오버히트
Houndoom,헬가,Pain Split,아픔나누기
Houndoom,헬가,Payback,보복
Houndoom,헬가,Protect,방어
Houndoom,헬가,Psychic Fangs,사이코팽
Houndoom,헬가,Rain Dance,비바라기
Houndoom,헬가,Rest,잠자기
Houndoom,헬가,Reversal,기사회생
Houndoom,헬가,Roar,울부짖기
Houndoom,헬가,Round,돌림노래
Houndoom,헬가,Scary Face,겁나는얼굴
Houndoom,헬가,Scorching Sands,열사의대지
Houndoom,헬가,Shadow Ball,섀도볼
Houndoom,헬가,Sleep Talk,잠꼬대
Houndoom,헬가,Sludge Bomb,오물폭탄
Houndoom,헬가,Snarl,바크아웃
Houndoom,헬가,Snore,코골기
Houndoom,헬가,Solar Beam,솔라빔
Houndoom,헬가,Spite,원한
Houndoom,헬가,Substitute,대타출동
Houndoom,헬가,Sucker Punch,기습
Houndoom,헬가,Sunny Day,쾌청
Houndoom,헬가,Super Fang,분노의앞니
Houndoom,헬가,Swagger,뽐내기
Houndoom,헬가,Taunt,도발
Houndoom,헬가,Temper Flare,열불내기
Houndoom,헬가,Thief,도둑질
Houndoom,헬가,Throat Chop,지옥찌르기
Houndoom,헬가,Thunder Fang,번개엄니
Houndoom,헬가,Torment,트집
Houndoom,헬가,Toxic,맹독
Houndoom,헬가,Trailblaze,개척하기
Houndoom,헬가,Uproar,소란피기
Houndoom,헬가,Will-O-Wisp,도깨비불
Tyranitar,마기라스,Aerial Ace,제비반환
Tyranitar,마기라스,Ancient Power,원시의힘
Tyranitar,마기라스,Assurance,승부굳히기
Tyranitar,마기라스,Avalanche,눈사태
Tyranitar,마기라스,Bite,물기
Tyranitar,마기라스,Blizzard,눈보라
Tyranitar,마기라스,Body Press,바디프레스
Tyranitar,마기라스,Body Slam,누르기
Tyranitar,마기라스,Breaking Swipe,와이드브레이커
Tyranitar,마기라스,Brick Break,깨트리다
Tyranitar,마기라스,Brutal Swing,세차게휘두르기
Tyranitar,마기라스,Bulldoze,땅고르기
Tyranitar,마기라스,Crunch,깨물어부수기
Tyranitar,마기라스,Curse,저주
Tyranitar,마기라스,Dark Pulse,악의파동
Tyranitar,마기라스,Dig,구멍파기
Tyranitar,마기라스,Double-Edge,이판사판태클
Tyranitar,마기라스,Dragon Claw,드래곤크루
Tyranitar,마기라스,Dragon Dance,용의춤
Tyranitar,마기라스,Dragon Pulse,용의파동
Tyranitar,마기라스,Dragon Tail,드래곤테일
Tyranitar,마기라스,Earth Power,대지의힘
Tyranitar,마기라스,Earthquake,지진
Tyranitar,마기라스,Endure,버티기
Tyranitar,마기라스,Facade,객기
Tyranitar,마기라스,Fire Blast,불대문자
Tyranitar,마기라스,Fire Fang,불꽃엄니
Tyranitar,마기라스,Fire Punch,불꽃펀치
Tyranitar,마기라스,Flamethrower,화염방사
Tyranitar,마기라스,Fling,내던지기
Tyranitar,마기라스,Focus Blast,기합구슬
Tyranitar,마기라스,Focus Energy,기충전
Tyranitar,마기라스,Focus Punch,힘껏펀치
Tyranitar,마기라스,Foul Play,속임수
Tyranitar,마기라스,Giga Impact,기가임팩트
Tyranitar,마기라스,Hard Press,하드프레스
Tyranitar,마기라스,Heavy Slam,헤비봄버
Tyranitar,마기라스,Helping Hand,도우미
Tyranitar,마기라스,High Horsepower,10만마력
Tyranitar,마기라스,Hydro Pump,하이드로펌프
Tyranitar,마기라스,Hyper Beam,파괴광선
Tyranitar,마기라스,Ice Beam,냉동빔
Tyranitar,마기라스,Ice Fang,얼음엄니
Tyranitar,마기라스,Ice Punch,냉동펀치
Tyranitar,마기라스,Icy Wind,얼다바람
Tyranitar,마기라스,Iron Defense,철벽
Tyranitar,마기라스,Iron Head,아이언헤드
Tyranitar,마기라스,Iron Tail,아이언테일
Tyranitar,마기라스,Knock Off,탁쳐서떨구기
Tyranitar,마기라스,Lash Out,분풀이
Tyranitar,마기라스,Low Kick,안다리걸기
Tyranitar,마기라스,Mega Kick,메가톤킥
Tyranitar,마기라스,Mud Shot,머드숏
Tyranitar,마기라스,Mud-Slap,진흙뿌리기
Tyranitar,마기라스,Muddy Water,탁류
Tyranitar,마기라스,Outrage,역린
Tyranitar,마기라스,Payback,보복
Tyranitar,마기라스,Power Gem,파워젬
Tyranitar,마기라스,Protect,방어
Tyranitar,마기라스,Rain Dance,비바라기
Tyranitar,마기라스,Rest,잠자기
Tyranitar,마기라스,Roar,울부짖기
Tyranitar,마기라스,Rock Blast,락블레스트
Tyranitar,마기라스,Rock Slide,스톤샤워
Tyranitar,마기라스,Rock Tomb,암석봉인
Tyranitar,마기라스,Round,돌림노래
Tyranitar,마기라스,Sand Tomb,모래지옥
Tyranitar,마기라스,Sandstorm,모래바람
Tyranitar,마기라스,Scary Face,겁나는얼굴
Tyranitar,마기라스,Screech,싫은소리
Tyranitar,마기라스,Shadow Claw,섀도크루
Tyranitar,마기라스,Sleep Talk,잠꼬대
Tyranitar,마기라스,Smack Down,떨어뜨리기
Tyranitar,마기라스,Snarl,바크아웃
Tyranitar,마기라스,Snore,코골기
Tyranitar,마기라스,Spite,원한
Tyranitar,마기라스,Stealth Rock,스텔스록
Tyranitar,마기라스,Stomping Tantrum,분함의발구르기
Tyranitar,마기라스,Stone Edge,스톤에지
Tyranitar,마기라스,Substitute,대타출동
Tyranitar,마기라스,Sunny Day,쾌청
Tyranitar,마기라스,Superpower,엄청난힘
Tyranitar,마기라스,Surf,파도타기
Tyranitar,마기라스,Swagger,뽐내기
Tyranitar,마기라스,Taunt,도발
Tyranitar,마기라스,Thrash,난동부리기
Tyranitar,마기라스,Thunder,번개
Tyranitar,마기라스,Thunder Fang,번개엄니
Tyranitar,마기라스,Thunder Punch,번개펀치
Tyranitar,마기라스,Thunder Wave,전기자석파
Tyranitar,마기라스,Thunderbolt,10만볼트
Tyranitar,마기라스,Uproar,소란피기
Sceptile,나무킹,Acrobatics,애크러뱃
Sceptile,나무킹,Aerial Ace,제비반환
Sceptile,나무킹,Agility,고속이동
Sceptile,나무킹,Assurance,승부굳히기
Sceptile,나무킹,Body Slam,누르기
Sceptile,나무킹,Breaking Swipe,와이드브레이커
Sceptile,나무킹,Brick Break,깨트리다
Sceptile,나무킹,Brutal Swing,세차게휘두르기
Sceptile,나무킹,Bulldoze,땅고르기
Sceptile,나무킹,Bullet Seed,기관총
Sceptile,나무킹,Cross Poison,크로스포이즌
Sceptile,나무킹,Crunch,깨물어부수기
Sceptile,나무킹,Detect,판별
Sceptile,나무킹,Dig,구멍파기
Sceptile,나무킹,Double Team,그림자분신
Sceptile,나무킹,Double-Edge,이판사판태클
Sceptile,나무킹,Dragon Cheer,드래곤옐
Sceptile,나무킹,Dragon Claw,드래곤크루
Sceptile,나무킹,Dragon Dance,용의춤
Sceptile,나무킹,Dragon Pulse,용의파동
Sceptile,나무킹,Dragon Rush,드래곤다이브
Sceptile,나무킹,Dragon Tail,드래곤테일
Sceptile,나무킹,Drain Punch,드레인펀치
Sceptile,나무킹,Earth Power,대지의힘
Sceptile,나무킹,Earthquake,지진
Sceptile,나무킹,Endeavor,죽기살기
Sceptile,나무킹,Endure,버티기
Sceptile,나무킹,Energy Ball,에너지볼
Sceptile,나무킹,Facade,객기
Sceptile,나무킹,Fling,내던지기
Sceptile,나무킹,Focus Blast,기합구슬
Sceptile,나무킹,Focus Punch,힘껏펀치
Sceptile,나무킹,Frenzy Plant,하드플랜트
Sceptile,나무킹,Giga Drain,기가드레인
Sceptile,나무킹,Giga Impact,기가임팩트
Sceptile,나무킹,Grass Knot,풀묶기
Sceptile,나무킹,Grassy Glide,그래스슬라이더
Sceptile,나무킹,Grassy Terrain,그래스필드
Sceptile,나무킹,Helping Hand,도우미
Sceptile,나무킹,Hyper Beam,파괴광선
Sceptile,나무킹,Iron Tail,아이언테일
Sceptile,나무킹,Leaf Blade,리프블레이드
Sceptile,나무킹,Leaf Storm,리프스톰
Sceptile,나무킹,Leech Seed,씨뿌리기
Sceptile,나무킹,Low Kick,안다리걸기
Sceptile,나무킹,Low Sweep,로킥
Sceptile,나무킹,Mega Kick,메가톤킥
Sceptile,나무킹,Night Slash,깜짝베기
Sceptile,나무킹,Outrage,역린
Sceptile,나무킹,Protect,방어
Sceptile,나무킹,Quick Attack,전광석화
Sceptile,나무킹,Quick Guard,퍼스트가드
Sceptile,나무킹,Rest,잠자기
Sceptile,나무킹,Roar,울부짖기
Sceptile,나무킹,Rock Slide,스톤샤워
Sceptile,나무킹,Rock Tomb,암석봉인
Sceptile,나무킹,Round,돌림노래
Sceptile,나무킹,Scale Shot,스케일샷
Sceptile,나무킹,Screech,싫은소리
Sceptile,나무킹,Seed Bomb,씨폭탄
Sceptile,나무킹,Shed Tail,꼬리자르기
Sceptile,나무킹,Slash,베어가르기
Sceptile,나무킹,Sleep Talk,잠꼬대
Sceptile,나무킹,Snore,코골기
Sceptile,나무킹,Solar Beam,솔라빔
Sceptile,나무킹,Solar Blade,솔라블레이드
Sceptile,나무킹,Substitute,대타출동
Sceptile,나무킹,Sunny Day,쾌청
Sceptile,나무킹,Swords Dance,칼춤
Sceptile,나무킹,Synthesis,광합성
Sceptile,나무킹,Thief,도둑질
Sceptile,나무킹,Throat Chop,지옥찌르기
Sceptile,나무킹,Thunder Punch,번개펀치
Sceptile,나무킹,Trailblaze,개척하기
Sceptile,나무킹,Upper Hand,기선제압
Sceptile,나무킹,Vacuum Wave,진공파
Sceptile,나무킹,Worry Seed,고민씨
Sceptile,나무킹,X-Scissor,시저크로스
Blaziken,번치코,Acrobatics,애크러뱃
Blaziken,번치코,Aerial Ace,제비반환
Blaziken,번치코,Agility,고속이동
Blaziken,번치코,Assurance,승부굳히기
Blaziken,번치코,Aura Sphere,파동탄
Blaziken,번치코,Baton Pass,바톤터치
Blaziken,번치코,Blast Burn,블러스트번
Blaziken,번치코,Blaze Kick,브레이즈킥
Blaziken,번치코,Body Slam,누르기
Blaziken,번치코,Bounce,뛰어오르다
Blaziken,번치코,Brave Bird,브레이브버드
Blaziken,번치코,Brick Break,깨트리다
Blaziken,번치코,Bulk Up,벌크업
Blaziken,번치코,Bulldoze,땅고르기
Blaziken,번치코,Close Combat,인파이트
Blaziken,번치코,Coaching,코칭
Blaziken,번치코,Counter,카운터
Blaziken,번치코,Crush Claw,브레이크크루
Blaziken,번치코,Curse,저주
Blaziken,번치코,Detect,판별
Blaziken,번치코,Dig,구멍파기
Blaziken,번치코,Double-Edge,이판사판태클
Blaziken,번치코,Earthquake,지진
Blaziken,번치코,Endure,버티기
Blaziken,번치코,Facade,객기
Blaziken,번치코,Feather Dance,깃털댄스
Blaziken,번치코,Feint,페인트
Blaziken,번치코,Fire Blast,불대문자
Blaziken,번치코,Fire Punch,불꽃펀치
Blaziken,번치코,Fire Spin,회오리불꽃
Blaziken,번치코,Flame Charge,니트로차지
Blaziken,번치코,Flamethrower,화염방사
Blaziken,번치코,Flare Blitz,플레어드라이브
Blaziken,번치코,Fling,내던지기
Blaziken,번치코,Focus Blast,기합구슬
Blaziken,번치코,Focus Energy,기충전
Blaziken,번치코,Focus Punch,힘껏펀치
Blaziken,번치코,Giga Impact,기가임팩트
Blaziken,번치코,Heat Crash,히트스탬프
Blaziken,번치코,Heat Wave,열풍
Blaziken,번치코,Helping Hand,도우미
Blaziken,번치코,High Jump Kick,무릎차기
Blaziken,번치코,Hyper Beam,파괴광선
Blaziken,번치코,Knock Off,탁쳐서떨구기
Blaziken,번치코,Last Resort,뒀다쓰기
Blaziken,번치코,Low Kick,안다리걸기
Blaziken,번치코,Low Sweep,로킥
Blaziken,번치코,Mega Kick,메가톤킥
Blaziken,번치코,Mud-Slap,진흙뿌리기
Blaziken,번치코,Night Slash,깜짝베기
Blaziken,번치코,Overheat,오버히트
Blaziken,번치코,Poison Jab,독찌르기
Blaziken,번치코,Protect,방어
Blaziken,번치코,Quick Attack,전광석화
Blaziken,번치코,Rest,잠자기
Blaziken,번치코,Reversal,기사회생
Blaziken,번치코,Roar,울부짖기
Blaziken,번치코,Rock Slide,스톤샤워
Blaziken,번치코,Rock Tomb,암석봉인
Blaziken,번치코,Round,돌림노래
Blaziken,번치코,Scorching Sands,열사의대지
Blaziken,번치코,Shadow Claw,섀도크루
Blaziken,번치코,Slash,베어가르기
Blaziken,번치코,Sleep Talk,잠꼬대
Blaziken,번치코,Snore,코골기
Blaziken,번치코,Solar Beam,솔라빔
Blaziken,번치코,Stone Edge,스톤에지
Blaziken,번치코,Substitute,대타출동
Blaziken,번치코,Sunny Day,쾌청
Blaziken,번치코,Superpower,엄청난힘
Blaziken,번치코,Swords Dance,칼춤
Blaziken,번치코,Temper Flare,열불내기
Blaziken,번치코,Thief,도둑질
Blaziken,번치코,Thunder Punch,번개펀치
Blaziken,번치코,U-turn,유턴
Blaziken,번치코,Upper Hand,기선제압
Blaziken,번치코,Uproar,소란피기
Blaziken,번치코,Vacuum Wave,진공파
Blaziken,번치코,Will-O-Wisp,도깨비불
Swampert,대짱이,Amnesia,망각술
Swampert,대짱이,Ancient Power,원시의힘
Swampert,대짱이,Aqua Ring,아쿠아링
Swampert,대짱이,Avalanche,눈사태
Swampert,대짱이,Bite,물기
Swampert,대짱이,Blizzard,눈보라
Swampert,대짱이,Body Press,바디프레스
Swampert,대짱이,Body Slam,누르기
Swampert,대짱이,Brick Break,깨트리다
Swampert,대짱이,Bulk Up,벌크업
Swampert,대짱이,Bulldoze,땅고르기
Swampert,대짱이,Chilling Water,찬물끼얹기
Swampert,대짱이,Counter,카운터
Swampert,대짱이,Curse,저주
Swampert,대짱이,Dig,구멍파기
Swampert,대짱이,Dive,다이빙
Swampert,대짱이,Double-Edge,이판사판태클
Swampert,대짱이,Earth Power,대지의힘
Swampert,대짱이,Earthquake,지진
Swampert,대짱이,Endeavor,죽기살기
Swampert,대짱이,Endure,버티기
Swampert,대짱이,Facade,객기
Swampert,대짱이,Fling,내던지기
Swampert,대짱이,Flip Turn,퀵턴
Swampert,대짱이,Focus Blast,기합구슬
Swampert,대짱이,Focus Punch,힘껏펀치
Swampert,대짱이,Giga Impact,기가임팩트
Swampert,대짱이,Hammer Arm,암해머
Swampert,대짱이,Hard Press,하드프레스
Swampert,대짱이,Helping Hand,도우미
Swampert,대짱이,High Horsepower,10만마력
Swampert,대짱이,Hydro Cannon,하이드로캐논
Swampert,대짱이,Hydro Pump,하이드로펌프
Swampert,대짱이,Hyper Beam,파괴광선
Swampert,대짱이,Ice Beam,냉동빔
Swampert,대짱이,Ice Punch,냉동펀치
Swampert,대짱이,Icy Wind,얼다바람
Swampert,대짱이,Iron Tail,아이언테일
Swampert,대짱이,Knock Off,탁쳐서떨구기
Swampert,대짱이,Liquidation,아쿠아브레이크
Swampert,대짱이,Low Kick,안다리걸기
Swampert,대짱이,Mega Kick,메가톤킥
Swampert,대짱이,Mirror Coat,미러코트
Swampert,대짱이,Mud Shot,머드숏
Swampert,대짱이,Mud-Slap,진흙뿌리기
Swampert,대짱이,Muddy Water,탁류
Swampert,대짱이,Outrage,역린
Swampert,대짱이,Poison Jab,독찌르기
Swampert,대짱이,Protect,방어
Swampert,대짱이,Rain Dance,비바라기
Swampert,대짱이,Rest,잠자기
Swampert,대짱이,Roar,울부짖기
Swampert,대짱이,Rock Slide,스톤샤워
Swampert,대짱이,Rock Tomb,암석봉인
Swampert,대짱이,Round,돌림노래
Swampert,대짱이,Sand Tomb,모래지옥
Swampert,대짱이,Scary Face,겁나는얼굴
Swampert,대짱이,Screech,싫은소리
Swampert,대짱이,Sleep Talk,잠꼬대
Swampert,대짱이,Sludge Bomb,오물폭탄
Swampert,대짱이,Sludge Wave,오물웨이브
Swampert,대짱이,Smack Down,떨어뜨리기
Swampert,대짱이,Snore,코골기
Swampert,대짱이,Stealth Rock,스텔스록
Swampert,대짱이,Stomping Tantrum,분함의발구르기
Swampert,대짱이,Stone Edge,스톤에지
Swampert,대짱이,Substitute,대타출동
Swampert,대짱이,Superpower,엄청난힘
Swampert,대짱이,Surf,파도타기
Swampert,대짱이,Uproar,소란피기
Swampert,대짱이,Water Pulse,물의파동
Swampert,대짱이,Waterfall,폭포오르기
Swampert,대짱이,Wave Crash,웨이브태클
Swampert,대짱이,Weather Ball,웨더볼
Swampert,대짱이,Whirlpool,바다회오리
Swampert,대짱이,Wide Guard,와이드가드
Swampert,대짱이,Yawn,하품
Pelipper,패리퍼,Acrobatics,애크러뱃
Pelipper,패리퍼,Aerial Ace,제비반환
Pelipper,패리퍼,Agility,고속이동
Pelipper,패리퍼,Air Cutter,에어컷터
Pelipper,패리퍼,Air Slash,에어슬래시
Pelipper,패리퍼,Aqua Ring,아쿠아링
Pelipper,패리퍼,Blizzard,눈보라
Pelipper,패리퍼,Body Slam,누르기
Pelipper,패리퍼,Brave Bird,브레이브버드
Pelipper,패리퍼,Chilling Water,찬물끼얹기
Pelipper,패리퍼,Dual Wingbeat,더블윙
Pelipper,패리퍼,Endure,버티기
Pelipper,패리퍼,Facade,객기
Pelipper,패리퍼,Feather Dance,깃털댄스
Pelipper,패리퍼,Fling,내던지기
Pelipper,패리퍼,Fly,공중날기
Pelipper,패리퍼,Giga Impact,기가임팩트
Pelipper,패리퍼,Gunk Shot,더스트슈트
Pelipper,패리퍼,Helping Hand,도우미
Pelipper,패리퍼,Hurricane,폭풍
Pelipper,패리퍼,Hydro Pump,하이드로펌프
Pelipper,패리퍼,Hyper Beam,파괴광선
Pelipper,패리퍼,Ice Beam,냉동빔
Pelipper,패리퍼,Icy Wind,얼다바람
Pelipper,패리퍼,Knock Off,탁쳐서떨구기
Pelipper,패리퍼,Liquidation,아쿠아브레이크
Pelipper,패리퍼,Muddy Water,탁류
Pelipper,패리퍼,Protect,방어
Pelipper,패리퍼,Quick Attack,전광석화
Pelipper,패리퍼,Rain Dance,비바라기
Pelipper,패리퍼,Rest,잠자기
Pelipper,패리퍼,Roost,날개쉬기
Pelipper,패리퍼,Round,돌림노래
Pelipper,패리퍼,Seed Bomb,씨폭탄
Pelipper,패리퍼,Sleep Talk,잠꼬대
Pelipper,패리퍼,Snore,코골기
Pelipper,패리퍼,Snowscape,설경
Pelipper,패리퍼,Soak,물붓기
Pelipper,패리퍼,Spit Up,토해내기
Pelipper,패리퍼,Steel Wing,강철날개
Pelipper,패리퍼,Stockpile,비축하기
Pelipper,패리퍼,Substitute,대타출동
Pelipper,패리퍼,Surf,파도타기
Pelipper,패리퍼,Swallow,꿀꺽
Pelipper,패리퍼,Tailwind,순풍
Pelipper,패리퍼,Thief,도둑질
Pelipper,패리퍼,U-turn,유턴
Pelipper,패리퍼,Uproar,소란피기
Pelipper,패리퍼,Water Pulse,물의파동
Pelipper,패리퍼,Waterfall,폭포오르기
Pelipper,패리퍼,Weather Ball,웨더볼
Pelipper,패리퍼,Whirlpool,바다회오리
Pelipper,패리퍼,Wide Guard,와이드가드
Gardevoir,가디안,Alluring Voice,매혹의보이스
Gardevoir,가디안,Aura Sphere,파동탄
Gardevoir,가디안,Body Slam,누르기
Gardevoir,가디안,Calm Mind,명상
Gardevoir,가디안,Charge Beam,차지빔
Gardevoir,가디안,Charm,애교부리기
Gardevoir,가디안,Confuse Ray,이상한빛
Gardevoir,가디안,Dazzling Gleam,매지컬샤인
Gardevoir,가디안,Destiny Bond,길동무
Gardevoir,가디안,Disable,사슬묶기
Gardevoir,가디안,Double Team,그림자분신
Gardevoir,가디안,Draining Kiss,드레인키스
Gardevoir,가디안,Encore,앵콜
Gardevoir,가디안,Endure,버티기
Gardevoir,가디안,Energy Ball,에너지볼
Gardevoir,가디안,Expanding Force,와이드포스
Gardevoir,가디안,Facade,객기
Gardevoir,가디안,Fire Punch,불꽃펀치
Gardevoir,가디안,Fling,내던지기
Gardevoir,가디안,Focus Blast,기합구슬
Gardevoir,가디안,Future Sight,미래예지
Gardevoir,가디안,Giga Impact,기가임팩트
Gardevoir,가디안,Grass Knot,풀묶기
Gardevoir,가디안,Gravity,중력
Gardevoir,가디안,Guard Swap,가드스웹
Gardevoir,가디안,Heal Pulse,치유파동
Gardevoir,가디안,Healing Wish,치유소원
Gardevoir,가디안,Helping Hand,도우미
Gardevoir,가디안,Hyper Beam,파괴광선
Gardevoir,가디안,Hyper Voice,하이퍼보이스
Gardevoir,가디안,Hypnosis,최면술
Gardevoir,가디안,Ice Punch,냉동펀치
Gardevoir,가디안,Icy Wind,얼다바람
Gardevoir,가디안,Imprison,봉인
Gardevoir,가디안,Knock Off,탁쳐서떨구기
Gardevoir,가디안,Life Dew,생명의물방울
Gardevoir,가디안,Light Screen,빛의장막
Gardevoir,가디안,Magic Room,매직룸
Gardevoir,가디안,Mean Look,검은눈빛
Gardevoir,가디안,Memento,추억의선물
Gardevoir,가디안,Misty Explosion,미스트버스트
Gardevoir,가디안,Misty Terrain,미스트필드
Gardevoir,가디안,Moonblast,문포스
Gardevoir,가디안,Mystical Fire,매지컬플레임
Gardevoir,가디안,Night Shade,나이트헤드
Gardevoir,가디안,Pain Split,아픔나누기
Gardevoir,가디안,Power Swap,파워스웹
Gardevoir,가디안,Protect,방어
Gardevoir,가디안,Psych Up,자기암시
Gardevoir,가디안,Psychic,사이코키네시스
Gardevoir,가디안,Psychic Noise,사이코노이즈
Gardevoir,가디안,Psychic Terrain,사이코필드
Gardevoir,가디안,Psyshock,사이코쇼크
Gardevoir,가디안,Rain Dance,비바라기
Gardevoir,가디안,Reflect,리플렉터
Gardevoir,가디안,Rest,잠자기
Gardevoir,가디안,Round,돌림노래
Gardevoir,가디안,Safeguard,신비의부적
Gardevoir,가디안,Shadow Ball,섀도볼
Gardevoir,가디안,Shadow Sneak,야습
Gardevoir,가디안,Skill Swap,스킬스웹
Gardevoir,가디안,Sleep Talk,잠꼬대
Gardevoir,가디안,Snore,코골기
Gardevoir,가디안,Stored Power,어시스트파워
Gardevoir,가디안,Substitute,대타출동
Gardevoir,가디안,Sunny Day,쾌청
Gardevoir,가디안,Swagger,뽐내기
Gardevoir,가디안,Taunt,도발
Gardevoir,가디안,Thief,도둑질
Gardevoir,가디안,Thunder Punch,번개펀치
Gardevoir,가디안,Thunder Wave,전기자석파
Gardevoir,가디안,Thunderbolt,10만볼트
Gardevoir,가디안,Trick,트릭
Gardevoir,가디안,Trick Room,트릭룸
Gardevoir,가디안,Triple Axel,트리플악셀
Gardevoir,가디안,Vacuum Wave,진공파
Gardevoir,가디안,Will-O-Wisp,도깨비불
Gardevoir,가디안,Wish,희망사항
Gardevoir,가디안,Wonder Room,원더룸
Gardevoir,가디안,Zen Headbutt,사념의박치기
Sableye,깜까미,Aerial Ace,제비반환
Sableye,깜까미,Body Slam,누르기
Sableye,깜까미,Brick Break,깨트리다
Sableye,깜까미,Bulk Up,벌크업
Sableye,깜까미,Calm Mind,명상
Sableye,깜까미,Confuse Ray,이상한빛
Sableye,깜까미,Dark Pulse,악의파동
Sableye,깜까미,Dazzling Gleam,매지컬샤인
Sableye,깜까미,Detect,판별
Sableye,깜까미,Dig,구멍파기
Sableye,깜까미,Disable,사슬묶기
Sableye,깜까미,Drain Punch,드레인펀치
Sableye,깜까미,Encore,앵콜
Sableye,깜까미,Endure,버티기
Sableye,깜까미,Energy Ball,에너지볼
Sableye,깜까미,Facade,객기
Sableye,깜까미,Fake Out,속이다
Sableye,깜까미,Feint,페인트
Sableye,깜까미,Fire Punch,불꽃펀치
Sableye,깜까미,Flatter,부추기기
Sableye,깜까미,Fling,내던지기
Sableye,깜까미,Focus Punch,힘껏펀치
Sableye,깜까미,Foul Play,속임수
Sableye,깜까미,Giga Drain,기가드레인
Sableye,깜까미,Giga Impact,기가임팩트
Sableye,깜까미,Gravity,중력
Sableye,깜까미,Gyro Ball,자이로볼
Sableye,깜까미,Helping Hand,도우미
Sableye,깜까미,Hex,병상첨병
Sableye,깜까미,Hyper Beam,파괴광선
Sableye,깜까미,Ice Punch,냉동펀치
Sableye,깜까미,Icy Wind,얼다바람
Sableye,깜까미,Imprison,봉인
Sableye,깜까미,Knock Off,탁쳐서떨구기
Sableye,깜까미,Lash Out,분풀이
Sableye,깜까미,Light Screen,빛의장막
Sableye,깜까미,Low Kick,안다리걸기
Sableye,깜까미,Low Sweep,로킥
Sableye,깜까미,Mean Look,검은눈빛
Sableye,깜까미,Mega Kick,메가톤킥
Sableye,깜까미,Metal Burst,메탈버스트
Sableye,깜까미,Mud Shot,머드숏
Sableye,깜까미,Mud-Slap,진흙뿌리기
Sableye,깜까미,Nasty Plot,나쁜음모
Sableye,깜까미,Night Shade,나이트헤드
Sableye,깜까미,Night Slash,깜짝베기
Sableye,깜까미,Pain Split,아픔나누기
Sableye,깜까미,Payback,보복
Sableye,깜까미,Phantom Force,고스트다이브
Sableye,깜까미,Poison Jab,독찌르기
Sableye,깜까미,Poltergeist,폴터가이스트
Sableye,깜까미,Power Gem,파워젬
Sableye,깜까미,Protect,방어
Sableye,깜까미,Psych Up,자기암시
Sableye,깜까미,Psychic,사이코키네시스
Sableye,깜까미,Quash,순서미루기
Sableye,깜까미,Rain Dance,비바라기
Sableye,깜까미,Recover,HP회복
Sableye,깜까미,Reflect,리플렉터
Sableye,깜까미,Rest,잠자기
Sableye,깜까미,Rock Tomb,암석봉인
Sableye,깜까미,Round,돌림노래
Sableye,깜까미,Safeguard,신비의부적
Sableye,깜까미,Shadow Ball,섀도볼
Sableye,깜까미,Shadow Claw,섀도크루
Sableye,깜까미,Shadow Punch,섀도펀치
Sableye,깜까미,Shadow Sneak,야습
Sableye,깜까미,Skill Swap,스킬스웹
Sableye,깜까미,Skitter Smack,엄습하는일격
Sableye,깜까미,Sleep Talk,잠꼬대
Sableye,깜까미,Snarl,바크아웃
Sableye,깜까미,Snore,코골기
Sableye,깜까미,Spite,원한
Sableye,깜까미,Substitute,대타출동
Sableye,깜까미,Sucker Punch,기습
Sableye,깜까미,Sunny Day,쾌청
Sableye,깜까미,Swagger,뽐내기
Sableye,깜까미,Taunt,도발
Sableye,깜까미,Thief,도둑질
Sableye,깜까미,Throat Chop,지옥찌르기
Sableye,깜까미,Thunder Punch,번개펀치
Sableye,깜까미,Thunder Wave,전기자석파
Sableye,깜까미,Torment,트집
Sableye,깜까미,Trick,트릭
Sableye,깜까미,Will-O-Wisp,도깨비불
Sableye,깜까미,Wonder Room,원더룸
Sableye,깜까미,X-Scissor,시저크로스
Sableye,깜까미,Zen Headbutt,사념의박치기
Mawile,입치트,Ancient Power,원시의힘
Mawile,입치트,Assurance,승부굳히기
Mawile,입치트,Attract,헤롱헤롱
Mawile,입치트,Baton Pass,바톤터치
Mawile,입치트,Bite,물기
Mawile,입치트,Body Slam,누르기
Mawile,입치트,Brick Break,깨트리다
Mawile,입치트,Brutal Swing,세차게휘두르기
Mawile,입치트,Charm,애교부리기
Mawile,입치트,Crunch,깨물어부수기
Mawile,입치트,Dark Pulse,악의파동
Mawile,입치트,Double-Edge,이판사판태클
Mawile,입치트,Draining Kiss,드레인키스
Mawile,입치트,Dynamic Punch,폭발펀치
Mawile,입치트,Endure,버티기
Mawile,입치트,Facade,객기
Mawile,입치트,Fake Tears,거짓울음
Mawile,입치트,Fire Blast,불대문자
Mawile,입치트,Fire Fang,불꽃엄니
Mawile,입치트,Flamethrower,화염방사
Mawile,입치트,Flash Cannon,러스터캐논
Mawile,입치트,Fling,내던지기
Mawile,입치트,Focus Blast,기합구슬
Mawile,입치트,Foul Play,속임수
Mawile,입치트,Giga Impact,기가임팩트
Mawile,입치트,Grass Knot,풀묶기
Mawile,입치트,Guard Swap,가드스웹
Mawile,입치트,Helping Hand,도우미
Mawile,입치트,Hyper Beam,파괴광선
Mawile,입치트,Ice Beam,냉동빔
Mawile,입치트,Ice Fang,얼음엄니
Mawile,입치트,Ice Punch,냉동펀치
Mawile,입치트,Icy Wind,얼다바람
Mawile,입치트,Iron Defense,철벽
Mawile,입치트,Iron Head,아이언헤드
Mawile,입치트,Knock Off,탁쳐서떨구기
Mawile,입치트,Mega Kick,메가톤킥
Mawile,입치트,Misty Terrain,미스트필드
Mawile,입치트,Payback,보복
Mawile,입치트,Play Rough,치근거리기
Mawile,입치트,Poison Fang,독엄니
Mawile,입치트,Protect,방어
Mawile,입치트,Psychic Fangs,사이코팽
Mawile,입치트,Rain Dance,비바라기
Mawile,입치트,Rest,잠자기
Mawile,입치트,Rock Slide,스톤샤워
Mawile,입치트,Rock Tomb,암석봉인
Mawile,입치트,Round,돌림노래
Mawile,입치트,Sandstorm,모래바람
Mawile,입치트,Seismic Toss,지구던지기
Mawile,입치트,Shadow Ball,섀도볼
Mawile,입치트,Sleep Talk,잠꼬대
Mawile,입치트,Sludge Bomb,오물폭탄
Mawile,입치트,Snore,코골기
Mawile,입치트,Solar Beam,솔라빔
Mawile,입치트,Spit Up,토해내기
Mawile,입치트,Stealth Rock,스텔스록
Mawile,입치트,Steel Beam,철제광선
Mawile,입치트,Stockpile,비축하기
Mawile,입치트,Stone Edge,스톤에지
Mawile,입치트,Substitute,대타출동
Mawile,입치트,Sucker Punch,기습
Mawile,입치트,Sunny Day,쾌청
Mawile,입치트,Swagger,뽐내기
Mawile,입치트,Swallow,꿀꺽
Mawile,입치트,Sweet Scent,달콤한향기
Mawile,입치트,Swords Dance,칼춤
Mawile,입치트,Taunt,도발
Mawile,입치트,Thunder Fang,번개엄니
Mawile,입치트,Thunder Punch,번개펀치
Mawile,입치트,Tickle,간지르기
Aggron,보스로라,Ancient Power,원시의힘
Aggron,보스로라,Attract,헤롱헤롱
Aggron,보스로라,Avalanche,눈사태
Aggron,보스로라,Blizzard,눈보라
Aggron,보스로라,Body Press,바디프레스
Aggron,보스로라,Body Slam,누르기
Aggron,보스로라,Brick Break,깨트리다
Aggron,보스로라,Brutal Swing,세차게휘두르기
Aggron,보스로라,Bulldoze,땅고르기
Aggron,보스로라,Crunch,깨물어부수기
Aggron,보스로라,Curse,저주
Aggron,보스로라,Dark Pulse,악의파동
Aggron,보스로라,Dig,구멍파기
Aggron,보스로라,Double-Edge,이판사판태클
Aggron,보스로라,Dragon Claw,드래곤크루
Aggron,보스로라,Dragon Pulse,용의파동
Aggron,보스로라,Dragon Rush,드래곤다이브
Aggron,보스로라,Earth Power,대지의힘
Aggron,보스로라,Earthquake,지진
Aggron,보스로라,Endeavor,죽기살기
Aggron,보스로라,Endure,버티기
Aggron,보스로라,Facade,객기
Aggron,보스로라,Fire Blast,불대문자
Aggron,보스로라,Fire Punch,불꽃펀치
Aggron,보스로라,Flamethrower,화염방사
Aggron,보스로라,Flash Cannon,러스터캐논
Aggron,보스로라,Fling,내던지기
Aggron,보스로라,Focus Blast,기합구슬
Aggron,보스로라,Giga Impact,기가임팩트
Aggron,보스로라,Head Smash,양날박치기
Aggron,보스로라,Heavy Slam,헤비봄버
Aggron,보스로라,High Horsepower,10만마력
Aggron,보스로라,Hydro Pump,하이드로펌프
Aggron,보스로라,Hyper Beam,파괴광선
Aggron,보스로라,Ice Beam,냉동빔
Aggron,보스로라,Ice Punch,냉동펀치
Aggron,보스로라,Icy Wind,얼다바람
Aggron,보스로라,Iron Defense,철벽
Aggron,보스로라,Iron Head,아이언헤드
Aggron,보스로라,Iron Tail,아이언테일
Aggron,보스로라,Low Kick,안다리걸기
Aggron,보스로라,Mega Kick,메가톤킥
Aggron,보스로라,Metal Burst,메탈버스트
Aggron,보스로라,Metal Sound,금속음
Aggron,보스로라,Meteor Beam,메테오빔
Aggron,보스로라,Mud-Slap,진흙뿌리기
Aggron,보스로라,Outrage,역린
Aggron,보스로라,Payback,보복
Aggron,보스로라,Protect,방어
Aggron,보스로라,Rain Dance,비바라기
Aggron,보스로라,Rest,잠자기
Aggron,보스로라,Reversal,기사회생
Aggron,보스로라,Roar,울부짖기
Aggron,보스로라,Rock Blast,락블레스트
Aggron,보스로라,Rock Slide,스톤샤워
Aggron,보스로라,Rock Tomb,암석봉인
Aggron,보스로라,Round,돌림노래
Aggron,보스로라,Sand Tomb,모래지옥
Aggron,보스로라,Sandstorm,모래바람
Aggron,보스로라,Scary Face,겁나는얼굴
Aggron,보스로라,Screech,싫은소리
Aggron,보스로라,Shadow Claw,섀도크루
Aggron,보스로라,Sleep Talk,잠꼬대
Aggron,보스로라,Smart Strike,스마트호른
Aggron,보스로라,Snore,코골기
Aggron,보스로라,Solar Beam,솔라빔
Aggron,보스로라,Stealth Rock,스텔스록
Aggron,보스로라,Steel Beam,철제광선
Aggron,보스로라,Steel Roller,아이언롤러
Aggron,보스로라,Stomping Tantrum,분함의발구르기
Aggron,보스로라,Stone Edge,스톤에지
Aggron,보스로라,Substitute,대타출동
Aggron,보스로라,Sunny Day,쾌청
Aggron,보스로라,Superpower,엄청난힘
Aggron,보스로라,Surf,파도타기
Aggron,보스로라,Swagger,뽐내기
Aggron,보스로라,Taunt,도발
Aggron,보스로라,Thunder,번개
Aggron,보스로라,Thunder Punch,번개펀치
Aggron,보스로라,Thunder Wave,전기자석파
Aggron,보스로라,Thunderbolt,10만볼트
Aggron,보스로라,Uproar,소란피기
Aggron,보스로라,Whirlpool,바다회오리
Medicham,요가램,Acupressure,경혈찌르기
Medicham,요가램,Aerial Ace,제비반환
Medicham,요가램,Agility,고속이동
Medicham,요가램,Aura Sphere,파동탄
Medicham,요가램,Axe Kick,발꿈치찍기
Medicham,요가램,Baton Pass,바톤터치
Medicham,요가램,Blaze Kick,브레이즈킥
Medicham,요가램,Body Slam,누르기
Medicham,요가램,Brick Break,깨트리다
Medicham,요가램,Bulk Up,벌크업
Medicham,요가램,Bullet Punch,불릿펀치
Medicham,요가램,Calm Mind,명상
Medicham,요가램,Close Combat,인파이트
Medicham,요가램,Coaching,코칭
Medicham,요가램,Counter,카운터
Medicham,요가램,Detect,판별
Medicham,요가램,Drain Punch,드레인펀치
Medicham,요가램,Dynamic Punch,폭발펀치
Medicham,요가램,Endure,버티기
Medicham,요가램,Energy Ball,에너지볼
Medicham,요가램,Expanding Force,와이드포스
Medicham,요가램,Facade,객기
Medicham,요가램,Fake Out,속이다
Medicham,요가램,Feint,페인트
Medicham,요가램,Fire Punch,불꽃펀치
Medicham,요가램,Fling,내던지기
Medicham,요가램,Focus Blast,기합구슬
Medicham,요가램,Focus Punch,힘껏펀치
Medicham,요가램,Giga Impact,기가임팩트
Medicham,요가램,Grass Knot,풀묶기
Medicham,요가램,Gravity,중력
Medicham,요가램,Guard Swap,가드스웹
Medicham,요가램,Helping Hand,도우미
Medicham,요가램,High Jump Kick,무릎차기
Medicham,요가램,Hyper Beam,파괴광선
Medicham,요가램,Ice Punch,냉동펀치
Medicham,요가램,Imprison,봉인
Medicham,요가램,Light Screen,빛의장막
Medicham,요가램,Low Kick,안다리걸기
Medicham,요가램,Low Sweep,로킥
Medicham,요가램,Mega Kick,메가톤킥
Medicham,요가램,Night Shade,나이트헤드
Medicham,요가램,Pain Split,아픔나누기
Medicham,요가램,Poison Jab,독찌르기
Medicham,요가램,Power Swap,파워스웹
Medicham,요가램,Power Trick,파워트릭
Medicham,요가램,Protect,방어
Medicham,요가램,Psych Up,자기암시
Medicham,요가램,Psychic,사이코키네시스
Medicham,요가램,Psychic Terrain,사이코필드
Medicham,요가램,Psycho Cut,사이코커터
Medicham,요가램,Psyshock,사이코쇼크
Medicham,요가램,Quick Guard,퍼스트가드
Medicham,요가램,Rain Dance,비바라기
Medicham,요가램,Recover,HP회복
Medicham,요가램,Reflect,리플렉터
Medicham,요가램,Rest,잠자기
Medicham,요가램,Reversal,기사회생
Medicham,요가램,Rock Slide,스톤샤워
Medicham,요가램,Rock Tomb,암석봉인
Medicham,요가램,Round,돌림노래
Medicham,요가램,Shadow Ball,섀도볼
Medicham,요가램,Skill Swap,스킬스웹
Medicham,요가램,Sleep Talk,잠꼬대
Medicham,요가램,Snore,코골기
Medicham,요가램,Stored Power,어시스트파워
Medicham,요가램,Substitute,대타출동
Medicham,요가램,Sunny Day,쾌청
Medicham,요가램,Taunt,도발
Medicham,요가램,Thief,도둑질
Medicham,요가램,Thunder Punch,번개펀치
Medicham,요가램,Trailblaze,개척하기
Medicham,요가램,Trick,트릭
Medicham,요가램,Trick Room,트릭룸
Medicham,요가램,Upper Hand,기선제압
Medicham,요가램,Vacuum Wave,진공파
Medicham,요가램,Zen Headbutt,사념의박치기
Manectric,썬더볼트,Agility,고속이동
Manectric,썬더볼트,Attract,헤롱헤롱
Manectric,썬더볼트,Bite,물기
Manectric,썬더볼트,Body Slam,누르기
Manectric,썬더볼트,Charge,충전
Manectric,썬더볼트,Charge Beam,차지빔
Manectric,썬더볼트,Crunch,깨물어부수기
Manectric,썬더볼트,Curse,저주
Manectric,썬더볼트,Discharge,방전
Manectric,썬더볼트,Eerie Impulse,괴전파
Manectric,썬더볼트,Electric Terrain,일렉트릭필드
Manectric,썬더볼트,Electro Ball,일렉트릭볼
Manectric,썬더볼트,Endure,버티기
Manectric,썬더볼트,Facade,객기
Manectric,썬더볼트,Fire Fang,불꽃엄니
Manectric,썬더볼트,Flamethrower,화염방사
Manectric,썬더볼트,Giga Impact,기가임팩트
Manectric,썬더볼트,Howl,멀리짖음
Manectric,썬더볼트,Hyper Beam,파괴광선
Manectric,썬더볼트,Hyper Voice,하이퍼보이스
Manectric,썬더볼트,Ice Fang,얼음엄니
Manectric,썬더볼트,Iron Tail,아이언테일
Manectric,썬더볼트,Light Screen,빛의장막
Manectric,썬더볼트,Overheat,오버히트
Manectric,썬더볼트,Pounce,달려들기
Manectric,썬더볼트,Protect,방어
Manectric,썬더볼트,Psychic Fangs,사이코팽
Manectric,썬더볼트,Quick Attack,전광석화
Manectric,썬더볼트,Rain Dance,비바라기
Manectric,썬더볼트,Rest,잠자기
Manectric,썬더볼트,Rising Voltage,라이징볼트
Manectric,썬더볼트,Roar,울부짖기
Manectric,썬더볼트,Round,돌림노래
Manectric,썬더볼트,Scary Face,겁나는얼굴
Manectric,썬더볼트,Sleep Talk,잠꼬대
Manectric,썬더볼트,Snarl,바크아웃
Manectric,썬더볼트,Snore,코골기
Manectric,썬더볼트,Substitute,대타출동
Manectric,썬더볼트,Supercell Slam,썬더다이브
Manectric,썬더볼트,Switcheroo,바꿔치기
Manectric,썬더볼트,Thief,도둑질
Manectric,썬더볼트,Thunder,번개
Manectric,썬더볼트,Thunder Fang,번개엄니
Manectric,썬더볼트,Thunder Wave,전기자석파
Manectric,썬더볼트,Thunderbolt,10만볼트
Manectric,썬더볼트,Trailblaze,개척하기
Manectric,썬더볼트,Uproar,소란피기
Manectric,썬더볼트,Volt Switch,볼트체인지
Manectric,썬더볼트,Wild Charge,와일드볼트
Swalot,꿀꺽몬,Acid Armor,녹기
Swalot,꿀꺽몬,Acid Spray,애시드봄
Swalot,꿀꺽몬,Amnesia,망각술
Swalot,꿀꺽몬,Belch,트림
Swalot,꿀꺽몬,Body Press,바디프레스
Swalot,꿀꺽몬,Body Slam,누르기
Swalot,꿀꺽몬,Brick Break,깨트리다
Swalot,꿀꺽몬,Bulldoze,땅고르기
Swalot,꿀꺽몬,Bullet Seed,기관총
Swalot,꿀꺽몬,Clear Smog,클리어스모그
Swalot,꿀꺽몬,Corrosive Gas,부식가스
Swalot,꿀꺽몬,Curse,저주
Swalot,꿀꺽몬,Destiny Bond,길동무
Swalot,꿀꺽몬,Double-Edge,이판사판태클
Swalot,꿀꺽몬,Earthquake,지진
Swalot,꿀꺽몬,Encore,앵콜
Swalot,꿀꺽몬,Endure,버티기
Swalot,꿀꺽몬,Facade,객기
Swalot,꿀꺽몬,Fire Punch,불꽃펀치
Swalot,꿀꺽몬,Fling,내던지기
Swalot,꿀꺽몬,Gastro Acid,위액
Swalot,꿀꺽몬,Giga Drain,기가드레인
Swalot,꿀꺽몬,Giga Impact,기가임팩트
Swalot,꿀꺽몬,Gunk Shot,더스트슈트
Swalot,꿀꺽몬,Helping Hand,도우미
Swalot,꿀꺽몬,Hyper Beam,파괴광선
Swalot,꿀꺽몬,Ice Beam,냉동빔
Swalot,꿀꺽몬,Ice Punch,냉동펀치
Swalot,꿀꺽몬,Knock Off,탁쳐서떨구기
Swalot,꿀꺽몬,Mud Shot,머드숏
Swalot,꿀꺽몬,Mud-Slap,진흙뿌리기
Swalot,꿀꺽몬,Pain Split,아픔나누기
Swalot,꿀꺽몬,Poison Jab,독찌르기
Swalot,꿀꺽몬,Protect,방어
Swalot,꿀꺽몬,Rain Dance,비바라기
Swalot,꿀꺽몬,Rest,잠자기
Swalot,꿀꺽몬,Round,돌림노래
Swalot,꿀꺽몬,Seed Bomb,씨폭탄
Swalot,꿀꺽몬,Self-Destruct,자폭
Swalot,꿀꺽몬,Shadow Ball,섀도볼
Swalot,꿀꺽몬,Skitter Smack,엄습하는일격
Swalot,꿀꺽몬,Sleep Talk,잠꼬대
Swalot,꿀꺽몬,Sludge Bomb,오물폭탄
Swalot,꿀꺽몬,Sludge Wave,오물웨이브
Swalot,꿀꺽몬,Snore,코골기
Swalot,꿀꺽몬,Solar Beam,솔라빔
Swalot,꿀꺽몬,Spit Up,토해내기
Swalot,꿀꺽몬,Stockpile,비축하기
Swalot,꿀꺽몬,Stuff Cheeks,볼가득넣기
Swalot,꿀꺽몬,Substitute,대타출동
Swalot,꿀꺽몬,Sunny Day,쾌청
Swalot,꿀꺽몬,Swallow,꿀꺽
Swalot,꿀꺽몬,Swords Dance,칼춤
Swalot,꿀꺽몬,Thief,도둑질
Swalot,꿀꺽몬,Thunder Punch,번개펀치
Swalot,꿀꺽몬,Thunder Wave,전기자석파
Swalot,꿀꺽몬,Toxic,맹독
Swalot,꿀꺽몬,Toxic Spikes,독압정
Swalot,꿀꺽몬,Venoshock,베놈쇼크
Swalot,꿀꺽몬,Water Pulse,물의파동
Swalot,꿀꺽몬,Yawn,하품
Swalot,꿀꺽몬,Zen Headbutt,사념의박치기
Sharpedo,샤크니아,Agility,고속이동
Sharpedo,샤크니아,Ancient Power,원시의힘
Sharpedo,샤크니아,Aqua Jet,아쿠아제트
Sharpedo,샤크니아,Assurance,승부굳히기
Sharpedo,샤크니아,Attract,헤롱헤롱
Sharpedo,샤크니아,Avalanche,눈사태
Sharpedo,샤크니아,Bite,물기
Sharpedo,샤크니아,Blizzard,눈보라
Sharpedo,샤크니아,Bounce,뛰어오르다
Sharpedo,샤크니아,Bulldoze,땅고르기
Sharpedo,샤크니아,Chilling Water,찬물끼얹기
Sharpedo,샤크니아,Close Combat,인파이트
Sharpedo,샤크니아,Crunch,깨물어부수기
Sharpedo,샤크니아,Dark Pulse,악의파동
Sharpedo,샤크니아,Destiny Bond,길동무
Sharpedo,샤크니아,Dive,다이빙
Sharpedo,샤크니아,Double-Edge,이판사판태클
Sharpedo,샤크니아,Earthquake,지진
Sharpedo,샤크니아,Endure,버티기
Sharpedo,샤크니아,Facade,객기
Sharpedo,샤크니아,Flip Turn,퀵턴
Sharpedo,샤크니아,Focus Energy,기충전
Sharpedo,샤크니아,Giga Impact,기가임팩트
Sharpedo,샤크니아,Hydro Pump,하이드로펌프
Sharpedo,샤크니아,Hyper Beam,파괴광선
Sharpedo,샤크니아,Ice Beam,냉동빔
Sharpedo,샤크니아,Ice Fang,얼음엄니
Sharpedo,샤크니아,Icy Wind,얼다바람
Sharpedo,샤크니아,Liquidation,아쿠아브레이크
Sharpedo,샤크니아,Night Slash,깜짝베기
Sharpedo,샤크니아,Payback,보복
Sharpedo,샤크니아,Poison Fang,독엄니
Sharpedo,샤크니아,Poison Jab,독찌르기
Sharpedo,샤크니아,Protect,방어
Sharpedo,샤크니아,Psychic Fangs,사이코팽
Sharpedo,샤크니아,Rain Dance,비바라기
Sharpedo,샤크니아,Rest,잠자기
Sharpedo,샤크니아,Rock Tomb,암석봉인
Sharpedo,샤크니아,Round,돌림노래
Sharpedo,샤크니아,Scald,열탕
Sharpedo,샤크니아,Scale Shot,스케일샷
Sharpedo,샤크니아,Scary Face,겁나는얼굴
Sharpedo,샤크니아,Screech,싫은소리
Sharpedo,샤크니아,Slash,베어가르기
Sharpedo,샤크니아,Sleep Talk,잠꼬대
Sharpedo,샤크니아,Snarl,바크아웃
Sharpedo,샤크니아,Snore,코골기
Sharpedo,샤크니아,Substitute,대타출동
Sharpedo,샤크니아,Surf,파도타기
Sharpedo,샤크니아,Swagger,뽐내기
Sharpedo,샤크니아,Taunt,도발
Sharpedo,샤크니아,Thief,도둑질
Sharpedo,샤크니아,Thrash,난동부리기
Sharpedo,샤크니아,Uproar,소란피기
Sharpedo,샤크니아,Water Pulse,물의파동
Sharpedo,샤크니아,Waterfall,폭포오르기
Sharpedo,샤크니아,Whirlpool,바다회오리
Sharpedo,샤크니아,Zen Headbutt,사념의박치기
Camerupt,폭타,Amnesia,망각술
Camerupt,폭타,Ancient Power,원시의힘
Camerupt,폭타,Body Press,바디프레스
Camerupt,폭타,Body Slam,누르기
Camerupt,폭타,Bulldoze,땅고르기
Camerupt,폭타,Burning Jealousy,질투의불꽃
Camerupt,폭타,Charm,애교부리기
Camerupt,폭타,Curse,저주
Camerupt,폭타,Dig,구멍파기
Camerupt,폭타,Double-Edge,이판사판태클
Camerupt,폭타,Earth Power,대지의힘
Camerupt,폭타,Earthquake,지진
Camerupt,폭타,Endeavor,죽기살기
Camerupt,폭타,Endure,버티기
Camerupt,폭타,Eruption,분화
Camerupt,폭타,Facade,객기
Camerupt,폭타,Fire Blast,불대문자
Camerupt,폭타,Fire Spin,회오리불꽃
Camerupt,폭타,Fissure,땅가르기
Camerupt,폭타,Flame Charge,니트로차지
Camerupt,폭타,Flamethrower,화염방사
Camerupt,폭타,Flare Blitz,플레어드라이브
Camerupt,폭타,Flash Cannon,러스터캐논
Camerupt,폭타,Focus Energy,기충전
Camerupt,폭타,Giga Impact,기가임팩트
Camerupt,폭타,Growth,성장
Camerupt,폭타,Heat Crash,히트스탬프
Camerupt,폭타,Heat Wave,열풍
Camerupt,폭타,Heavy Slam,헤비봄버
Camerupt,폭타,Helping Hand,도우미
Camerupt,폭타,High Horsepower,10만마력
Camerupt,폭타,Howl,멀리짖음
Camerupt,폭타,Hyper Beam,파괴광선
Camerupt,폭타,Iron Head,아이언헤드
Camerupt,폭타,Lash Out,분풀이
Camerupt,폭타,Lava Plume,분연
Camerupt,폭타,Mud Shot,머드숏
Camerupt,폭타,Mud-Slap,진흙뿌리기
Camerupt,폭타,Overheat,오버히트
Camerupt,폭타,Protect,방어
Camerupt,폭타,Rain Dance,비바라기
Camerupt,폭타,Rest,잠자기
Camerupt,폭타,Roar,울부짖기
Camerupt,폭타,Rock Slide,스톤샤워
Camerupt,폭타,Rock Tomb,암석봉인
Camerupt,폭타,Round,돌림노래
Camerupt,폭타,Sandstorm,모래바람
Camerupt,폭타,Scary Face,겁나는얼굴
Camerupt,폭타,Scorching Sands,열사의대지
Camerupt,폭타,Self-Destruct,자폭
Camerupt,폭타,Sleep Talk,잠꼬대
Camerupt,폭타,Smack Down,떨어뜨리기
Camerupt,폭타,Snore,코골기
Camerupt,폭타,Solar Beam,솔라빔
Camerupt,폭타,Spit Up,토해내기
Camerupt,폭타,Stealth Rock,스텔스록
Camerupt,폭타,Stockpile,비축하기
Camerupt,폭타,Stomping Tantrum,분함의발구르기
Camerupt,폭타,Stone Edge,스톤에지
Camerupt,폭타,Substitute,대타출동
Camerupt,폭타,Sunny Day,쾌청
Camerupt,폭타,Swallow,꿀꺽
Camerupt,폭타,Temper Flare,열불내기
Camerupt,폭타,Trailblaze,개척하기
Camerupt,폭타,Will-O-Wisp,도깨비불
Camerupt,폭타,Yawn,하품
Camerupt,폭타,Zen Headbutt,사념의박치기
Torkoal,코터스,Amnesia,망각술
Torkoal,코터스,Ancient Power,원시의힘
Torkoal,코터스,Body Press,바디프레스
Torkoal,코터스,Body Slam,누르기
Torkoal,코터스,Bulldoze,땅고르기
Torkoal,코터스,Burning Jealousy,질투의불꽃
Torkoal,코터스,Clear Smog,클리어스모그
Torkoal,코터스,Curse,저주
Torkoal,코터스,Double-Edge,이판사판태클
Torkoal,코터스,Earth Power,대지의힘
Torkoal,코터스,Earthquake,지진
Torkoal,코터스,Endure,버티기
Torkoal,코터스,Eruption,분화
Torkoal,코터스,Facade,객기
Torkoal,코터스,Fire Blast,불대문자
Torkoal,코터스,Fire Spin,회오리불꽃
Torkoal,코터스,Fissure,땅가르기
Torkoal,코터스,Flail,바둥바둥
Torkoal,코터스,Flame Charge,니트로차지
Torkoal,코터스,Flamethrower,화염방사
Torkoal,코터스,Flare Blitz,플레어드라이브
Torkoal,코터스,Giga Impact,기가임팩트
Torkoal,코터스,Gyro Ball,자이로볼
Torkoal,코터스,Heat Crash,히트스탬프
Torkoal,코터스,Heat Wave,열풍
Torkoal,코터스,Heavy Slam,헤비봄버
Torkoal,코터스,Helping Hand,도우미
Torkoal,코터스,Hyper Beam,파괴광선
Torkoal,코터스,Inferno,연옥
Torkoal,코터스,Iron Defense,철벽
Torkoal,코터스,Lava Plume,분연
Torkoal,코터스,Overheat,오버히트
Torkoal,코터스,Protect,방어
Torkoal,코터스,Rapid Spin,고속스핀
Torkoal,코터스,Rest,잠자기
Torkoal,코터스,Rock Slide,스톤샤워
Torkoal,코터스,Rock Tomb,암석봉인
Torkoal,코터스,Round,돌림노래
Torkoal,코터스,Sandstorm,모래바람
Torkoal,코터스,Scorching Sands,열사의대지
Torkoal,코터스,Self-Destruct,자폭
Torkoal,코터스,Shell Smash,껍질깨기
Torkoal,코터스,Sleep Talk,잠꼬대
Torkoal,코터스,Sludge Bomb,오물폭탄
Torkoal,코터스,Snore,코골기
Torkoal,코터스,Solar Beam,솔라빔
Torkoal,코터스,Stealth Rock,스텔스록
Torkoal,코터스,Stomping Tantrum,분함의발구르기
Torkoal,코터스,Stone Edge,스톤에지
Torkoal,코터스,Substitute,대타출동
Torkoal,코터스,Sunny Day,쾌청
Torkoal,코터스,Superpower,엄청난힘
Torkoal,코터스,Temper Flare,열불내기
Torkoal,코터스,Weather Ball,웨더볼
Torkoal,코터스,Will-O-Wisp,도깨비불
Torkoal,코터스,Yawn,하품
Torkoal,코터스,Zen Headbutt,사념의박치기
Altaria,파비코리,Acrobatics,애크러뱃
Altaria,파비코리,Aerial Ace,제비반환
Altaria,파비코리,Agility,고속이동
Altaria,파비코리,Alluring Voice,매혹의보이스
Altaria,파비코리,Body Slam,누르기
Altaria,파비코리,Brave Bird,브레이브버드
Altaria,파비코리,Breaking Swipe,와이드브레이커
Altaria,파비코리,Bulldoze,땅고르기
Altaria,파비코리,Cotton Guard,코튼가드
Altaria,파비코리,Dazzling Gleam,매지컬샤인
Altaria,파비코리,Defog,안개제거
Altaria,파비코리,Double-Edge,이판사판태클
Altaria,파비코리,Draco Meteor,용성군
Altaria,파비코리,Dragon Cheer,드래곤옐
Altaria,파비코리,Dragon Claw,드래곤크루
Altaria,파비코리,Dragon Dance,용의춤
Altaria,파비코리,Dragon Pulse,용의파동
Altaria,파비코리,Dragon Rush,드래곤다이브
Altaria,파비코리,Dual Wingbeat,더블윙
Altaria,파비코리,Earthquake,지진
Altaria,파비코리,Endeavor,죽기살기
Altaria,파비코리,Endure,버티기
Altaria,파비코리,Facade,객기
Altaria,파비코리,Feather Dance,깃털댄스
Altaria,파비코리,Fire Blast,불대문자
Altaria,파비코리,Fire Spin,회오리불꽃
Altaria,파비코리,Flamethrower,화염방사
Altaria,파비코리,Fly,공중날기
Altaria,파비코리,Giga Impact,기가임팩트
Altaria,파비코리,Haze,흑안개
Altaria,파비코리,Heat Wave,열풍
Altaria,파비코리,Helping Hand,도우미
Altaria,파비코리,Hurricane,폭풍
Altaria,파비코리,Hyper Beam,파괴광선
Altaria,파비코리,Hyper Voice,하이퍼보이스
Altaria,파비코리,Ice Beam,냉동빔
Altaria,파비코리,Moonblast,문포스
Altaria,파비코리,Outrage,역린
Altaria,파비코리,Perish Song,멸망의노래
Altaria,파비코리,Play Rough,치근거리기
Altaria,파비코리,Pluck,쪼아대기
Altaria,파비코리,Power Swap,파워스웹
Altaria,파비코리,Protect,방어
Altaria,파비코리,Rain Dance,비바라기
Altaria,파비코리,Rest,잠자기
Altaria,파비코리,Roar,울부짖기
Altaria,파비코리,Roost,날개쉬기
Altaria,파비코리,Round,돌림노래
Altaria,파비코리,Safeguard,신비의부적
Altaria,파비코리,Sing,노래하기
Altaria,파비코리,Sky Attack,불새
Altaria,파비코리,Sleep Talk,잠꼬대
Altaria,파비코리,Snore,코골기
Altaria,파비코리,Snowscape,설경
Altaria,파비코리,Solar Beam,솔라빔
Altaria,파비코리,Steel Wing,강철날개
Altaria,파비코리,Substitute,대타출동
Altaria,파비코리,Sunny Day,쾌청
Altaria,파비코리,Tailwind,순풍
Altaria,파비코리,Thief,도둑질
Altaria,파비코리,Trailblaze,개척하기
Altaria,파비코리,Uproar,소란피기
Altaria,파비코리,Weather Ball,웨더볼
Altaria,파비코리,Will-O-Wisp,도깨비불
Altaria,파비코리,Wonder Room,원더룸
Milotic,밀로틱,Alluring Voice,매혹의보이스
Milotic,밀로틱,Aqua Ring,아쿠아링
Milotic,밀로틱,Aqua Tail,아쿠아테일
Milotic,밀로틱,Attract,헤롱헤롱
Milotic,밀로틱,Avalanche,눈사태
Milotic,밀로틱,Blizzard,눈보라
Milotic,밀로틱,Body Slam,누르기
Milotic,밀로틱,Breaking Swipe,와이드브레이커
Milotic,밀로틱,Brutal Swing,세차게휘두르기
Milotic,밀로틱,Bulldoze,땅고르기
Milotic,밀로틱,Chilling Water,찬물끼얹기
Milotic,밀로틱,Coil,똬리틀기
Milotic,밀로틱,Confuse Ray,이상한빛
Milotic,밀로틱,Dive,다이빙
Milotic,밀로틱,Double-Edge,이판사판태클
Milotic,밀로틱,Dragon Cheer,드래곤옐
Milotic,밀로틱,Dragon Dance,용의춤
Milotic,밀로틱,Dragon Pulse,용의파동
Milotic,밀로틱,Dragon Tail,드래곤테일
Milotic,밀로틱,Draining Kiss,드레인키스
Milotic,밀로틱,Endure,버티기
Milotic,밀로틱,Facade,객기
Milotic,밀로틱,Flail,바둥바둥
Milotic,밀로틱,Flip Turn,퀵턴
Milotic,밀로틱,Giga Impact,기가임팩트
Milotic,밀로틱,Haze,흑안개
Milotic,밀로틱,Helping Hand,도우미
Milotic,밀로틱,Hydro Pump,하이드로펌프
Milotic,밀로틱,Hyper Beam,파괴광선
Milotic,밀로틱,Hypnosis,최면술
Milotic,밀로틱,Ice Beam,냉동빔
Milotic,밀로틱,Icy Wind,얼다바람
Milotic,밀로틱,Imprison,봉인
Milotic,밀로틱,Iron Head,아이언헤드
Milotic,밀로틱,Iron Tail,아이언테일
Milotic,밀로틱,Life Dew,생명의물방울
Milotic,밀로틱,Light Screen,빛의장막
Milotic,밀로틱,Mirror Coat,미러코트
Milotic,밀로틱,Mud Shot,머드숏
Milotic,밀로틱,Muddy Water,탁류
Milotic,밀로틱,Protect,방어
Milotic,밀로틱,Psych Up,자기암시
Milotic,밀로틱,Rain Dance,비바라기
Milotic,밀로틱,Recover,HP회복
Milotic,밀로틱,Rest,잠자기
Milotic,밀로틱,Round,돌림노래
Milotic,밀로틱,Safeguard,신비의부적
Milotic,밀로틱,Scald,열탕
Milotic,밀로틱,Scale Shot,스케일샷
Milotic,밀로틱,Skitter Smack,엄습하는일격
Milotic,밀로틱,Sleep Talk,잠꼬대
Milotic,밀로틱,Snore,코골기
Milotic,밀로틱,Substitute,대타출동
Milotic,밀로틱,Surf,파도타기
Milotic,밀로틱,Tickle,간지르기
Milotic,밀로틱,Triple Axel,트리플악셀
Milotic,밀로틱,Water Pulse,물의파동
Milotic,밀로틱,Waterfall,폭포오르기
Milotic,밀로틱,Weather Ball,웨더볼
Milotic,밀로틱,Whirlpool,바다회오리
Milotic,밀로틱,Wrap,김밥말이
Castform,캐스퐁,Amnesia,망각술
Castform,캐스퐁,Attract,헤롱헤롱
Castform,캐스퐁,Avalanche,눈사태
Castform,캐스퐁,Blizzard,눈보라
Castform,캐스퐁,Body Slam,누르기
Castform,캐스퐁,Chilling Water,찬물끼얹기
Castform,캐스퐁,Cosmic Power,코스믹파워
Castform,캐스퐁,Endure,버티기
Castform,캐스퐁,Energy Ball,에너지볼
Castform,캐스퐁,Facade,객기
Castform,캐스퐁,Fire Blast,불대문자
Castform,캐스퐁,Flamethrower,화염방사
Castform,캐스퐁,Future Sight,미래예지
Castform,캐스퐁,Guard Swap,가드스웹
Castform,캐스퐁,Hex,병상첨병
Castform,캐스퐁,Hurricane,폭풍
Castform,캐스퐁,Hydro Pump,하이드로펌프
Castform,캐스퐁,Ice Beam,냉동빔
Castform,캐스퐁,Icy Wind,얼다바람
Castform,캐스퐁,Protect,방어
Castform,캐스퐁,Rain Dance,비바라기
Castform,캐스퐁,Rest,잠자기
Castform,캐스퐁,Round,돌림노래
Castform,캐스퐁,Sandstorm,모래바람
Castform,캐스퐁,Scald,열탕
Castform,캐스퐁,Shadow Ball,섀도볼
Castform,캐스퐁,Sleep Talk,잠꼬대
Castform,캐스퐁,Snore,코골기
Castform,캐스퐁,Snowscape,설경
Castform,캐스퐁,Solar Beam,솔라빔
Castform,캐스퐁,Substitute,대타출동
Castform,캐스퐁,Sunny Day,쾌청
Castform,캐스퐁,Thief,도둑질
Castform,캐스퐁,Thunder,번개
Castform,캐스퐁,Thunder Wave,전기자석파
Castform,캐스퐁,Thunderbolt,10만볼트
Castform,캐스퐁,Weather Ball,웨더볼
Banette,다크펫,Burning Jealousy,질투의불꽃
Banette,다크펫,Calm Mind,명상
Banette,다크펫,Charge Beam,차지빔
Banette,다크펫,Confuse Ray,이상한빛
Banette,다크펫,Curse,저주
Banette,다크펫,Dark Pulse,악의파동
Banette,다크펫,Dazzling Gleam,매지컬샤인
Banette,다크펫,Destiny Bond,길동무
Banette,다크펫,Disable,사슬묶기
Banette,다크펫,Encore,앵콜
Banette,다크펫,Endure,버티기
Banette,다크펫,Facade,객기
Banette,다크펫,Fling,내던지기
Banette,다크펫,Foul Play,속임수
Banette,다크펫,Giga Impact,기가임팩트
Banette,다크펫,Gunk Shot,더스트슈트
Banette,다크펫,Helping Hand,도우미
Banette,다크펫,Hex,병상첨병
Banette,다크펫,Hyper Beam,파괴광선
Banette,다크펫,Icy Wind,얼다바람
Banette,다크펫,Imprison,봉인
Banette,다크펫,Knock Off,탁쳐서떨구기
Banette,다크펫,Lash Out,분풀이
Banette,다크펫,Magic Room,매직룸
Banette,다크펫,Nasty Plot,나쁜음모
Banette,다크펫,Night Shade,나이트헤드
Banette,다크펫,Pain Split,아픔나누기
Banette,다크펫,Payback,보복
Banette,다크펫,Phantom Force,고스트다이브
Banette,다크펫,Poltergeist,폴터가이스트
Banette,다크펫,Pounce,달려들기
Banette,다크펫,Protect,방어
Banette,다크펫,Psych Up,자기암시
Banette,다크펫,Psychic,사이코키네시스
Banette,다크펫,Rain Dance,비바라기
Banette,다크펫,Rest,잠자기
Banette,다크펫,Role Play,역할
Banette,다크펫,Round,돌림노래
Banette,다크펫,Scary Face,겁나는얼굴
Banette,다크펫,Screech,싫은소리
Banette,다크펫,Shadow Ball,섀도볼
Banette,다크펫,Shadow Claw,섀도크루
Banette,다크펫,Shadow Punch,섀도펀치
Banette,다크펫,Shadow Sneak,야습
Banette,다크펫,Skill Swap,스킬스웹
Banette,다크펫,Skitter Smack,엄습하는일격
Banette,다크펫,Slash,베어가르기
Banette,다크펫,Sleep Talk,잠꼬대
Banette,다크펫,Snore,코골기
Banette,다크펫,Spite,원한
Banette,다크펫,Substitute,대타출동
Banette,다크펫,Sucker Punch,기습
Banette,다크펫,Sunny Day,쾌청
Banette,다크펫,Swagger,뽐내기
Banette,다크펫,Swords Dance,칼춤
Banette,다크펫,Taunt,도발
Banette,다크펫,Thief,도둑질
Banette,다크펫,Throat Chop,지옥찌르기
Banette,다크펫,Thunder,번개
Banette,다크펫,Thunder Wave,전기자석파
Banette,다크펫,Thunderbolt,10만볼트
Banette,다크펫,Torment,트집
Banette,다크펫,Trailblaze,개척하기
Banette,다크펫,Trick,트릭
Banette,다크펫,Trick Room,트릭룸
Banette,다크펫,Will-O-Wisp,도깨비불
Banette,다크펫,Zen Headbutt,사념의박치기
Chimecho,치렁,Ally Switch,사이드체인지
Chimecho,치렁,Baton Pass,바톤터치
Chimecho,치렁,Boomburst,폭음파
Chimecho,치렁,Calm Mind,명상
Chimecho,치렁,Charge Beam,차지빔
Chimecho,치렁,Charm,애교부리기
Chimecho,치렁,Cosmic Power,코스믹파워
Chimecho,치렁,Curse,저주
Chimecho,치렁,Dazzling Gleam,매지컬샤인
Chimecho,치렁,Disable,사슬묶기
Chimecho,치렁,Double-Edge,이판사판태클
Chimecho,치렁,Draining Kiss,드레인키스
Chimecho,치렁,Encore,앵콜
Chimecho,치렁,Endure,버티기
Chimecho,치렁,Energy Ball,에너지볼
Chimecho,치렁,Expanding Force,와이드포스
Chimecho,치렁,Extrasensory,신통력
Chimecho,치렁,Facade,객기
Chimecho,치렁,Fake Tears,거짓울음
Chimecho,치렁,Flash Cannon,러스터캐논
Chimecho,치렁,Future Sight,미래예지
Chimecho,치렁,Grass Knot,풀묶기
Chimecho,치렁,Gravity,중력
Chimecho,치렁,Heal Bell,치료방울
Chimecho,치렁,Heal Pulse,치유파동
Chimecho,치렁,Healing Wish,치유소원
Chimecho,치렁,Helping Hand,도우미
Chimecho,치렁,Hyper Voice,하이퍼보이스
Chimecho,치렁,Hypnosis,최면술
Chimecho,치렁,Icy Wind,얼다바람
Chimecho,치렁,Imprison,봉인
Chimecho,치렁,Knock Off,탁쳐서떨구기
Chimecho,치렁,Light Screen,빛의장막
Chimecho,치렁,Metal Sound,금속음
Chimecho,치렁,Protect,방어
Chimecho,치렁,Psych Up,자기암시
Chimecho,치렁,Psychic,사이코키네시스
Chimecho,치렁,Psychic Noise,사이코노이즈
Chimecho,치렁,Psyshock,사이코쇼크
Chimecho,치렁,Rain Dance,비바라기
Chimecho,치렁,Recover,HP회복
Chimecho,치렁,Recycle,리사이클
Chimecho,치렁,Reflect,리플렉터
Chimecho,치렁,Rest,잠자기
Chimecho,치렁,Round,돌림노래
Chimecho,치렁,Safeguard,신비의부적
Chimecho,치렁,Screech,싫은소리
Chimecho,치렁,Self-Destruct,자폭
Chimecho,치렁,Shadow Ball,섀도볼
Chimecho,치렁,Skill Swap,스킬스웹
Chimecho,치렁,Sleep Talk,잠꼬대
Chimecho,치렁,Snarl,바크아웃
Chimecho,치렁,Snore,코골기
Chimecho,치렁,Stored Power,어시스트파워
Chimecho,치렁,Substitute,대타출동
Chimecho,치렁,Sunny Day,쾌청
Chimecho,치렁,Taunt,도발
Chimecho,치렁,Thunder Wave,전기자석파
Chimecho,치렁,Trick,트릭
Chimecho,치렁,Trick Room,트릭룸
Chimecho,치렁,Uproar,소란피기
Chimecho,치렁,Wish,희망사항
Chimecho,치렁,Wrap,김밥말이
Chimecho,치렁,Yawn,하품
Chimecho,치렁,Zen Headbutt,사념의박치기
Absol,앱솔,Aerial Ace,제비반환
Absol,앱솔,Air Slash,에어슬래시
Absol,앱솔,Assurance,승부굳히기
Absol,앱솔,Attract,헤롱헤롱
Absol,앱솔,Baton Pass,바톤터치
Absol,앱솔,Bite,물기
Absol,앱솔,Blizzard,눈보라
Absol,앱솔,Body Slam,누르기
Absol,앱솔,Bounce,뛰어오르다
Absol,앱솔,Brutal Swing,세차게휘두르기
Absol,앱솔,Calm Mind,명상
Absol,앱솔,Close Combat,인파이트
Absol,앱솔,Confuse Ray,이상한빛
Absol,앱솔,Curse,저주
Absol,앱솔,Dark Pulse,악의파동
Absol,앱솔,Detect,판별
Absol,앱솔,Double Team,그림자분신
Absol,앱솔,Double-Edge,이판사판태클
Absol,앱솔,Endure,버티기
Absol,앱솔,Facade,객기
Absol,앱솔,Feint,페인트
Absol,앱솔,Fire Blast,불대문자
Absol,앱솔,Flamethrower,화염방사
Absol,앱솔,Focus Energy,기충전
Absol,앱솔,Foul Play,속임수
Absol,앱솔,Future Sight,미래예지
Absol,앱솔,Giga Impact,기가임팩트
Absol,앱솔,Hex,병상첨병
Absol,앱솔,Hyper Beam,파괴광선
Absol,앱솔,Ice Beam,냉동빔
Absol,앱솔,Icy Wind,얼다바람
Absol,앱솔,Iron Tail,아이언테일
Absol,앱솔,Knock Off,탁쳐서떨구기
Absol,앱솔,Mean Look,검은눈빛
Absol,앱솔,Megahorn,메가폰
Absol,앱솔,Night Slash,깜짝베기
Absol,앱솔,Payback,보복
Absol,앱솔,Perish Song,멸망의노래
Absol,앱솔,Phantom Force,고스트다이브
Absol,앱솔,Play Rough,치근거리기
Absol,앱솔,Protect,방어
Absol,앱솔,Psycho Cut,사이코커터
Absol,앱솔,Quick Attack,전광석화
Absol,앱솔,Rain Dance,비바라기
Absol,앱솔,Rest,잠자기
Absol,앱솔,Rock Slide,스톤샤워
Absol,앱솔,Rock Tomb,암석봉인
Absol,앱솔,Round,돌림노래
Absol,앱솔,Sandstorm,모래바람
Absol,앱솔,Shadow Ball,섀도볼
Absol,앱솔,Shadow Claw,섀도크루
Absol,앱솔,Shadow Sneak,야습
Absol,앱솔,Slash,베어가르기
Absol,앱솔,Sleep Talk,잠꼬대
Absol,앱솔,Snarl,바크아웃
Absol,앱솔,Snore,코골기
Absol,앱솔,Stone Edge,스톤에지
Absol,앱솔,Substitute,대타출동
Absol,앱솔,Sucker Punch,기습
Absol,앱솔,Sunny Day,쾌청
Absol,앱솔,Superpower,엄청난힘
Absol,앱솔,Swords Dance,칼춤
Absol,앱솔,Taunt,도발
Absol,앱솔,Thief,도둑질
Absol,앱솔,Throat Chop,지옥찌르기
Absol,앱솔,Thunder,번개
Absol,앱솔,Thunder Wave,전기자석파
Absol,앱솔,Thunderbolt,10만볼트
Absol,앱솔,Trailblaze,개척하기
Absol,앱솔,Will-O-Wisp,도깨비불
Absol,앱솔,X-Scissor,시저크로스
Absol,앱솔,Zen Headbutt,사념의박치기
Glalie,얼음귀신,Avalanche,눈사태
Glalie,얼음귀신,Bite,물기
Glalie,얼음귀신,Blizzard,눈보라
Glalie,얼음귀신,Block,블록
Glalie,얼음귀신,Body Slam,누르기
Glalie,얼음귀신,Bulldoze,땅고르기
Glalie,얼음귀신,Chilling Water,찬물끼얹기
Glalie,얼음귀신,Crunch,깨물어부수기
Glalie,얼음귀신,Dark Pulse,악의파동
Glalie,얼음귀신,Disable,사슬묶기
Glalie,얼음귀신,Double Team,그림자분신
Glalie,얼음귀신,Earthquake,지진
Glalie,얼음귀신,Endure,버티기
Glalie,얼음귀신,Explosion,대폭발
Glalie,얼음귀신,Facade,객기
Glalie,얼음귀신,Fake Tears,거짓울음
Glalie,얼음귀신,Foul Play,속임수
Glalie,얼음귀신,Freeze-Dry,프리즈드라이
Glalie,얼음귀신,Frost Breath,얼음숨결
Glalie,얼음귀신,Giga Impact,기가임팩트
Glalie,얼음귀신,Gyro Ball,자이로볼
Glalie,얼음귀신,Helping Hand,도우미
Glalie,얼음귀신,Hex,병상첨병
Glalie,얼음귀신,Hyper Beam,파괴광선
Glalie,얼음귀신,Ice Beam,냉동빔
Glalie,얼음귀신,Ice Fang,얼음엄니
Glalie,얼음귀신,Ice Shard,얼음뭉치
Glalie,얼음귀신,Ice Spinner,아이스스피너
Glalie,얼음귀신,Icicle Crash,고드름떨구기
Glalie,얼음귀신,Icicle Spear,고드름침
Glalie,얼음귀신,Icy Wind,얼다바람
Glalie,얼음귀신,Iron Head,아이언헤드
Glalie,얼음귀신,Light Screen,빛의장막
Glalie,얼음귀신,Payback,보복
Glalie,얼음귀신,Protect,방어
Glalie,얼음귀신,Rain Dance,비바라기
Glalie,얼음귀신,Rest,잠자기
Glalie,얼음귀신,Round,돌림노래
Glalie,얼음귀신,Scary Face,겁나는얼굴
Glalie,얼음귀신,Self-Destruct,자폭
Glalie,얼음귀신,Shadow Ball,섀도볼
Glalie,얼음귀신,Sheer Cold,절대영도
Glalie,얼음귀신,Sleep Talk,잠꼬대
Glalie,얼음귀신,Snore,코골기
Glalie,얼음귀신,Snowscape,설경
Glalie,얼음귀신,Spikes,압정뿌리기
Glalie,얼음귀신,Spite,원한
Glalie,얼음귀신,Steel Roller,아이언롤러
Glalie,얼음귀신,Substitute,대타출동
Glalie,얼음귀신,Switcheroo,바꿔치기
Glalie,얼음귀신,Taunt,도발
Glalie,얼음귀신,Trailblaze,개척하기
Glalie,얼음귀신,Water Pulse,물의파동
Glalie,얼음귀신,Weather Ball,웨더볼
Salamence,보만다,Aerial Ace,제비반환
Salamence,보만다,Air Slash,에어슬래시
Salamence,보만다,Bite,물기
Salamence,보만다,Body Slam,누르기
Salamence,보만다,Breaking Swipe,와이드브레이커
Salamence,보만다,Brick Break,깨트리다
Salamence,보만다,Brutal Swing,세차게휘두르기
Salamence,보만다,Bulldoze,땅고르기
Salamence,보만다,Crunch,깨물어부수기
Salamence,보만다,Double-Edge,이판사판태클
Salamence,보만다,Draco Meteor,용성군
Salamence,보만다,Dragon Cheer,드래곤옐
Salamence,보만다,Dragon Claw,드래곤크루
Salamence,보만다,Dragon Dance,용의춤
Salamence,보만다,Dragon Pulse,용의파동
Salamence,보만다,Dragon Rush,드래곤다이브
Salamence,보만다,Dragon Tail,드래곤테일
Salamence,보만다,Dual Wingbeat,더블윙
Salamence,보만다,Earthquake,지진
Salamence,보만다,Endure,버티기
Salamence,보만다,Facade,객기
Salamence,보만다,Fire Blast,불대문자
Salamence,보만다,Fire Fang,불꽃엄니
Salamence,보만다,Fire Spin,회오리불꽃
Salamence,보만다,Flamethrower,화염방사
Salamence,보만다,Fly,공중날기
Salamence,보만다,Focus Energy,기충전
Salamence,보만다,Giga Impact,기가임팩트
Salamence,보만다,Heat Wave,열풍
Salamence,보만다,Helping Hand,도우미
Salamence,보만다,Hurricane,폭풍
Salamence,보만다,Hydro Pump,하이드로펌프
Salamence,보만다,Hyper Beam,파괴광선
Salamence,보만다,Hyper Voice,하이퍼보이스
Salamence,보만다,Iron Defense,철벽
Salamence,보만다,Iron Head,아이언헤드
Salamence,보만다,Iron Tail,아이언테일
Salamence,보만다,Mud-Slap,진흙뿌리기
Salamence,보만다,Outrage,역린
Salamence,보만다,Protect,방어
Salamence,보만다,Psychic Fangs,사이코팽
Salamence,보만다,Rain Dance,비바라기
Salamence,보만다,Rest,잠자기
Salamence,보만다,Roar,울부짖기
Salamence,보만다,Rock Slide,스톤샤워
Salamence,보만다,Rock Tomb,암석봉인
Salamence,보만다,Roost,날개쉬기
Salamence,보만다,Round,돌림노래
Salamence,보만다,Scary Face,겁나는얼굴
Salamence,보만다,Shadow Claw,섀도크루
Salamence,보만다,Slash,베어가르기
Salamence,보만다,Sleep Talk,잠꼬대
Salamence,보만다,Snore,코골기
Salamence,보만다,Steel Wing,강철날개
Salamence,보만다,Stone Edge,스톤에지
Salamence,보만다,Substitute,대타출동
Salamence,보만다,Sunny Day,쾌청
Salamence,보만다,Tailwind,순풍
Salamence,보만다,Temper Flare,열불내기
Salamence,보만다,Thrash,난동부리기
Salamence,보만다,Thunder Fang,번개엄니
Salamence,보만다,Zen Headbutt,사념의박치기
Metagross,메타그로스,Aerial Ace,제비반환
Metagross,메타그로스,Agility,고속이동
Metagross,메타그로스,Body Press,바디프레스
Metagross,메타그로스,Body Slam,누르기
Metagross,메타그로스,Brick Break,깨트리다
Metagross,메타그로스,Brutal Swing,세차게휘두르기
Metagross,메타그로스,Bulldoze,땅고르기
Metagross,메타그로스,Bullet Punch,불릿펀치
Metagross,메타그로스,Cosmic Power,코스믹파워
Metagross,메타그로스,Double-Edge,이판사판태클
Metagross,메타그로스,Earthquake,지진
Metagross,메타그로스,Endure,버티기
Metagross,메타그로스,Expanding Force,와이드포스
Metagross,메타그로스,Explosion,대폭발
Metagross,메타그로스,Facade,객기
Metagross,메타그로스,Flash Cannon,러스터캐논
Metagross,메타그로스,Focus Punch,힘껏펀치
Metagross,메타그로스,Future Sight,미래예지
Metagross,메타그로스,Giga Impact,기가임팩트
Metagross,메타그로스,Grass Knot,풀묶기
Metagross,메타그로스,Gravity,중력
Metagross,메타그로스,Gyro Ball,자이로볼
Metagross,메타그로스,Hammer Arm,암해머
Metagross,메타그로스,Hard Press,하드프레스
Metagross,메타그로스,Hyper Beam,파괴광선
Metagross,메타그로스,Ice Punch,냉동펀치
Metagross,메타그로스,Icy Wind,얼다바람
Metagross,메타그로스,Iron Defense,철벽
Metagross,메타그로스,Iron Head,아이언헤드
Metagross,메타그로스,Light Screen,빛의장막
Metagross,메타그로스,Magnet Rise,전자부유
Metagross,메타그로스,Meteor Beam,메테오빔
Metagross,메타그로스,Meteor Mash,코멧펀치
Metagross,메타그로스,Mud-Slap,진흙뿌리기
Metagross,메타그로스,Protect,방어
Metagross,메타그로스,Psych Up,자기암시
Metagross,메타그로스,Psychic,사이코키네시스
Metagross,메타그로스,Psychic Fangs,사이코팽
Metagross,메타그로스,Psychic Noise,사이코노이즈
Metagross,메타그로스,Psycho Cut,사이코커터
Metagross,메타그로스,Psyshock,사이코쇼크
Metagross,메타그로스,Rain Dance,비바라기
Metagross,메타그로스,Reflect,리플렉터
Metagross,메타그로스,Rest,잠자기
Metagross,메타그로스,Rock Slide,스톤샤워
Metagross,메타그로스,Rock Tomb,암석봉인
Metagross,메타그로스,Round,돌림노래
Metagross,메타그로스,Sandstorm,모래바람
Metagross,메타그로스,Scary Face,겁나는얼굴
Metagross,메타그로스,Self-Destruct,자폭
Metagross,메타그로스,Shadow Ball,섀도볼
Metagross,메타그로스,Shadow Claw,섀도크루
Metagross,메타그로스,Shadow Punch,섀도펀치
Metagross,메타그로스,Sleep Talk,잠꼬대
Metagross,메타그로스,Sludge Bomb,오물폭탄
Metagross,메타그로스,Snore,코골기
Metagross,메타그로스,Stealth Rock,스텔스록
Metagross,메타그로스,Steel Beam,철제광선
Metagross,메타그로스,Steel Roller,아이언롤러
Metagross,메타그로스,Stomping Tantrum,분함의발구르기
Metagross,메타그로스,Stone Edge,스톤에지
Metagross,메타그로스,Substitute,대타출동
Metagross,메타그로스,Sunny Day,쾌청
Metagross,메타그로스,Swagger,뽐내기
Metagross,메타그로스,Thunder Punch,번개펀치
Metagross,메타그로스,Trailblaze,개척하기
Metagross,메타그로스,Trick,트릭
Metagross,메타그로스,Zen Headbutt,사념의박치기
Torterra,토대부기,Amnesia,망각술
Torterra,토대부기,Attract,헤롱헤롱
Torterra,토대부기,Bite,물기
Torterra,토대부기,Body Press,바디프레스
Torterra,토대부기,Body Slam,누르기
Torterra,토대부기,Bulldoze,땅고르기
Torterra,토대부기,Bullet Seed,기관총
Torterra,토대부기,Crunch,깨물어부수기
Torterra,토대부기,Curse,저주
Torterra,토대부기,Double-Edge,이판사판태클
Torterra,토대부기,Earth Power,대지의힘
Torterra,토대부기,Earthquake,지진
Torterra,토대부기,Endure,버티기
Torterra,토대부기,Energy Ball,에너지볼
Torterra,토대부기,Facade,객기
Torterra,토대부기,Frenzy Plant,하드플랜트
Torterra,토대부기,Giga Drain,기가드레인
Torterra,토대부기,Giga Impact,기가임팩트
Torterra,토대부기,Grass Knot,풀묶기
Torterra,토대부기,Grassy Glide,그래스슬라이더
Torterra,토대부기,Grassy Terrain,그래스필드
Torterra,토대부기,Growth,성장
Torterra,토대부기,Hard Press,하드프레스
Torterra,토대부기,Headlong Rush,들이받기
Torterra,토대부기,Heavy Slam,헤비봄버
Torterra,토대부기,High Horsepower,10만마력
Torterra,토대부기,Hyper Beam,파괴광선
Torterra,토대부기,Hyper Voice,하이퍼보이스
Torterra,토대부기,Iron Defense,철벽
Torterra,토대부기,Iron Head,아이언헤드
Torterra,토대부기,Leaf Storm,리프스톰
Torterra,토대부기,Leech Seed,씨뿌리기
Torterra,토대부기,Light Screen,빛의장막
Torterra,토대부기,Mud Shot,머드숏
Torterra,토대부기,Mud-Slap,진흙뿌리기
Torterra,토대부기,Outrage,역린
Torterra,토대부기,Protect,방어
Torterra,토대부기,Reflect,리플렉터
Torterra,토대부기,Rest,잠자기
Torterra,토대부기,Roar,울부짖기
Torterra,토대부기,Rock Blast,락블레스트
Torterra,토대부기,Rock Slide,스톤샤워
Torterra,토대부기,Rock Tomb,암석봉인
Torterra,토대부기,Round,돌림노래
Torterra,토대부기,Sand Tomb,모래지옥
Torterra,토대부기,Sandstorm,모래바람
Torterra,토대부기,Scary Face,겁나는얼굴
Torterra,토대부기,Scorching Sands,열사의대지
Torterra,토대부기,Seed Bomb,씨폭탄
Torterra,토대부기,Shell Smash,껍질깨기
Torterra,토대부기,Sleep Talk,잠꼬대
Torterra,토대부기,Smack Down,떨어뜨리기
Torterra,토대부기,Snore,코골기
Torterra,토대부기,Solar Beam,솔라빔
Torterra,토대부기,Spit Up,토해내기
Torterra,토대부기,Stealth Rock,스텔스록
Torterra,토대부기,Stockpile,비축하기
Torterra,토대부기,Stomping Tantrum,분함의발구르기
Torterra,토대부기,Stone Edge,스톤에지
Torterra,토대부기,Substitute,대타출동
Torterra,토대부기,Sunny Day,쾌청
Torterra,토대부기,Superpower,엄청난힘
Torterra,토대부기,Swallow,꿀꺽
Torterra,토대부기,Swords Dance,칼춤
Torterra,토대부기,Synthesis,광합성
Torterra,토대부기,Thrash,난동부리기
Torterra,토대부기,Tickle,간지르기
Torterra,토대부기,Trailblaze,개척하기
Torterra,토대부기,Wide Guard,와이드가드
Torterra,토대부기,Wood Hammer,우드해머
Torterra,토대부기,Worry Seed,고민씨
Torterra,토대부기,Zen Headbutt,사념의박치기
Infernape,초염몽,Acrobatics,애크러뱃
Infernape,초염몽,Aerial Ace,제비반환
Infernape,초염몽,Agility,고속이동
Infernape,초염몽,Attract,헤롱헤롱
Infernape,초염몽,Aura Sphere,파동탄
Infernape,초염몽,Blast Burn,블러스트번
Infernape,초염몽,Blaze Kick,브레이즈킥
Infernape,초염몽,Body Slam,누르기
Infernape,초염몽,Brick Break,깨트리다
Infernape,초염몽,Bulk Up,벌크업
Infernape,초염몽,Bulldoze,땅고르기
Infernape,초염몽,Burning Jealousy,질투의불꽃
Infernape,초염몽,Calm Mind,명상
Infernape,초염몽,Close Combat,인파이트
Infernape,초염몽,Coaching,코칭
Infernape,초염몽,Counter,카운터
Infernape,초염몽,Dig,구멍파기
Infernape,초염몽,Double-Edge,이판사판태클
Infernape,초염몽,Drain Punch,드레인펀치
Infernape,초염몽,Earthquake,지진
Infernape,초염몽,Encore,앵콜
Infernape,초염몽,Endeavor,죽기살기
Infernape,초염몽,Endure,버티기
Infernape,초염몽,Facade,객기
Infernape,초염몽,Fake Out,속이다
Infernape,초염몽,Fake Tears,거짓울음
Infernape,초염몽,Feint,페인트
Infernape,초염몽,Fire Blast,불대문자
Infernape,초염몽,Fire Punch,불꽃펀치
Infernape,초염몽,Fire Spin,회오리불꽃
Infernape,초염몽,Flame Charge,니트로차지
Infernape,초염몽,Flamethrower,화염방사
Infernape,초염몽,Flare Blitz,플레어드라이브
Infernape,초염몽,Fling,내던지기
Infernape,초염몽,Focus Blast,기합구슬
Infernape,초염몽,Focus Energy,기충전
Infernape,초염몽,Focus Punch,힘껏펀치
Infernape,초염몽,Giga Impact,기가임팩트
Infernape,초염몽,Grass Knot,풀묶기
Infernape,초염몽,Gunk Shot,더스트슈트
Infernape,초염몽,Heat Wave,열풍
Infernape,초염몽,Helping Hand,도우미
Infernape,초염몽,Hyper Beam,파괴광선
Infernape,초염몽,Iron Tail,아이언테일
Infernape,초염몽,Knock Off,탁쳐서떨구기
Infernape,초염몽,Lash Out,분풀이
Infernape,초염몽,Low Kick,안다리걸기
Infernape,초염몽,Low Sweep,로킥
Infernape,초염몽,Mach Punch,마하펀치
Infernape,초염몽,Mud-Slap,진흙뿌리기
Infernape,초염몽,Nasty Plot,나쁜음모
Infernape,초염몽,Overheat,오버히트
Infernape,초염몽,Poison Jab,독찌르기
Infernape,초염몽,Protect,방어
Infernape,초염몽,Psych Up,자기암시
Infernape,초염몽,Raging Fury,대격분
Infernape,초염몽,Rest,잠자기
Infernape,초염몽,Reversal,기사회생
Infernape,초염몽,Roar,울부짖기
Infernape,초염몽,Rock Slide,스톤샤워
Infernape,초염몽,Rock Tomb,암석봉인
Infernape,초염몽,Round,돌림노래
Infernape,초염몽,Scary Face,겁나는얼굴
Infernape,초염몽,Scorching Sands,열사의대지
Infernape,초염몽,Shadow Claw,섀도크루
Infernape,초염몽,Slack Off,태만함
Infernape,초염몽,Sleep Talk,잠꼬대
Infernape,초염몽,Smack Down,떨어뜨리기
Infernape,초염몽,Snore,코골기
Infernape,초염몽,Solar Beam,솔라빔
Infernape,초염몽,Stealth Rock,스텔스록
Infernape,초염몽,Stone Edge,스톤에지
Infernape,초염몽,Substitute,대타출동
Infernape,초염몽,Sunny Day,쾌청
Infernape,초염몽,Switcheroo,바꿔치기
Infernape,초염몽,Swords Dance,칼춤
Infernape,초염몽,Taunt,도발
Infernape,초염몽,Temper Flare,열불내기
Infernape,초염몽,Thief,도둑질
Infernape,초염몽,Throat Chop,지옥찌르기
Infernape,초염몽,Thunder Punch,번개펀치
Infernape,초염몽,Torment,트집
Infernape,초염몽,U-turn,유턴
Infernape,초염몽,Upper Hand,기선제압
Infernape,초염몽,Uproar,소란피기
Infernape,초염몽,Vacuum Wave,진공파
Infernape,초염몽,Will-O-Wisp,도깨비불
Infernape,초염몽,Zen Headbutt,사념의박치기
Empoleon,엠페르트,Aerial Ace,제비반환
Empoleon,엠페르트,Agility,고속이동
Empoleon,엠페르트,Air Cutter,에어컷터
Empoleon,엠페르트,Air Slash,에어슬래시
Empoleon,엠페르트,Aqua Jet,아쿠아제트
Empoleon,엠페르트,Aqua Ring,아쿠아링
Empoleon,엠페르트,Attract,헤롱헤롱
Empoleon,엠페르트,Avalanche,눈사태
Empoleon,엠페르트,Blizzard,눈보라
Empoleon,엠페르트,Body Slam,누르기
Empoleon,엠페르트,Brick Break,깨트리다
Empoleon,엠페르트,Bulldoze,땅고르기
Empoleon,엠페르트,Charm,애교부리기
Empoleon,엠페르트,Chilling Water,찬물끼얹기
Empoleon,엠페르트,Dig,구멍파기
Empoleon,엠페르트,Dive,다이빙
Empoleon,엠페르트,Double-Edge,이판사판태클
Empoleon,엠페르트,Drill Peck,회전부리
Empoleon,엠페르트,Dual Wingbeat,더블윙
Empoleon,엠페르트,Earthquake,지진
Empoleon,엠페르트,Endure,버티기
Empoleon,엠페르트,Facade,객기
Empoleon,엠페르트,Feather Dance,깃털댄스
Empoleon,엠페르트,Flash Cannon,러스터캐논
Empoleon,엠페르트,Fling,내던지기
Empoleon,엠페르트,Flip Turn,퀵턴
Empoleon,엠페르트,Giga Impact,기가임팩트
Empoleon,엠페르트,Grass Knot,풀묶기
Empoleon,엠페르트,Haze,흑안개
Empoleon,엠페르트,Helping Hand,도우미
Empoleon,엠페르트,Hydro Cannon,하이드로캐논
Empoleon,엠페르트,Hydro Pump,하이드로펌프
Empoleon,엠페르트,Hyper Beam,파괴광선
Empoleon,엠페르트,Ice Beam,냉동빔
Empoleon,엠페르트,Ice Spinner,아이스스피너
Empoleon,엠페르트,Icy Wind,얼다바람
Empoleon,엠페르트,Iron Defense,철벽
Empoleon,엠페르트,Knock Off,탁쳐서떨구기
Empoleon,엠페르트,Lash Out,분풀이
Empoleon,엠페르트,Liquidation,아쿠아브레이크
Empoleon,엠페르트,Metal Sound,금속음
Empoleon,엠페르트,Mud-Slap,진흙뿌리기
Empoleon,엠페르트,Power Trip,기어오르기
Empoleon,엠페르트,Protect,방어
Empoleon,엠페르트,Psych Up,자기암시
Empoleon,엠페르트,Rain Dance,비바라기
Empoleon,엠페르트,Rest,잠자기
Empoleon,엠페르트,Roar,울부짖기
Empoleon,엠페르트,Rock Slide,스톤샤워
Empoleon,엠페르트,Rock Tomb,암석봉인
Empoleon,엠페르트,Roost,날개쉬기
Empoleon,엠페르트,Round,돌림노래
Empoleon,엠페르트,Scary Face,겁나는얼굴
Empoleon,엠페르트,Shadow Claw,섀도크루
Empoleon,엠페르트,Sleep Talk,잠꼬대
Empoleon,엠페르트,Snore,코골기
Empoleon,엠페르트,Snowscape,설경
Empoleon,엠페르트,Stealth Rock,스텔스록
Empoleon,엠페르트,Steel Beam,철제광선
Empoleon,엠페르트,Steel Wing,강철날개
Empoleon,엠페르트,Substitute,대타출동
Empoleon,엠페르트,Surf,파도타기
Empoleon,엠페르트,Swagger,뽐내기
Empoleon,엠페르트,Swords Dance,칼춤
Empoleon,엠페르트,Throat Chop,지옥찌르기
Empoleon,엠페르트,Triple Axel,트리플악셀
Empoleon,엠페르트,Uproar,소란피기
Empoleon,엠페르트,Vacuum Wave,진공파
Empoleon,엠페르트,Water Pulse,물의파동
Empoleon,엠페르트,Waterfall,폭포오르기
Empoleon,엠페르트,Wave Crash,웨이브태클
Empoleon,엠페르트,Weather Ball,웨더볼
Empoleon,엠페르트,Whirlpool,바다회오리
Empoleon,엠페르트,Yawn,하품
Staraptor,찌르호크,Acrobatics,애크러뱃
Staraptor,찌르호크,Aerial Ace,제비반환
Staraptor,찌르호크,Agility,고속이동
Staraptor,찌르호크,Air Cutter,에어컷터
Staraptor,찌르호크,Air Slash,에어슬래시
Staraptor,찌르호크,Blaze Kick,브레이즈킥
Staraptor,찌르호크,Brave Bird,브레이브버드
Staraptor,찌르호크,Brick Break,깨트리다
Staraptor,찌르호크,Bulk Up,벌크업
Staraptor,찌르호크,Close Combat,인파이트
Staraptor,찌르호크,Double Team,그림자분신
Staraptor,찌르호크,Double-Edge,이판사판태클
Staraptor,찌르호크,Dual Wingbeat,더블윙
Staraptor,찌르호크,Endeavor,죽기살기
Staraptor,찌르호크,Endure,버티기
Staraptor,찌르호크,Facade,객기
Staraptor,찌르호크,Feather Dance,깃털댄스
Staraptor,찌르호크,Final Gambit,목숨걸기
Staraptor,찌르호크,Fly,공중날기
Staraptor,찌르호크,Focus Blast,기합구슬
Staraptor,찌르호크,Giga Impact,기가임팩트
Staraptor,찌르호크,Heat Wave,열풍
Staraptor,찌르호크,Helping Hand,도우미
Staraptor,찌르호크,Hurricane,폭풍
Staraptor,찌르호크,Hyper Beam,파괴광선
Staraptor,찌르호크,Protect,방어
Staraptor,찌르호크,Quick Attack,전광석화
Staraptor,찌르호크,Rain Dance,비바라기
Staraptor,찌르호크,Rest,잠자기
Staraptor,찌르호크,Roost,날개쉬기
Staraptor,찌르호크,Round,돌림노래
Staraptor,찌르호크,Sky Attack,불새
Staraptor,찌르호크,Sleep Talk,잠꼬대
Staraptor,찌르호크,Snore,코골기
Staraptor,찌르호크,Steel Wing,강철날개
Staraptor,찌르호크,Substitute,대타출동
Staraptor,찌르호크,Sunny Day,쾌청
Staraptor,찌르호크,Swagger,뽐내기
Staraptor,찌르호크,Tailwind,순풍
Staraptor,찌르호크,Thief,도둑질
Staraptor,찌르호크,U-turn,유턴
Staraptor,찌르호크,Uproar,소란피기
Staraptor,찌르호크,Whirlwind,날려버리기
Luxray,렌트라,Agility,고속이동
Luxray,렌트라,Baby-Doll Eyes,초롱초롱눈동자
Luxray,렌트라,Bite,물기
Luxray,렌트라,Body Slam,누르기
Luxray,렌트라,Charge,충전
Luxray,렌트라,Charge Beam,차지빔
Luxray,렌트라,Confuse Ray,이상한빛
Luxray,렌트라,Crunch,깨물어부수기
Luxray,렌트라,Discharge,방전
Luxray,렌트라,Double-Edge,이판사판태클
Luxray,렌트라,Eerie Impulse,괴전파
Luxray,렌트라,Electric Terrain,일렉트릭필드
Luxray,렌트라,Electro Ball,일렉트릭볼
Luxray,렌트라,Electroweb,일렉트릭네트
Luxray,렌트라,Endure,버티기
Luxray,렌트라,Facade,객기
Luxray,렌트라,Fake Tears,거짓울음
Luxray,렌트라,Fire Fang,불꽃엄니
Luxray,렌트라,Giga Impact,기가임팩트
Luxray,렌트라,Helping Hand,도우미
Luxray,렌트라,Howl,멀리짖음
Luxray,렌트라,Hyper Beam,파괴광선
Luxray,렌트라,Ice Fang,얼음엄니
Luxray,렌트라,Iron Tail,아이언테일
Luxray,렌트라,Light Screen,빛의장막
Luxray,렌트라,Night Slash,깜짝베기
Luxray,렌트라,Play Rough,치근거리기
Luxray,렌트라,Protect,방어
Luxray,렌트라,Psychic Fangs,사이코팽
Luxray,렌트라,Quick Attack,전광석화
Luxray,렌트라,Rain Dance,비바라기
Luxray,렌트라,Rest,잠자기
Luxray,렌트라,Rising Voltage,라이징볼트
Luxray,렌트라,Roar,울부짖기
Luxray,렌트라,Round,돌림노래
Luxray,렌트라,Scary Face,겁나는얼굴
Luxray,렌트라,Sleep Talk,잠꼬대
Luxray,렌트라,Snarl,바크아웃
Luxray,렌트라,Snore,코골기
Luxray,렌트라,Substitute,대타출동
Luxray,렌트라,Sunny Day,쾌청
Luxray,렌트라,Supercell Slam,썬더다이브
Luxray,렌트라,Superpower,엄청난힘
Luxray,렌트라,Swagger,뽐내기
Luxray,렌트라,Thief,도둑질
Luxray,렌트라,Throat Chop,지옥찌르기
Luxray,렌트라,Thunder,번개
Luxray,렌트라,Thunder Fang,번개엄니
Luxray,렌트라,Thunder Wave,전기자석파
Luxray,렌트라,Thunderbolt,10만볼트
Luxray,렌트라,Trailblaze,개척하기
Luxray,렌트라,Volt Switch,볼트체인지
Luxray,렌트라,Wild Charge,와일드볼트
Roserade,로즈레이드,Attract,헤롱헤롱
Roserade,로즈레이드,Body Slam,누르기
Roserade,로즈레이드,Bullet Seed,기관총
Roserade,로즈레이드,Charm,애교부리기
Roserade,로즈레이드,Cotton Spore,목화포자
Roserade,로즈레이드,Dazzling Gleam,매지컬샤인
Roserade,로즈레이드,Endure,버티기
Roserade,로즈레이드,Energy Ball,에너지볼
Roserade,로즈레이드,Extrasensory,신통력
Roserade,로즈레이드,Facade,객기
Roserade,로즈레이드,Giga Drain,기가드레인
Roserade,로즈레이드,Giga Impact,기가임팩트
Roserade,로즈레이드,Grass Knot,풀묶기
Roserade,로즈레이드,Grassy Glide,그래스슬라이더
Roserade,로즈레이드,Grassy Terrain,그래스필드
Roserade,로즈레이드,Growth,성장
Roserade,로즈레이드,Hyper Beam,파괴광선
Roserade,로즈레이드,Ingrain,뿌리박기
Roserade,로즈레이드,Leaf Storm,리프스톰
Roserade,로즈레이드,Leech Seed,씨뿌리기
Roserade,로즈레이드,Life Dew,생명의물방울
Roserade,로즈레이드,Petal Blizzard,꽃보라
Roserade,로즈레이드,Petal Dance,꽃잎댄스
Roserade,로즈레이드,Pin Missile,바늘미사일
Roserade,로즈레이드,Poison Jab,독찌르기
Roserade,로즈레이드,Power Whip,파워휩
Roserade,로즈레이드,Protect,방어
Roserade,로즈레이드,Rain Dance,비바라기
Roserade,로즈레이드,Rest,잠자기
Roserade,로즈레이드,Round,돌림노래
Roserade,로즈레이드,Seed Bomb,씨폭탄
Roserade,로즈레이드,Shadow Ball,섀도볼
Roserade,로즈레이드,Sleep Powder,수면가루
Roserade,로즈레이드,Sleep Talk,잠꼬대
Roserade,로즈레이드,Sludge Bomb,오물폭탄
Roserade,로즈레이드,Snore,코골기
Roserade,로즈레이드,Solar Beam,솔라빔
Roserade,로즈레이드,Spikes,압정뿌리기
Roserade,로즈레이드,Stun Spore,저리가루
Roserade,로즈레이드,Substitute,대타출동
Roserade,로즈레이드,Sunny Day,쾌청
Roserade,로즈레이드,Sweet Scent,달콤한향기
Roserade,로즈레이드,Swords Dance,칼춤
Roserade,로즈레이드,Synthesis,광합성
Roserade,로즈레이드,Toxic,맹독
Roserade,로즈레이드,Toxic Spikes,독압정
Roserade,로즈레이드,Trailblaze,개척하기
Roserade,로즈레이드,Uproar,소란피기
Roserade,로즈레이드,Venoshock,베놈쇼크
Roserade,로즈레이드,Weather Ball,웨더볼
Roserade,로즈레이드,Worry Seed,고민씨
Rampardos,램펄드,Ancient Power,원시의힘
Rampardos,램펄드,Assurance,승부굳히기
Rampardos,램펄드,Attract,헤롱헤롱
Rampardos,램펄드,Avalanche,눈사태
Rampardos,램펄드,Blizzard,눈보라
Rampardos,램펄드,Body Press,바디프레스
Rampardos,램펄드,Body Slam,누르기
Rampardos,램펄드,Breaking Swipe,와이드브레이커
Rampardos,램펄드,Brick Break,깨트리다
Rampardos,램펄드,Bulldoze,땅고르기
Rampardos,램펄드,Crunch,깨물어부수기
Rampardos,램펄드,Curse,저주
Rampardos,램펄드,Dig,구멍파기
Rampardos,램펄드,Double-Edge,이판사판태클
Rampardos,램펄드,Dragon Cheer,드래곤옐
Rampardos,램펄드,Dragon Claw,드래곤크루
Rampardos,램펄드,Dragon Pulse,용의파동
Rampardos,램펄드,Dragon Tail,드래곤테일
Rampardos,램펄드,Earth Power,대지의힘
Rampardos,램펄드,Earthquake,지진
Rampardos,램펄드,Endeavor,죽기살기
Rampardos,램펄드,Endure,버티기
Rampardos,램펄드,Facade,객기
Rampardos,램펄드,Fire Blast,불대문자
Rampardos,램펄드,Fire Punch,불꽃펀치
Rampardos,램펄드,Flamethrower,화염방사
Rampardos,램펄드,Fling,내던지기
Rampardos,램펄드,Focus Blast,기합구슬
Rampardos,램펄드,Focus Energy,기충전
Rampardos,램펄드,Focus Punch,힘껏펀치
Rampardos,램펄드,Giga Impact,기가임팩트
Rampardos,램펄드,Hammer Arm,암해머
Rampardos,램펄드,Head Smash,양날박치기
Rampardos,램펄드,Heavy Slam,헤비봄버
Rampardos,램펄드,Hyper Beam,파괴광선
Rampardos,램펄드,Ice Beam,냉동빔
Rampardos,램펄드,Iron Head,아이언헤드
Rampardos,램펄드,Iron Tail,아이언테일
Rampardos,램펄드,Meteor Beam,메테오빔
Rampardos,램펄드,Mud-Slap,진흙뿌리기
Rampardos,램펄드,Outrage,역린
Rampardos,램펄드,Payback,보복
Rampardos,램펄드,Protect,방어
Rampardos,램펄드,Rain Dance,비바라기
Rampardos,램펄드,Rest,잠자기
Rampardos,램펄드,Roar,울부짖기
Rampardos,램펄드,Rock Blast,락블레스트
Rampardos,램펄드,Rock Slide,스톤샤워
Rampardos,램펄드,Rock Tomb,암석봉인
Rampardos,램펄드,Round,돌림노래
Rampardos,램펄드,Sandstorm,모래바람
Rampardos,램펄드,Scary Face,겁나는얼굴
Rampardos,램펄드,Screech,싫은소리
Rampardos,램펄드,Sleep Talk,잠꼬대
Rampardos,램펄드,Smack Down,떨어뜨리기
Rampardos,램펄드,Snore,코골기
Rampardos,램펄드,Stealth Rock,스텔스록
Rampardos,램펄드,Stomping Tantrum,분함의발구르기
Rampardos,램펄드,Stone Edge,스톤에지
Rampardos,램펄드,Substitute,대타출동
Rampardos,램펄드,Sunny Day,쾌청
Rampardos,램펄드,Supercell Slam,썬더다이브
Rampardos,램펄드,Superpower,엄청난힘
Rampardos,램펄드,Surf,파도타기
Rampardos,램펄드,Swords Dance,칼춤
Rampardos,램펄드,Thief,도둑질
Rampardos,램펄드,Thrash,난동부리기
Rampardos,램펄드,Thunder,번개
Rampardos,램펄드,Thunder Punch,번개펀치
Rampardos,램펄드,Thunderbolt,10만볼트
Rampardos,램펄드,Trailblaze,개척하기
Rampardos,램펄드,Uproar,소란피기
Rampardos,램펄드,Whirlwind,날려버리기
Rampardos,램펄드,Zen Headbutt,사념의박치기
Bastiodon,바리톱스,Ancient Power,원시의힘
Bastiodon,바리톱스,Attract,헤롱헤롱
Bastiodon,바리톱스,Avalanche,눈사태
Bastiodon,바리톱스,Blizzard,눈보라
Bastiodon,바리톱스,Block,블록
Bastiodon,바리톱스,Body Press,바디프레스
Bastiodon,바리톱스,Body Slam,누르기
Bastiodon,바리톱스,Bulldoze,땅고르기
Bastiodon,바리톱스,Counter,카운터
Bastiodon,바리톱스,Curse,저주
Bastiodon,바리톱스,Dig,구멍파기
Bastiodon,바리톱스,Double-Edge,이판사판태클
Bastiodon,바리톱스,Earth Power,대지의힘
Bastiodon,바리톱스,Earthquake,지진
Bastiodon,바리톱스,Endure,버티기
Bastiodon,바리톱스,Facade,객기
Bastiodon,바리톱스,Fire Blast,불대문자
Bastiodon,바리톱스,Fissure,땅가르기
Bastiodon,바리톱스,Flamethrower,화염방사
Bastiodon,바리톱스,Flash Cannon,러스터캐논
Bastiodon,바리톱스,Focus Energy,기충전
Bastiodon,바리톱스,Foul Play,속임수
Bastiodon,바리톱스,Giga Impact,기가임팩트
Bastiodon,바리톱스,Guard Split,가드셰어
Bastiodon,바리톱스,Hard Press,하드프레스
Bastiodon,바리톱스,Heavy Slam,헤비봄버
Bastiodon,바리톱스,Hyper Beam,파괴광선
Bastiodon,바리톱스,Ice Beam,냉동빔
Bastiodon,바리톱스,Iron Defense,철벽
Bastiodon,바리톱스,Iron Head,아이언헤드
Bastiodon,바리톱스,Iron Tail,아이언테일
Bastiodon,바리톱스,Metal Burst,메탈버스트
Bastiodon,바리톱스,Metal Sound,금속음
Bastiodon,바리톱스,Meteor Beam,메테오빔
Bastiodon,바리톱스,Mud-Slap,진흙뿌리기
Bastiodon,바리톱스,Outrage,역린
Bastiodon,바리톱스,Power Gem,파워젬
Bastiodon,바리톱스,Protect,방어
Bastiodon,바리톱스,Rain Dance,비바라기
Bastiodon,바리톱스,Reflect,리플렉터
Bastiodon,바리톱스,Rest,잠자기
Bastiodon,바리톱스,Reversal,기사회생
Bastiodon,바리톱스,Roar,울부짖기
Bastiodon,바리톱스,Rock Blast,락블레스트
Bastiodon,바리톱스,Rock Slide,스톤샤워
Bastiodon,바리톱스,Rock Tomb,암석봉인
Bastiodon,바리톱스,Round,돌림노래
Bastiodon,바리톱스,Sand Tomb,모래지옥
Bastiodon,바리톱스,Sandstorm,모래바람
Bastiodon,바리톱스,Scary Face,겁나는얼굴
Bastiodon,바리톱스,Scorching Sands,열사의대지
Bastiodon,바리톱스,Screech,싫은소리
Bastiodon,바리톱스,Sleep Talk,잠꼬대
Bastiodon,바리톱스,Smack Down,떨어뜨리기
Bastiodon,바리톱스,Snore,코골기
Bastiodon,바리톱스,Stealth Rock,스텔스록
Bastiodon,바리톱스,Steel Beam,철제광선
Bastiodon,바리톱스,Steel Roller,아이언롤러
Bastiodon,바리톱스,Stomping Tantrum,분함의발구르기
Bastiodon,바리톱스,Stone Edge,스톤에지
Bastiodon,바리톱스,Substitute,대타출동
Bastiodon,바리톱스,Sunny Day,쾌청
Bastiodon,바리톱스,Swagger,뽐내기
Bastiodon,바리톱스,Taunt,도발
Bastiodon,바리톱스,Thunder,번개
Bastiodon,바리톱스,Thunderbolt,10만볼트
Bastiodon,바리톱스,Trailblaze,개척하기
Bastiodon,바리톱스,Wide Guard,와이드가드
Lopunny,이어롭,Acrobatics,애크러뱃
Lopunny,이어롭,After You,당신먼저
Lopunny,이어롭,Agility,고속이동
Lopunny,이어롭,Assurance,승부굳히기
Lopunny,이어롭,Attract,헤롱헤롱
Lopunny,이어롭,Aura Sphere,파동탄
Lopunny,이어롭,Baby-Doll Eyes,초롱초롱눈동자
Lopunny,이어롭,Baton Pass,바톤터치
Lopunny,이어롭,Blizzard,눈보라
Lopunny,이어롭,Bounce,뛰어오르다
Lopunny,이어롭,Brutal Swing,세차게휘두르기
Lopunny,이어롭,Charm,애교부리기
Lopunny,이어롭,Circle Throw,배대뒤치기
Lopunny,이어롭,Close Combat,인파이트
Lopunny,이어롭,Copycat,흉내쟁이
Lopunny,이어롭,Cosmic Power,코스믹파워
Lopunny,이어롭,Cotton Guard,코튼가드
Lopunny,이어롭,Dig,구멍파기
Lopunny,이어롭,Double Hit,더블어택
Lopunny,이어롭,Drain Punch,드레인펀치
Lopunny,이어롭,Draining Kiss,드레인키스
Lopunny,이어롭,Dynamic Punch,폭발펀치
Lopunny,이어롭,Encore,앵콜
Lopunny,이어롭,Endure,버티기
Lopunny,이어롭,Entrainment,동료만들기
Lopunny,이어롭,Facade,객기
Lopunny,이어롭,Fake Out,속이다
Lopunny,이어롭,Fake Tears,거짓울음
Lopunny,이어롭,Fire Punch,불꽃펀치
Lopunny,이어롭,Flail,바둥바둥
Lopunny,이어롭,Flatter,부추기기
Lopunny,이어롭,Fling,내던지기
Lopunny,이어롭,Focus Blast,기합구슬
Lopunny,이어롭,Focus Punch,힘껏펀치
Lopunny,이어롭,Giga Impact,기가임팩트
Lopunny,이어롭,Grass Knot,풀묶기
Lopunny,이어롭,Healing Wish,치유소원
Lopunny,이어롭,Helping Hand,도우미
Lopunny,이어롭,High Jump Kick,무릎차기
Lopunny,이어롭,Hyper Beam,파괴광선
Lopunny,이어롭,Hyper Voice,하이퍼보이스
Lopunny,이어롭,Ice Beam,냉동빔
Lopunny,이어롭,Ice Punch,냉동펀치
Lopunny,이어롭,Iron Tail,아이언테일
Lopunny,이어롭,Low Kick,안다리걸기
Lopunny,이어롭,Low Sweep,로킥
Lopunny,이어롭,Mach Punch,마하펀치
Lopunny,이어롭,Mega Kick,메가톤킥
Lopunny,이어롭,Mirror Coat,미러코트
Lopunny,이어롭,Payback,보복
Lopunny,이어롭,Play Rough,치근거리기
Lopunny,이어롭,Pounce,달려들기
Lopunny,이어롭,Protect,방어
Lopunny,이어롭,Quick Attack,전광석화
Lopunny,이어롭,Rain Dance,비바라기
Lopunny,이어롭,Rest,잠자기
Lopunny,이어롭,Reversal,기사회생
Lopunny,이어롭,Round,돌림노래
Lopunny,이어롭,Shadow Ball,섀도볼
Lopunny,이어롭,Sleep Talk,잠꼬대
Lopunny,이어롭,Snore,코골기
Lopunny,이어롭,Solar Beam,솔라빔
Lopunny,이어롭,Substitute,대타출동
Lopunny,이어롭,Sunny Day,쾌청
Lopunny,이어롭,Sweet Kiss,천사의키스
Lopunny,이어롭,Switcheroo,바꿔치기
Lopunny,이어롭,Swords Dance,칼춤
Lopunny,이어롭,Teeter Dance,흔들흔들댄스
Lopunny,이어롭,Thunder,번개
Lopunny,이어롭,Thunder Punch,번개펀치
Lopunny,이어롭,Thunder Wave,전기자석파
Lopunny,이어롭,Thunderbolt,10만볼트
Lopunny,이어롭,Trailblaze,개척하기
Lopunny,이어롭,Triple Axel,트리플악셀
Lopunny,이어롭,U-turn,유턴
Lopunny,이어롭,Uproar,소란피기
Spiritomb,화강돌,Ally Switch,사이드체인지
Spiritomb,화강돌,Body Slam,누르기
Spiritomb,화강돌,Burning Jealousy,질투의불꽃
Spiritomb,화강돌,Calm Mind,명상
Spiritomb,화강돌,Confuse Ray,이상한빛
Spiritomb,화강돌,Curse,저주
Spiritomb,화강돌,Dark Pulse,악의파동
Spiritomb,화강돌,Destiny Bond,길동무
Spiritomb,화강돌,Disable,사슬묶기
Spiritomb,화강돌,Endure,버티기
Spiritomb,화강돌,Facade,객기
Spiritomb,화강돌,Foul Play,속임수
Spiritomb,화강돌,Giga Impact,기가임팩트
Spiritomb,화강돌,Helping Hand,도우미
Spiritomb,화강돌,Hex,병상첨병
Spiritomb,화강돌,Hyper Beam,파괴광선
Spiritomb,화강돌,Hypnosis,최면술
Spiritomb,화강돌,Icy Wind,얼다바람
Spiritomb,화강돌,Imprison,봉인
Spiritomb,화강돌,Lash Out,분풀이
Spiritomb,화강돌,Memento,추억의선물
Spiritomb,화강돌,Nasty Plot,나쁜음모
Spiritomb,화강돌,Night Shade,나이트헤드
Spiritomb,화강돌,Pain Split,아픔나누기
Spiritomb,화강돌,Payback,보복
Spiritomb,화강돌,Phantom Force,고스트다이브
Spiritomb,화강돌,Poltergeist,폴터가이스트
Spiritomb,화강돌,Protect,방어
Spiritomb,화강돌,Psychic,사이코키네시스
Spiritomb,화강돌,Psyshock,사이코쇼크
Spiritomb,화강돌,Rain Dance,비바라기
Spiritomb,화강돌,Rest,잠자기
Spiritomb,화강돌,Rock Tomb,암석봉인
Spiritomb,화강돌,Round,돌림노래
Spiritomb,화강돌,Scary Face,겁나는얼굴
Spiritomb,화강돌,Shadow Ball,섀도볼
Spiritomb,화강돌,Shadow Sneak,야습
Spiritomb,화강돌,Skill Swap,스킬스웹
Spiritomb,화강돌,Sleep Talk,잠꼬대
Spiritomb,화강돌,Snarl,바크아웃
Spiritomb,화강돌,Snore,코골기
Spiritomb,화강돌,Spite,원한
Spiritomb,화강돌,Stored Power,어시스트파워
Spiritomb,화강돌,Substitute,대타출동
Spiritomb,화강돌,Sucker Punch,기습
Spiritomb,화강돌,Sunny Day,쾌청
Spiritomb,화강돌,Taunt,도발
Spiritomb,화강돌,Thief,도둑질
Spiritomb,화강돌,Toxic,맹독
Spiritomb,화강돌,Trick,트릭
Spiritomb,화강돌,Trick Room,트릭룸
Spiritomb,화강돌,Uproar,소란피기
Spiritomb,화강돌,Will-O-Wisp,도깨비불
Spiritomb,화강돌,Wonder Room,원더룸
Garchomp,한카리아스,Aerial Ace,제비반환
Garchomp,한카리아스,Bite,물기
Garchomp,한카리아스,Body Slam,누르기
Garchomp,한카리아스,Breaking Swipe,와이드브레이커
Garchomp,한카리아스,Brick Break,깨트리다
Garchomp,한카리아스,Brutal Swing,세차게휘두르기
Garchomp,한카리아스,Bulldoze,땅고르기
Garchomp,한카리아스,Crunch,깨물어부수기
Garchomp,한카리아스,Dig,구멍파기
Garchomp,한카리아스,Double-Edge,이판사판태클
Garchomp,한카리아스,Draco Meteor,용성군
Garchomp,한카리아스,Dragon Cheer,드래곤옐
Garchomp,한카리아스,Dragon Claw,드래곤크루
Garchomp,한카리아스,Dragon Pulse,용의파동
Garchomp,한카리아스,Dragon Rush,드래곤다이브
Garchomp,한카리아스,Dragon Tail,드래곤테일
Garchomp,한카리아스,Earth Power,대지의힘
Garchomp,한카리아스,Earthquake,지진
Garchomp,한카리아스,Endure,버티기
Garchomp,한카리아스,Facade,객기
Garchomp,한카리아스,Fire Blast,불대문자
Garchomp,한카리아스,Fire Fang,불꽃엄니
Garchomp,한카리아스,Flamethrower,화염방사
Garchomp,한카리아스,Fling,내던지기
Garchomp,한카리아스,Giga Impact,기가임팩트
Garchomp,한카리아스,Helping Hand,도우미
Garchomp,한카리아스,Hyper Beam,파괴광선
Garchomp,한카리아스,Iron Head,아이언헤드
Garchomp,한카리아스,Iron Tail,아이언테일
Garchomp,한카리아스,Liquidation,아쿠아브레이크
Garchomp,한카리아스,Mud Shot,머드숏
Garchomp,한카리아스,Outrage,역린
Garchomp,한카리아스,Poison Jab,독찌르기
Garchomp,한카리아스,Power Gem,파워젬
Garchomp,한카리아스,Protect,방어
Garchomp,한카리아스,Rain Dance,비바라기
Garchomp,한카리아스,Rest,잠자기
Garchomp,한카리아스,Rock Slide,스톤샤워
Garchomp,한카리아스,Rock Tomb,암석봉인
Garchomp,한카리아스,Round,돌림노래
Garchomp,한카리아스,Sand Tomb,모래지옥
Garchomp,한카리아스,Sandstorm,모래바람
Garchomp,한카리아스,Scale Shot,스케일샷
Garchomp,한카리아스,Scary Face,겁나는얼굴
Garchomp,한카리아스,Scorching Sands,열사의대지
Garchomp,한카리아스,Shadow Claw,섀도크루
Garchomp,한카리아스,Slash,베어가르기
Garchomp,한카리아스,Sleep Talk,잠꼬대
Garchomp,한카리아스,Snore,코골기
Garchomp,한카리아스,Spikes,압정뿌리기
Garchomp,한카리아스,Stealth Rock,스텔스록
Garchomp,한카리아스,Stomping Tantrum,분함의발구르기
Garchomp,한카리아스,Stone Edge,스톤에지
Garchomp,한카리아스,Substitute,대타출동
Garchomp,한카리아스,Sunny Day,쾌청
Garchomp,한카리아스,Surf,파도타기
Garchomp,한카리아스,Swords Dance,칼춤
Garchomp,한카리아스,Thrash,난동부리기
Garchomp,한카리아스,Thunder Fang,번개엄니
Lucario,루카리오,Aerial Ace,제비반환
Lucario,루카리오,Agility,고속이동
Lucario,루카리오,Aura Sphere,파동탄
Lucario,루카리오,Bite,물기
Lucario,루카리오,Blaze Kick,브레이즈킥
Lucario,루카리오,Body Slam,누르기
Lucario,루카리오,Bone Rush,본러쉬
Lucario,루카리오,Brick Break,깨트리다
Lucario,루카리오,Bulk Up,벌크업
Lucario,루카리오,Bulldoze,땅고르기
Lucario,루카리오,Bullet Punch,불릿펀치
Lucario,루카리오,Calm Mind,명상
Lucario,루카리오,Circle Throw,배대뒤치기
Lucario,루카리오,Close Combat,인파이트
Lucario,루카리오,Coaching,코칭
Lucario,루카리오,Copycat,흉내쟁이
Lucario,루카리오,Counter,카운터
Lucario,루카리오,Cross Chop,크로스촙
Lucario,루카리오,Crunch,깨물어부수기
Lucario,루카리오,Dark Pulse,악의파동
Lucario,루카리오,Detect,판별
Lucario,루카리오,Dig,구멍파기
Lucario,루카리오,Dragon Pulse,용의파동
Lucario,루카리오,Drain Punch,드레인펀치
Lucario,루카리오,Earthquake,지진
Lucario,루카리오,Endure,버티기
Lucario,루카리오,Extreme Speed,신속
Lucario,루카리오,Facade,객기
Lucario,루카리오,Feint,페인트
Lucario,루카리오,Final Gambit,목숨걸기
Lucario,루카리오,Flash Cannon,러스터캐논
Lucario,루카리오,Fling,내던지기
Lucario,루카리오,Focus Blast,기합구슬
Lucario,루카리오,Focus Energy,기충전
Lucario,루카리오,Focus Punch,힘껏펀치
Lucario,루카리오,Giga Impact,기가임팩트
Lucario,루카리오,Heal Pulse,치유파동
Lucario,루카리오,Helping Hand,도우미
Lucario,루카리오,High Jump Kick,무릎차기
Lucario,루카리오,Howl,멀리짖음
Lucario,루카리오,Hyper Beam,파괴광선
Lucario,루카리오,Ice Punch,냉동펀치
Lucario,루카리오,Iron Defense,철벽
Lucario,루카리오,Iron Tail,아이언테일
Lucario,루카리오,Life Dew,생명의물방울
Lucario,루카리오,Low Kick,안다리걸기
Lucario,루카리오,Low Sweep,로킥
Lucario,루카리오,Mega Kick,메가톤킥
Lucario,루카리오,Metal Sound,금속음
Lucario,루카리오,Meteor Mash,코멧펀치
Lucario,루카리오,Nasty Plot,나쁜음모
Lucario,루카리오,Payback,보복
Lucario,루카리오,Poison Jab,독찌르기
Lucario,루카리오,Protect,방어
Lucario,루카리오,Psych Up,자기암시
Lucario,루카리오,Psychic,사이코키네시스
Lucario,루카리오,Quick Attack,전광석화
Lucario,루카리오,Quick Guard,퍼스트가드
Lucario,루카리오,Rain Dance,비바라기
Lucario,루카리오,Rest,잠자기
Lucario,루카리오,Reversal,기사회생
Lucario,루카리오,Roar,울부짖기
Lucario,루카리오,Rock Slide,스톤샤워
Lucario,루카리오,Rock Tomb,암석봉인
Lucario,루카리오,Round,돌림노래
Lucario,루카리오,Scary Face,겁나는얼굴
Lucario,루카리오,Screech,싫은소리
Lucario,루카리오,Shadow Ball,섀도볼
Lucario,루카리오,Shadow Claw,섀도크루
Lucario,루카리오,Sleep Talk,잠꼬대
Lucario,루카리오,Snore,코골기
Lucario,루카리오,Steel Beam,철제광선
Lucario,루카리오,Stone Edge,스톤에지
Lucario,루카리오,Substitute,대타출동
Lucario,루카리오,Sunny Day,쾌청
Lucario,루카리오,Swords Dance,칼춤
Lucario,루카리오,Terrain Pulse,대지의파동
Lucario,루카리오,Thunder Punch,번개펀치
Lucario,루카리오,Trailblaze,개척하기
Lucario,루카리오,Upper Hand,기선제압
Lucario,루카리오,Vacuum Wave,진공파
Lucario,루카리오,Water Pulse,물의파동
Lucario,루카리오,Zen Headbutt,사념의박치기
Hippowdon,하마돈,Amnesia,망각술
Hippowdon,하마돈,Bite,물기
Hippowdon,하마돈,Body Press,바디프레스
Hippowdon,하마돈,Body Slam,누르기
Hippowdon,하마돈,Bulldoze,땅고르기
Hippowdon,하마돈,Crunch,깨물어부수기
Hippowdon,하마돈,Curse,저주
Hippowdon,하마돈,Dig,구멍파기
Hippowdon,하마돈,Double-Edge,이판사판태클
Hippowdon,하마돈,Earth Power,대지의힘
Hippowdon,하마돈,Earthquake,지진
Hippowdon,하마돈,Endure,버티기
Hippowdon,하마돈,Facade,객기
Hippowdon,하마돈,Fire Fang,불꽃엄니
Hippowdon,하마돈,Fissure,땅가르기
Hippowdon,하마돈,Giga Impact,기가임팩트
Hippowdon,하마돈,Hard Press,하드프레스
Hippowdon,하마돈,Heavy Slam,헤비봄버
Hippowdon,하마돈,Helping Hand,도우미
Hippowdon,하마돈,High Horsepower,10만마력
Hippowdon,하마돈,Hyper Beam,파괴광선
Hippowdon,하마돈,Hyper Voice,하이퍼보이스
Hippowdon,하마돈,Ice Fang,얼음엄니
Hippowdon,하마돈,Iron Head,아이언헤드
Hippowdon,하마돈,Mud Shot,머드숏
Hippowdon,하마돈,Mud-Slap,진흙뿌리기
Hippowdon,하마돈,Muddy Water,탁류
Hippowdon,하마돈,Protect,방어
Hippowdon,하마돈,Rest,잠자기
Hippowdon,하마돈,Roar,울부짖기
Hippowdon,하마돈,Rock Slide,스톤샤워
Hippowdon,하마돈,Rock Tomb,암석봉인
Hippowdon,하마돈,Round,돌림노래
Hippowdon,하마돈,Sand Tomb,모래지옥
Hippowdon,하마돈,Sandstorm,모래바람
Hippowdon,하마돈,Scorching Sands,열사의대지
Hippowdon,하마돈,Slack Off,태만함
Hippowdon,하마돈,Sleep Talk,잠꼬대
Hippowdon,하마돈,Snore,코골기
Hippowdon,하마돈,Spit Up,토해내기
Hippowdon,하마돈,Stealth Rock,스텔스록
Hippowdon,하마돈,Stockpile,비축하기
Hippowdon,하마돈,Stomping Tantrum,분함의발구르기
Hippowdon,하마돈,Stone Edge,스톤에지
Hippowdon,하마돈,Substitute,대타출동
Hippowdon,하마돈,Sunny Day,쾌청
Hippowdon,하마돈,Superpower,엄청난힘
Hippowdon,하마돈,Swallow,꿀꺽
Hippowdon,하마돈,Thunder Fang,번개엄니
Hippowdon,하마돈,Whirlwind,날려버리기
Hippowdon,하마돈,Yawn,하품
Toxicroak,독개굴,Acid Spray,애시드봄
Toxicroak,독개굴,Aerial Ace,제비반환
Toxicroak,독개굴,Assurance,승부굳히기
Toxicroak,독개굴,Baton Pass,바톤터치
Toxicroak,독개굴,Belch,트림
Toxicroak,독개굴,Bounce,뛰어오르다
Toxicroak,독개굴,Brick Break,깨트리다
Toxicroak,독개굴,Bulk Up,벌크업
Toxicroak,독개굴,Bulldoze,땅고르기
Toxicroak,독개굴,Bullet Punch,불릿펀치
Toxicroak,독개굴,Chilling Water,찬물끼얹기
Toxicroak,독개굴,Close Combat,인파이트
Toxicroak,독개굴,Coaching,코칭
Toxicroak,독개굴,Corrosive Gas,부식가스
Toxicroak,독개굴,Counter,카운터
Toxicroak,독개굴,Cross Chop,크로스촙
Toxicroak,독개굴,Cross Poison,크로스포이즌
Toxicroak,독개굴,Dark Pulse,악의파동
Toxicroak,독개굴,Dig,구멍파기
Toxicroak,독개굴,Drain Punch,드레인펀치
Toxicroak,독개굴,Dynamic Punch,폭발펀치
Toxicroak,독개굴,Earthquake,지진
Toxicroak,독개굴,Encore,앵콜
Toxicroak,독개굴,Endure,버티기
Toxicroak,독개굴,Facade,객기
Toxicroak,독개굴,Fake Out,속이다
Toxicroak,독개굴,Feint,페인트
Toxicroak,독개굴,Flatter,부추기기
Toxicroak,독개굴,Fling,내던지기
Toxicroak,독개굴,Focus Blast,기합구슬
Toxicroak,독개굴,Focus Punch,힘껏펀치
Toxicroak,독개굴,Foul Play,속임수
Toxicroak,독개굴,Giga Impact,기가임팩트
Toxicroak,독개굴,Gunk Shot,더스트슈트
Toxicroak,독개굴,Helping Hand,도우미
Toxicroak,독개굴,Hyper Beam,파괴광선
Toxicroak,독개굴,Ice Punch,냉동펀치
Toxicroak,독개굴,Icy Wind,얼다바람
Toxicroak,독개굴,Knock Off,탁쳐서떨구기
Toxicroak,독개굴,Lash Out,분풀이
Toxicroak,독개굴,Low Kick,안다리걸기
Toxicroak,독개굴,Low Sweep,로킥
Toxicroak,독개굴,Mega Kick,메가톤킥
Toxicroak,독개굴,Mud Shot,머드숏
Toxicroak,독개굴,Mud-Slap,진흙뿌리기
Toxicroak,독개굴,Nasty Plot,나쁜음모
Toxicroak,독개굴,Payback,보복
Toxicroak,독개굴,Poison Jab,독찌르기
Toxicroak,독개굴,Protect,방어
Toxicroak,독개굴,Quick Guard,퍼스트가드
Toxicroak,독개굴,Rain Dance,비바라기
Toxicroak,독개굴,Rest,잠자기
Toxicroak,독개굴,Reversal,기사회생
Toxicroak,독개굴,Rock Slide,스톤샤워
Toxicroak,독개굴,Rock Tomb,암석봉인
Toxicroak,독개굴,Round,돌림노래
Toxicroak,독개굴,Scary Face,겁나는얼굴
Toxicroak,독개굴,Screech,싫은소리
Toxicroak,독개굴,Shadow Ball,섀도볼
Toxicroak,독개굴,Shadow Claw,섀도크루
Toxicroak,독개굴,Sleep Talk,잠꼬대
Toxicroak,독개굴,Sludge Bomb,오물폭탄
Toxicroak,독개굴,Sludge Wave,오물웨이브
Toxicroak,독개굴,Snore,코골기
Toxicroak,독개굴,Spite,원한
Toxicroak,독개굴,Stone Edge,스톤에지
Toxicroak,독개굴,Substitute,대타출동
Toxicroak,독개굴,Sucker Punch,기습
Toxicroak,독개굴,Sunny Day,쾌청
Toxicroak,독개굴,Super Fang,분노의앞니
Toxicroak,독개굴,Swagger,뽐내기
Toxicroak,독개굴,Swords Dance,칼춤
Toxicroak,독개굴,Taunt,도발
Toxicroak,독개굴,Thief,도둑질
Toxicroak,독개굴,Throat Chop,지옥찌르기
Toxicroak,독개굴,Thunder Punch,번개펀치
Toxicroak,독개굴,Toxic,맹독
Toxicroak,독개굴,Upper Hand,기선제압
Toxicroak,독개굴,Vacuum Wave,진공파
Toxicroak,독개굴,Venoshock,베놈쇼크
Toxicroak,독개굴,X-Scissor,시저크로스
Abomasnow,눈설왕,Aurora Veil,오로라베일
Abomasnow,눈설왕,Avalanche,눈사태
Abomasnow,눈설왕,Blizzard,눈보라
Abomasnow,눈설왕,Body Press,바디프레스
Abomasnow,눈설왕,Body Slam,누르기
Abomasnow,눈설왕,Brick Break,깨트리다
Abomasnow,눈설왕,Bulldoze,땅고르기
Abomasnow,눈설왕,Bullet Seed,기관총
Abomasnow,눈설왕,Chilling Water,찬물끼얹기
Abomasnow,눈설왕,Curse,저주
Abomasnow,눈설왕,Double-Edge,이판사판태클
Abomasnow,눈설왕,Earth Power,대지의힘
Abomasnow,눈설왕,Earthquake,지진
Abomasnow,눈설왕,Endure,버티기
Abomasnow,눈설왕,Energy Ball,에너지볼
Abomasnow,눈설왕,Facade,객기
Abomasnow,눈설왕,Fling,내던지기
Abomasnow,눈설왕,Focus Blast,기합구슬
Abomasnow,눈설왕,Focus Punch,힘껏펀치
Abomasnow,눈설왕,Frost Breath,얼음숨결
Abomasnow,눈설왕,Giga Drain,기가드레인
Abomasnow,눈설왕,Giga Impact,기가임팩트
Abomasnow,눈설왕,Grass Knot,풀묶기
Abomasnow,눈설왕,Grassy Glide,그래스슬라이더
Abomasnow,눈설왕,Growth,성장
Abomasnow,눈설왕,Hard Press,하드프레스
Abomasnow,눈설왕,Helping Hand,도우미
Abomasnow,눈설왕,Hyper Beam,파괴광선
Abomasnow,눈설왕,Ice Beam,냉동빔
Abomasnow,눈설왕,Ice Hammer,아이스해머
Abomasnow,눈설왕,Ice Punch,냉동펀치
Abomasnow,눈설왕,Ice Shard,얼음뭉치
Abomasnow,눈설왕,Ice Spinner,아이스스피너
Abomasnow,눈설왕,Icicle Spear,고드름침
Abomasnow,눈설왕,Icy Wind,얼다바람
Abomasnow,눈설왕,Ingrain,뿌리박기
Abomasnow,눈설왕,Iron Tail,아이언테일
Abomasnow,눈설왕,Leaf Storm,리프스톰
Abomasnow,눈설왕,Leech Seed,씨뿌리기
Abomasnow,눈설왕,Low Kick,안다리걸기
Abomasnow,눈설왕,Mega Kick,메가톤킥
Abomasnow,눈설왕,Mud-Slap,진흙뿌리기
Abomasnow,눈설왕,Outrage,역린
Abomasnow,눈설왕,Protect,방어
Abomasnow,눈설왕,Rain Dance,비바라기
Abomasnow,눈설왕,Rest,잠자기
Abomasnow,눈설왕,Rock Slide,스톤샤워
Abomasnow,눈설왕,Rock Tomb,암석봉인
Abomasnow,눈설왕,Round,돌림노래
Abomasnow,눈설왕,Scary Face,겁나는얼굴
Abomasnow,눈설왕,Seed Bomb,씨폭탄
Abomasnow,눈설왕,Shadow Ball,섀도볼
Abomasnow,눈설왕,Sheer Cold,절대영도
Abomasnow,눈설왕,Sleep Talk,잠꼬대
Abomasnow,눈설왕,Snore,코골기
Abomasnow,눈설왕,Snowscape,설경
Abomasnow,눈설왕,Solar Beam,솔라빔
Abomasnow,눈설왕,Stomping Tantrum,분함의발구르기
Abomasnow,눈설왕,Substitute,대타출동
Abomasnow,눈설왕,Swagger,뽐내기
Abomasnow,눈설왕,Swords Dance,칼춤
Abomasnow,눈설왕,Trailblaze,개척하기
Abomasnow,눈설왕,Water Pulse,물의파동
Abomasnow,눈설왕,Weather Ball,웨더볼
Abomasnow,눈설왕,Wood Hammer,우드해머
Weavile,포푸니라,Aerial Ace,제비반환
Weavile,포푸니라,Agility,고속이동
Weavile,포푸니라,Assurance,승부굳히기
Weavile,포푸니라,Avalanche,눈사태
Weavile,포푸니라,Baton Pass,바톤터치
Weavile,포푸니라,Beat Up,집단구타
Weavile,포푸니라,Bite,물기
Weavile,포푸니라,Blizzard,눈보라
Weavile,포푸니라,Brick Break,깨트리다
Weavile,포푸니라,Calm Mind,명상
Weavile,포푸니라,Chilling Water,찬물끼얹기
Weavile,포푸니라,Counter,카운터
Weavile,포푸니라,Dark Pulse,악의파동
Weavile,포푸니라,Dig,구멍파기
Weavile,포푸니라,Double Hit,더블어택
Weavile,포푸니라,Endure,버티기
Weavile,포푸니라,Facade,객기
Weavile,포푸니라,Fake Out,속이다
Weavile,포푸니라,Fake Tears,거짓울음
Weavile,포푸니라,Feint,페인트
Weavile,포푸니라,Fling,내던지기
Weavile,포푸니라,Focus Blast,기합구슬
Weavile,포푸니라,Focus Punch,힘껏펀치
Weavile,포푸니라,Foul Play,속임수
Weavile,포푸니라,Giga Impact,기가임팩트
Weavile,포푸니라,Helping Hand,도우미
Weavile,포푸니라,Hyper Beam,파괴광선
Weavile,포푸니라,Ice Beam,냉동빔
Weavile,포푸니라,Ice Punch,냉동펀치
Weavile,포푸니라,Ice Shard,얼음뭉치
Weavile,포푸니라,Ice Spinner,아이스스피너
Weavile,포푸니라,Icicle Crash,고드름떨구기
Weavile,포푸니라,Icicle Spear,고드름침
Weavile,포푸니라,Icy Wind,얼다바람
Weavile,포푸니라,Knock Off,탁쳐서떨구기
Weavile,포푸니라,Lash Out,분풀이
Weavile,포푸니라,Low Kick,안다리걸기
Weavile,포푸니라,Low Sweep,로킥
Weavile,포푸니라,Mega Kick,메가톤킥
Weavile,포푸니라,Nasty Plot,나쁜음모
Weavile,포푸니라,Night Slash,깜짝베기
Weavile,포푸니라,Payback,보복
Weavile,포푸니라,Poison Jab,독찌르기
Weavile,포푸니라,Protect,방어
Weavile,포푸니라,Psycho Cut,사이코커터
Weavile,포푸니라,Quick Attack,전광석화
Weavile,포푸니라,Rain Dance,비바라기
Weavile,포푸니라,Reflect,리플렉터
Weavile,포푸니라,Rest,잠자기
Weavile,포푸니라,Reversal,기사회생
Weavile,포푸니라,Round,돌림노래
Weavile,포푸니라,Scary Face,겁나는얼굴
Weavile,포푸니라,Screech,싫은소리
Weavile,포푸니라,Shadow Ball,섀도볼
Weavile,포푸니라,Shadow Claw,섀도크루
Weavile,포푸니라,Slash,베어가르기
Weavile,포푸니라,Sleep Talk,잠꼬대
Weavile,포푸니라,Snarl,바크아웃
Weavile,포푸니라,Snore,코골기
Weavile,포푸니라,Snowscape,설경
Weavile,포푸니라,Spite,원한
Weavile,포푸니라,Substitute,대타출동
Weavile,포푸니라,Sunny Day,쾌청
Weavile,포푸니라,Surf,파도타기
Weavile,포푸니라,Swords Dance,칼춤
Weavile,포푸니라,Taunt,도발
Weavile,포푸니라,Thief,도둑질
Weavile,포푸니라,Throat Chop,지옥찌르기
Weavile,포푸니라,Trailblaze,개척하기
Weavile,포푸니라,Triple Axel,트리플악셀
Weavile,포푸니라,Upper Hand,기선제압
Weavile,포푸니라,Water Pulse,물의파동
Weavile,포푸니라,X-Scissor,시저크로스
Rhyperior,거대코뿌리,Avalanche,눈사태
Rhyperior,거대코뿌리,Blizzard,눈보라
Rhyperior,거대코뿌리,Body Press,바디프레스
Rhyperior,거대코뿌리,Body Slam,누르기
Rhyperior,거대코뿌리,Breaking Swipe,와이드브레이커
Rhyperior,거대코뿌리,Brick Break,깨트리다
Rhyperior,거대코뿌리,Brutal Swing,세차게휘두르기
Rhyperior,거대코뿌리,Bulldoze,땅고르기
Rhyperior,거대코뿌리,Counter,카운터
Rhyperior,거대코뿌리,Crunch,깨물어부수기
Rhyperior,거대코뿌리,Curse,저주
Rhyperior,거대코뿌리,Dig,구멍파기
Rhyperior,거대코뿌리,Double-Edge,이판사판태클
Rhyperior,거대코뿌리,Dragon Pulse,용의파동
Rhyperior,거대코뿌리,Dragon Rush,드래곤다이브
Rhyperior,거대코뿌리,Dragon Tail,드래곤테일
Rhyperior,거대코뿌리,Drill Run,드릴라이너
Rhyperior,거대코뿌리,Earth Power,대지의힘
Rhyperior,거대코뿌리,Earthquake,지진
Rhyperior,거대코뿌리,Endeavor,죽기살기
Rhyperior,거대코뿌리,Endure,버티기
Rhyperior,거대코뿌리,Facade,객기
Rhyperior,거대코뿌리,Fire Blast,불대문자
Rhyperior,거대코뿌리,Fire Fang,불꽃엄니
Rhyperior,거대코뿌리,Fire Punch,불꽃펀치
Rhyperior,거대코뿌리,Flamethrower,화염방사
Rhyperior,거대코뿌리,Flash Cannon,러스터캐논
Rhyperior,거대코뿌리,Fling,내던지기
Rhyperior,거대코뿌리,Focus Blast,기합구슬
Rhyperior,거대코뿌리,Focus Punch,힘껏펀치
Rhyperior,거대코뿌리,Giga Impact,기가임팩트
Rhyperior,거대코뿌리,Guard Split,가드셰어
Rhyperior,거대코뿌리,Hammer Arm,암해머
Rhyperior,거대코뿌리,Heat Crash,히트스탬프
Rhyperior,거대코뿌리,Heavy Slam,헤비봄버
Rhyperior,거대코뿌리,Helping Hand,도우미
Rhyperior,거대코뿌리,High Horsepower,10만마력
Rhyperior,거대코뿌리,Horn Drill,뿔드릴
Rhyperior,거대코뿌리,Hydro Pump,하이드로펌프
Rhyperior,거대코뿌리,Hyper Beam,파괴광선
Rhyperior,거대코뿌리,Ice Beam,냉동빔
Rhyperior,거대코뿌리,Ice Fang,얼음엄니
Rhyperior,거대코뿌리,Ice Punch,냉동펀치
Rhyperior,거대코뿌리,Icy Wind,얼다바람
Rhyperior,거대코뿌리,Iron Defense,철벽
Rhyperior,거대코뿌리,Iron Head,아이언헤드
Rhyperior,거대코뿌리,Iron Tail,아이언테일
Rhyperior,거대코뿌리,Mega Kick,메가톤킥
Rhyperior,거대코뿌리,Megahorn,메가폰
Rhyperior,거대코뿌리,Metal Burst,메탈버스트
Rhyperior,거대코뿌리,Meteor Beam,메테오빔
Rhyperior,거대코뿌리,Mud Shot,머드숏
Rhyperior,거대코뿌리,Mud-Slap,진흙뿌리기
Rhyperior,거대코뿌리,Outrage,역린
Rhyperior,거대코뿌리,Payback,보복
Rhyperior,거대코뿌리,Poison Jab,독찌르기
Rhyperior,거대코뿌리,Protect,방어
Rhyperior,거대코뿌리,Rain Dance,비바라기
Rhyperior,거대코뿌리,Rest,잠자기
Rhyperior,거대코뿌리,Reversal,기사회생
Rhyperior,거대코뿌리,Roar,울부짖기
Rhyperior,거대코뿌리,Rock Blast,락블레스트
Rhyperior,거대코뿌리,Rock Polish,록커트
Rhyperior,거대코뿌리,Rock Slide,스톤샤워
Rhyperior,거대코뿌리,Rock Tomb,암석봉인
Rhyperior,거대코뿌리,Rock Wrecker,암석포
Rhyperior,거대코뿌리,Round,돌림노래
Rhyperior,거대코뿌리,Sandstorm,모래바람
Rhyperior,거대코뿌리,Scary Face,겁나는얼굴
Rhyperior,거대코뿌리,Scorching Sands,열사의대지
Rhyperior,거대코뿌리,Shadow Claw,섀도크루
Rhyperior,거대코뿌리,Sleep Talk,잠꼬대
Rhyperior,거대코뿌리,Smack Down,떨어뜨리기
Rhyperior,거대코뿌리,Smart Strike,스마트호른
Rhyperior,거대코뿌리,Snore,코골기
Rhyperior,거대코뿌리,Stealth Rock,스텔스록
Rhyperior,거대코뿌리,Stomping Tantrum,분함의발구르기
Rhyperior,거대코뿌리,Stone Edge,스톤에지
Rhyperior,거대코뿌리,Substitute,대타출동
Rhyperior,거대코뿌리,Sunny Day,쾌청
Rhyperior,거대코뿌리,Supercell Slam,썬더다이브
Rhyperior,거대코뿌리,Superpower,엄청난힘
Rhyperior,거대코뿌리,Surf,파도타기
Rhyperior,거대코뿌리,Swords Dance,칼춤
Rhyperior,거대코뿌리,Temper Flare,열불내기
Rhyperior,거대코뿌리,Thief,도둑질
Rhyperior,거대코뿌리,Thunder,번개
Rhyperior,거대코뿌리,Thunder Fang,번개엄니
Rhyperior,거대코뿌리,Thunder Punch,번개펀치
Rhyperior,거대코뿌리,Thunderbolt,10만볼트
Rhyperior,거대코뿌리,Uproar,소란피기
Leafeon,리피아,Aerial Ace,제비반환
Leafeon,리피아,Alluring Voice,매혹의보이스
Leafeon,리피아,Baby-Doll Eyes,초롱초롱눈동자
Leafeon,리피아,Baton Pass,바톤터치
Leafeon,리피아,Bite,물기
Leafeon,리피아,Body Slam,누르기
Leafeon,리피아,Bullet Seed,기관총
Leafeon,리피아,Calm Mind,명상
Leafeon,리피아,Charm,애교부리기
Leafeon,리피아,Copycat,흉내쟁이
Leafeon,리피아,Covet,탐내다
Leafeon,리피아,Curse,저주
Leafeon,리피아,Detect,판별
Leafeon,리피아,Dig,구멍파기
Leafeon,리피아,Double-Edge,이판사판태클
Leafeon,리피아,Endure,버티기
Leafeon,리피아,Energy Ball,에너지볼
Leafeon,리피아,Facade,객기
Leafeon,리피아,Fake Tears,거짓울음
Leafeon,리피아,Flail,바둥바둥
Leafeon,리피아,Focus Energy,기충전
Leafeon,리피아,Giga Drain,기가드레인
Leafeon,리피아,Giga Impact,기가임팩트
Leafeon,리피아,Grass Knot,풀묶기
Leafeon,리피아,Grassy Glide,그래스슬라이더
Leafeon,리피아,Helping Hand,도우미
Leafeon,리피아,Hyper Beam,파괴광선
Leafeon,리피아,Hyper Voice,하이퍼보이스
Leafeon,리피아,Knock Off,탁쳐서떨구기
Leafeon,리피아,Last Resort,뒀다쓰기
Leafeon,리피아,Leaf Blade,리프블레이드
Leafeon,리피아,Leaf Storm,리프스톰
Leafeon,리피아,Leech Seed,씨뿌리기
Leafeon,리피아,Mud Shot,머드숏
Leafeon,리피아,Mud-Slap,진흙뿌리기
Leafeon,리피아,Protect,방어
Leafeon,리피아,Quick Attack,전광석화
Leafeon,리피아,Rain Dance,비바라기
Leafeon,리피아,Rest,잠자기
Leafeon,리피아,Roar,울부짖기
Leafeon,리피아,Round,돌림노래
Leafeon,리피아,Seed Bomb,씨폭탄
Leafeon,리피아,Shadow Ball,섀도볼
Leafeon,리피아,Sleep Talk,잠꼬대
Leafeon,리피아,Snore,코골기
Leafeon,리피아,Solar Beam,솔라빔
Leafeon,리피아,Solar Blade,솔라블레이드
Leafeon,리피아,Stored Power,어시스트파워
Leafeon,리피아,Substitute,대타출동
Leafeon,리피아,Sunny Day,쾌청
Leafeon,리피아,Swords Dance,칼춤
Leafeon,리피아,Synthesis,광합성
Leafeon,리피아,Tickle,간지르기
Leafeon,리피아,Trailblaze,개척하기
Leafeon,리피아,Weather Ball,웨더볼
Leafeon,리피아,Wish,희망사항
Leafeon,리피아,X-Scissor,시저크로스
Leafeon,리피아,Yawn,하품
Glaceon,글레이시아,Alluring Voice,매혹의보이스
Glaceon,글레이시아,Avalanche,눈사태
Glaceon,글레이시아,Baby-Doll Eyes,초롱초롱눈동자
Glaceon,글레이시아,Baton Pass,바톤터치
Glaceon,글레이시아,Bite,물기
Glaceon,글레이시아,Blizzard,눈보라
Glaceon,글레이시아,Body Slam,누르기
Glaceon,글레이시아,Calm Mind,명상
Glaceon,글레이시아,Charm,애교부리기
Glaceon,글레이시아,Chilling Water,찬물끼얹기
Glaceon,글레이시아,Copycat,흉내쟁이
Glaceon,글레이시아,Covet,탐내다
Glaceon,글레이시아,Curse,저주
Glaceon,글레이시아,Detect,판별
Glaceon,글레이시아,Dig,구멍파기
Glaceon,글레이시아,Double-Edge,이판사판태클
Glaceon,글레이시아,Endure,버티기
Glaceon,글레이시아,Facade,객기
Glaceon,글레이시아,Fake Tears,거짓울음
Glaceon,글레이시아,Flail,바둥바둥
Glaceon,글레이시아,Focus Energy,기충전
Glaceon,글레이시아,Freeze-Dry,프리즈드라이
Glaceon,글레이시아,Frost Breath,얼음숨결
Glaceon,글레이시아,Giga Impact,기가임팩트
Glaceon,글레이시아,Gravity,중력
Glaceon,글레이시아,Haze,흑안개
Glaceon,글레이시아,Helping Hand,도우미
Glaceon,글레이시아,Hyper Beam,파괴광선
Glaceon,글레이시아,Hyper Voice,하이퍼보이스
Glaceon,글레이시아,Ice Beam,냉동빔
Glaceon,글레이시아,Ice Fang,얼음엄니
Glaceon,글레이시아,Ice Shard,얼음뭉치
Glaceon,글레이시아,Icicle Spear,고드름침
Glaceon,글레이시아,Icy Wind,얼다바람
Glaceon,글레이시아,Last Resort,뒀다쓰기
Glaceon,글레이시아,Mirror Coat,미러코트
Glaceon,글레이시아,Mud Shot,머드숏
Glaceon,글레이시아,Mud-Slap,진흙뿌리기
Glaceon,글레이시아,Protect,방어
Glaceon,글레이시아,Quick Attack,전광석화
Glaceon,글레이시아,Rain Dance,비바라기
Glaceon,글레이시아,Rest,잠자기
Glaceon,글레이시아,Roar,울부짖기
Glaceon,글레이시아,Round,돌림노래
Glaceon,글레이시아,Shadow Ball,섀도볼
Glaceon,글레이시아,Sleep Talk,잠꼬대
Glaceon,글레이시아,Snore,코골기
Glaceon,글레이시아,Snowscape,설경
Glaceon,글레이시아,Stored Power,어시스트파워
Glaceon,글레이시아,Substitute,대타출동
Glaceon,글레이시아,Sunny Day,쾌청
Glaceon,글레이시아,Tickle,간지르기
Glaceon,글레이시아,Trailblaze,개척하기
Glaceon,글레이시아,Triple Axel,트리플악셀
Glaceon,글레이시아,Water Pulse,물의파동
Glaceon,글레이시아,Weather Ball,웨더볼
Glaceon,글레이시아,Wish,희망사항
Glaceon,글레이시아,Yawn,하품
Gliscor,글라이온,Acrobatics,애크러뱃
Gliscor,글라이온,Aerial Ace,제비반환
Gliscor,글라이온,Agility,고속이동
Gliscor,글라이온,Assurance,승부굳히기
Gliscor,글라이온,Attract,헤롱헤롱
Gliscor,글라이온,Baton Pass,바톤터치
Gliscor,글라이온,Breaking Swipe,와이드브레이커
Gliscor,글라이온,Brick Break,깨트리다
Gliscor,글라이온,Brutal Swing,세차게휘두르기
Gliscor,글라이온,Bulldoze,땅고르기
Gliscor,글라이온,Counter,카운터
Gliscor,글라이온,Crabhammer,찝게햄머
Gliscor,글라이온,Cross Poison,크로스포이즌
Gliscor,글라이온,Crunch,깨물어부수기
Gliscor,글라이온,Dark Pulse,악의파동
Gliscor,글라이온,Dig,구멍파기
Gliscor,글라이온,Double-Edge,이판사판태클
Gliscor,글라이온,Dual Wingbeat,더블윙
Gliscor,글라이온,Earth Power,대지의힘
Gliscor,글라이온,Earthquake,지진
Gliscor,글라이온,Endure,버티기
Gliscor,글라이온,Facade,객기
Gliscor,글라이온,Feint,페인트
Gliscor,글라이온,Fire Fang,불꽃엄니
Gliscor,글라이온,Fling,내던지기
Gliscor,글라이온,Giga Impact,기가임팩트
Gliscor,글라이온,Gunk Shot,더스트슈트
Gliscor,글라이온,High Horsepower,10만마력
Gliscor,글라이온,Hyper Beam,파괴광선
Gliscor,글라이온,Ice Fang,얼음엄니
Gliscor,글라이온,Iron Tail,아이언테일
Gliscor,글라이온,Knock Off,탁쳐서떨구기
Gliscor,글라이온,Lunge,덤벼들기
Gliscor,글라이온,Mud Shot,머드숏
Gliscor,글라이온,Mud-Slap,진흙뿌리기
Gliscor,글라이온,Night Slash,깜짝베기
Gliscor,글라이온,Payback,보복
Gliscor,글라이온,Pin Missile,바늘미사일
Gliscor,글라이온,Poison Jab,독찌르기
Gliscor,글라이온,Power Whip,파워휩
Gliscor,글라이온,Protect,방어
Gliscor,글라이온,Psychic Fangs,사이코팽
Gliscor,글라이온,Quick Attack,전광석화
Gliscor,글라이온,Rain Dance,비바라기
Gliscor,글라이온,Rest,잠자기
Gliscor,글라이온,Rock Slide,스톤샤워
Gliscor,글라이온,Rock Tomb,암석봉인
Gliscor,글라이온,Round,돌림노래
Gliscor,글라이온,Sand Tomb,모래지옥
Gliscor,글라이온,Sandstorm,모래바람
Gliscor,글라이온,Scale Shot,스케일샷
Gliscor,글라이온,Scary Face,겁나는얼굴
Gliscor,글라이온,Screech,싫은소리
Gliscor,글라이온,Skitter Smack,엄습하는일격
Gliscor,글라이온,Slash,베어가르기
Gliscor,글라이온,Sleep Talk,잠꼬대
Gliscor,글라이온,Sludge Bomb,오물폭탄
Gliscor,글라이온,Snore,코골기
Gliscor,글라이온,Spikes,압정뿌리기
Gliscor,글라이온,Stealth Rock,스텔스록
Gliscor,글라이온,Steel Wing,강철날개
Gliscor,글라이온,Stone Edge,스톤에지
Gliscor,글라이온,Struggle Bug,벌레의저항
Gliscor,글라이온,Substitute,대타출동
Gliscor,글라이온,Sunny Day,쾌청
Gliscor,글라이온,Swords Dance,칼춤
Gliscor,글라이온,Tailwind,순풍
Gliscor,글라이온,Thief,도둑질
Gliscor,글라이온,Throat Chop,지옥찌르기
Gliscor,글라이온,Thunder Fang,번개엄니
Gliscor,글라이온,Toxic,맹독
Gliscor,글라이온,Toxic Spikes,독압정
Gliscor,글라이온,U-turn,유턴
Gliscor,글라이온,Venoshock,베놈쇼크
Gliscor,글라이온,X-Scissor,시저크로스
Mamoswine,맘모꾸리,Amnesia,망각술
Mamoswine,맘모꾸리,Ancient Power,원시의힘
Mamoswine,맘모꾸리,Attract,헤롱헤롱
Mamoswine,맘모꾸리,Avalanche,눈사태
Mamoswine,맘모꾸리,Bite,물기
Mamoswine,맘모꾸리,Blizzard,눈보라
Mamoswine,맘모꾸리,Body Press,바디프레스
Mamoswine,맘모꾸리,Body Slam,누르기
Mamoswine,맘모꾸리,Bulldoze,땅고르기
Mamoswine,맘모꾸리,Charm,애교부리기
Mamoswine,맘모꾸리,Curse,저주
Mamoswine,맘모꾸리,Dig,구멍파기
Mamoswine,맘모꾸리,Double Hit,더블어택
Mamoswine,맘모꾸리,Double-Edge,이판사판태클
Mamoswine,맘모꾸리,Earth Power,대지의힘
Mamoswine,맘모꾸리,Earthquake,지진
Mamoswine,맘모꾸리,Endeavor,죽기살기
Mamoswine,맘모꾸리,Endure,버티기
Mamoswine,맘모꾸리,Facade,객기
Mamoswine,맘모꾸리,Fissure,땅가르기
Mamoswine,맘모꾸리,Flail,바둥바둥
Mamoswine,맘모꾸리,Freeze-Dry,프리즈드라이
Mamoswine,맘모꾸리,Giga Impact,기가임팩트
Mamoswine,맘모꾸리,Hard Press,하드프레스
Mamoswine,맘모꾸리,Haze,흑안개
Mamoswine,맘모꾸리,Heavy Slam,헤비봄버
Mamoswine,맘모꾸리,High Horsepower,10만마력
Mamoswine,맘모꾸리,Hyper Beam,파괴광선
Mamoswine,맘모꾸리,Ice Beam,냉동빔
Mamoswine,맘모꾸리,Ice Fang,얼음엄니
Mamoswine,맘모꾸리,Ice Shard,얼음뭉치
Mamoswine,맘모꾸리,Icicle Crash,고드름떨구기
Mamoswine,맘모꾸리,Icicle Spear,고드름침
Mamoswine,맘모꾸리,Icy Wind,얼다바람
Mamoswine,맘모꾸리,Iron Head,아이언헤드
Mamoswine,맘모꾸리,Knock Off,탁쳐서떨구기
Mamoswine,맘모꾸리,Mud Shot,머드숏
Mamoswine,맘모꾸리,Mud-Slap,진흙뿌리기
Mamoswine,맘모꾸리,Protect,방어
Mamoswine,맘모꾸리,Rain Dance,비바라기
Mamoswine,맘모꾸리,Reflect,리플렉터
Mamoswine,맘모꾸리,Rest,잠자기
Mamoswine,맘모꾸리,Reversal,기사회생
Mamoswine,맘모꾸리,Roar,울부짖기
Mamoswine,맘모꾸리,Rock Blast,락블레스트
Mamoswine,맘모꾸리,Rock Slide,스톤샤워
Mamoswine,맘모꾸리,Rock Tomb,암석봉인
Mamoswine,맘모꾸리,Round,돌림노래
Mamoswine,맘모꾸리,Sand Tomb,모래지옥
Mamoswine,맘모꾸리,Sandstorm,모래바람
Mamoswine,맘모꾸리,Scary Face,겁나는얼굴
Mamoswine,맘모꾸리,Sleep Talk,잠꼬대
Mamoswine,맘모꾸리,Smack Down,떨어뜨리기
Mamoswine,맘모꾸리,Snore,코골기
Mamoswine,맘모꾸리,Snowscape,설경
Mamoswine,맘모꾸리,Stealth Rock,스텔스록
Mamoswine,맘모꾸리,Stomping Tantrum,분함의발구르기
Mamoswine,맘모꾸리,Stone Edge,스톤에지
Mamoswine,맘모꾸리,Substitute,대타출동
Mamoswine,맘모꾸리,Superpower,엄청난힘
Mamoswine,맘모꾸리,Thrash,난동부리기
Mamoswine,맘모꾸리,Throat Chop,지옥찌르기
Mamoswine,맘모꾸리,Trailblaze,개척하기
Gallade,엘레이드,Aerial Ace,제비반환
Gallade,엘레이드,Agility,고속이동
Gallade,엘레이드,Air Slash,에어슬래시
Gallade,엘레이드,Alluring Voice,매혹의보이스
Gallade,엘레이드,Aqua Cutter,아쿠아커터
Gallade,엘레이드,Aura Sphere,파동탄
Gallade,엘레이드,Body Slam,누르기
Gallade,엘레이드,Brick Break,깨트리다
Gallade,엘레이드,Bulk Up,벌크업
Gallade,엘레이드,Bulldoze,땅고르기
Gallade,엘레이드,Calm Mind,명상
Gallade,엘레이드,Charge Beam,차지빔
Gallade,엘레이드,Charm,애교부리기
Gallade,엘레이드,Close Combat,인파이트
Gallade,엘레이드,Coaching,코칭
Gallade,엘레이드,Confuse Ray,이상한빛
Gallade,엘레이드,Dazzling Gleam,매지컬샤인
Gallade,엘레이드,Destiny Bond,길동무
Gallade,엘레이드,Disable,사슬묶기
Gallade,엘레이드,Double Team,그림자분신
Gallade,엘레이드,Drain Punch,드레인펀치
Gallade,엘레이드,Draining Kiss,드레인키스
Gallade,엘레이드,Earthquake,지진
Gallade,엘레이드,Encore,앵콜
Gallade,엘레이드,Endure,버티기
Gallade,엘레이드,Energy Ball,에너지볼
Gallade,엘레이드,Expanding Force,와이드포스
Gallade,엘레이드,Facade,객기
Gallade,엘레이드,Feint,페인트
Gallade,엘레이드,Fire Punch,불꽃펀치
Gallade,엘레이드,Fling,내던지기
Gallade,엘레이드,Focus Blast,기합구슬
Gallade,엘레이드,Focus Punch,힘껏펀치
Gallade,엘레이드,Future Sight,미래예지
Gallade,엘레이드,Giga Impact,기가임팩트
Gallade,엘레이드,Grass Knot,풀묶기
Gallade,엘레이드,Heal Pulse,치유파동
Gallade,엘레이드,Helping Hand,도우미
Gallade,엘레이드,Hex,병상첨병
Gallade,엘레이드,Hyper Beam,파괴광선
Gallade,엘레이드,Hyper Voice,하이퍼보이스
Gallade,엘레이드,Hypnosis,최면술
Gallade,엘레이드,Ice Punch,냉동펀치
Gallade,엘레이드,Icy Wind,얼다바람
Gallade,엘레이드,Imprison,봉인
Gallade,엘레이드,Knock Off,탁쳐서떨구기
Gallade,엘레이드,Leaf Blade,리프블레이드
Gallade,엘레이드,Life Dew,생명의물방울
Gallade,엘레이드,Light Screen,빛의장막
Gallade,엘레이드,Low Kick,안다리걸기
Gallade,엘레이드,Low Sweep,로킥
Gallade,엘레이드,Magic Room,매직룸
Gallade,엘레이드,Mean Look,검은눈빛
Gallade,엘레이드,Mega Kick,메가톤킥
Gallade,엘레이드,Memento,추억의선물
Gallade,엘레이드,Misty Terrain,미스트필드
Gallade,엘레이드,Mystical Fire,매지컬플레임
Gallade,엘레이드,Night Shade,나이트헤드
Gallade,엘레이드,Night Slash,깜짝베기
Gallade,엘레이드,Pain Split,아픔나누기
Gallade,엘레이드,Poison Jab,독찌르기
Gallade,엘레이드,Protect,방어
Gallade,엘레이드,Psych Up,자기암시
Gallade,엘레이드,Psychic,사이코키네시스
Gallade,엘레이드,Psychic Terrain,사이코필드
Gallade,엘레이드,Psycho Cut,사이코커터
Gallade,엘레이드,Psyshock,사이코쇼크
Gallade,엘레이드,Quick Guard,퍼스트가드
Gallade,엘레이드,Rain Dance,비바라기
Gallade,엘레이드,Reflect,리플렉터
Gallade,엘레이드,Rest,잠자기
Gallade,엘레이드,Reversal,기사회생
Gallade,엘레이드,Rock Slide,스톤샤워
Gallade,엘레이드,Rock Tomb,암석봉인
Gallade,엘레이드,Round,돌림노래
Gallade,엘레이드,Sacred Sword,성스러운칼
Gallade,엘레이드,Safeguard,신비의부적
Gallade,엘레이드,Shadow Ball,섀도볼
Gallade,엘레이드,Shadow Claw,섀도크루
Gallade,엘레이드,Shadow Sneak,야습
Gallade,엘레이드,Skill Swap,스킬스웹
Gallade,엘레이드,Slash,베어가르기
Gallade,엘레이드,Sleep Talk,잠꼬대
Gallade,엘레이드,Snore,코골기
Gallade,엘레이드,Solar Blade,솔라블레이드
Gallade,엘레이드,Stone Edge,스톤에지
Gallade,엘레이드,Stored Power,어시스트파워
Gallade,엘레이드,Substitute,대타출동
Gallade,엘레이드,Sunny Day,쾌청
Gallade,엘레이드,Swords Dance,칼춤
Gallade,엘레이드,Taunt,도발
Gallade,엘레이드,Thief,도둑질
Gallade,엘레이드,Throat Chop,지옥찌르기
Gallade,엘레이드,Thunder Punch,번개펀치
Gallade,엘레이드,Thunder Wave,전기자석파
Gallade,엘레이드,Thunderbolt,10만볼트
Gallade,엘레이드,Trick,트릭
Gallade,엘레이드,Trick Room,트릭룸
Gallade,엘레이드,Triple Axel,트리플악셀
Gallade,엘레이드,Upper Hand,기선제압
Gallade,엘레이드,Vacuum Wave,진공파
Gallade,엘레이드,Wide Guard,와이드가드
Gallade,엘레이드,Will-O-Wisp,도깨비불
Gallade,엘레이드,Wonder Room,원더룸
Gallade,엘레이드,X-Scissor,시저크로스
Gallade,엘레이드,Zen Headbutt,사념의박치기
Froslass,눈여아,Aurora Veil,오로라베일
Froslass,눈여아,Avalanche,눈사태
Froslass,눈여아,Bite,물기
Froslass,눈여아,Blizzard,눈보라
Froslass,눈여아,Block,블록
Froslass,눈여아,Body Slam,누르기
Froslass,눈여아,Charm,애교부리기
Froslass,눈여아,Chilling Water,찬물끼얹기
Froslass,눈여아,Confuse Ray,이상한빛
Froslass,눈여아,Crunch,깨물어부수기
Froslass,눈여아,Curse,저주
Froslass,눈여아,Destiny Bond,길동무
Froslass,눈여아,Disable,사슬묶기
Froslass,눈여아,Double Team,그림자분신
Froslass,눈여아,Draining Kiss,드레인키스
Froslass,눈여아,Endure,버티기
Froslass,눈여아,Facade,객기
Froslass,눈여아,Fake Tears,거짓울음
Froslass,눈여아,Fling,내던지기
Froslass,눈여아,Frost Breath,얼음숨결
Froslass,눈여아,Giga Impact,기가임팩트
Froslass,눈여아,Haze,흑안개
Froslass,눈여아,Helping Hand,도우미
Froslass,눈여아,Hex,병상첨병
Froslass,눈여아,Hyper Beam,파괴광선
Froslass,눈여아,Ice Beam,냉동빔
Froslass,눈여아,Ice Fang,얼음엄니
Froslass,눈여아,Ice Punch,냉동펀치
Froslass,눈여아,Ice Shard,얼음뭉치
Froslass,눈여아,Ice Spinner,아이스스피너
Froslass,눈여아,Icicle Crash,고드름떨구기
Froslass,눈여아,Icicle Spear,고드름침
Froslass,눈여아,Icy Wind,얼다바람
Froslass,눈여아,Imprison,봉인
Froslass,눈여아,Light Screen,빛의장막
Froslass,눈여아,Nasty Plot,나쁜음모
Froslass,눈여아,Night Shade,나이트헤드
Froslass,눈여아,Pain Split,아픔나누기
Froslass,눈여아,Payback,보복
Froslass,눈여아,Phantom Force,고스트다이브
Froslass,눈여아,Poltergeist,폴터가이스트
Froslass,눈여아,Protect,방어
Froslass,눈여아,Psych Up,자기암시
Froslass,눈여아,Psychic,사이코키네시스
Froslass,눈여아,Rain Dance,비바라기
Froslass,눈여아,Reflect,리플렉터
Froslass,눈여아,Rest,잠자기
Froslass,눈여아,Round,돌림노래
Froslass,눈여아,Safeguard,신비의부적
Froslass,눈여아,Scary Face,겁나는얼굴
Froslass,눈여아,Shadow Ball,섀도볼
Froslass,눈여아,Sleep Talk,잠꼬대
Froslass,눈여아,Snore,코골기
Froslass,눈여아,Snowscape,설경
Froslass,눈여아,Spikes,압정뿌리기
Froslass,눈여아,Spite,원한
Froslass,눈여아,Substitute,대타출동
Froslass,눈여아,Switcheroo,바꿔치기
Froslass,눈여아,Taunt,도발
Froslass,눈여아,Thunder,번개
Froslass,눈여아,Thunder Wave,전기자석파
Froslass,눈여아,Thunderbolt,10만볼트
Froslass,눈여아,Trailblaze,개척하기
Froslass,눈여아,Trick,트릭
Froslass,눈여아,Triple Axel,트리플악셀
Froslass,눈여아,Water Pulse,물의파동
Froslass,눈여아,Weather Ball,웨더볼
Froslass,눈여아,Will-O-Wisp,도깨비불
Rotom,로토무,Charge,충전
Rotom,로토무,Charge Beam,차지빔
Rotom,로토무,Confuse Ray,이상한빛
Rotom,로토무,Dark Pulse,악의파동
Rotom,로토무,Discharge,방전
Rotom,로토무,Double Team,그림자분신
Rotom,로토무,Eerie Impulse,괴전파
Rotom,로토무,Electric Terrain,일렉트릭필드
Rotom,로토무,Electro Ball,일렉트릭볼
Rotom,로토무,Electroweb,일렉트릭네트
Rotom,로토무,Endure,버티기
Rotom,로토무,Facade,객기
Rotom,로토무,Foul Play,속임수
Rotom,로토무,Helping Hand,도우미
Rotom,로토무,Hex,병상첨병
Rotom,로토무,Hyper Voice,하이퍼보이스
Rotom,로토무,Light Screen,빛의장막
Rotom,로토무,Nasty Plot,나쁜음모
Rotom,로토무,Night Shade,나이트헤드
Rotom,로토무,Pain Split,아픔나누기
Rotom,로토무,Poltergeist,폴터가이스트
Rotom,로토무,Protect,방어
Rotom,로토무,Rain Dance,비바라기
Rotom,로토무,Reflect,리플렉터
Rotom,로토무,Rest,잠자기
Rotom,로토무,Rising Voltage,라이징볼트
Rotom,로토무,Round,돌림노래
Rotom,로토무,Shadow Ball,섀도볼
Rotom,로토무,Sleep Talk,잠꼬대
Rotom,로토무,Snore,코골기
Rotom,로토무,Spite,원한
Rotom,로토무,Stored Power,어시스트파워
Rotom,로토무,Substitute,대타출동
Rotom,로토무,Sunny Day,쾌청
Rotom,로토무,Thief,도둑질
Rotom,로토무,Thunder,번개
Rotom,로토무,Thunder Wave,전기자석파
Rotom,로토무,Thunderbolt,10만볼트
Rotom,로토무,Trick,트릭
Rotom,로토무,Uproar,소란피기
Rotom,로토무,Volt Switch,볼트체인지
Rotom,로토무,Will-O-Wisp,도깨비불
Rotom-Heat,히트로토무,Charge,충전
Rotom-Heat,히트로토무,Charge Beam,차지빔
Rotom-Heat,히트로토무,Confuse Ray,이상한빛
Rotom-Heat,히트로토무,Dark Pulse,악의파동
Rotom-Heat,히트로토무,Discharge,방전
Rotom-Heat,히트로토무,Double Team,그림자분신
Rotom-Heat,히트로토무,Eerie Impulse,괴전파
Rotom-Heat,히트로토무,Electric Terrain,일렉트릭필드
Rotom-Heat,히트로토무,Electro Ball,일렉트릭볼
Rotom-Heat,히트로토무,Electroweb,일렉트릭네트
Rotom-Heat,히트로토무,Endure,버티기
Rotom-Heat,히트로토무,Facade,객기
Rotom-Heat,히트로토무,Foul Play,속임수
Rotom-Heat,히트로토무,Helping Hand,도우미
Rotom-Heat,히트로토무,Hex,병상첨병
Rotom-Heat,히트로토무,Hyper Voice,하이퍼보이스
Rotom-Heat,히트로토무,Light Screen,빛의장막
Rotom-Heat,히트로토무,Nasty Plot,나쁜음모
Rotom-Heat,히트로토무,Night Shade,나이트헤드
Rotom-Heat,히트로토무,Overheat,오버히트
Rotom-Heat,히트로토무,Pain Split,아픔나누기
Rotom-Heat,히트로토무,Poltergeist,폴터가이스트
Rotom-Heat,히트로토무,Protect,방어
Rotom-Heat,히트로토무,Rain Dance,비바라기
Rotom-Heat,히트로토무,Reflect,리플렉터
Rotom-Heat,히트로토무,Rest,잠자기
Rotom-Heat,히트로토무,Rising Voltage,라이징볼트
Rotom-Heat,히트로토무,Round,돌림노래
Rotom-Heat,히트로토무,Shadow Ball,섀도볼
Rotom-Heat,히트로토무,Sleep Talk,잠꼬대
Rotom-Heat,히트로토무,Snore,코골기
Rotom-Heat,히트로토무,Spite,원한
Rotom-Heat,히트로토무,Stored Power,어시스트파워
Rotom-Heat,히트로토무,Substitute,대타출동
Rotom-Heat,히트로토무,Sunny Day,쾌청
Rotom-Heat,히트로토무,Thief,도둑질
Rotom-Heat,히트로토무,Thunder,번개
Rotom-Heat,히트로토무,Thunder Wave,전기자석파
Rotom-Heat,히트로토무,Thunderbolt,10만볼트
Rotom-Heat,히트로토무,Trick,트릭
Rotom-Heat,히트로토무,Uproar,소란피기
Rotom-Heat,히트로토무,Volt Switch,볼트체인지
Rotom-Heat,히트로토무,Will-O-Wisp,도깨비불
Rotom-Wash,워시로토무,Charge,충전
Rotom-Wash,워시로토무,Charge Beam,차지빔
Rotom-Wash,워시로토무,Confuse Ray,이상한빛
Rotom-Wash,워시로토무,Dark Pulse,악의파동
Rotom-Wash,워시로토무,Discharge,방전
Rotom-Wash,워시로토무,Double Team,그림자분신
Rotom-Wash,워시로토무,Eerie Impulse,괴전파
Rotom-Wash,워시로토무,Electric Terrain,일렉트릭필드
Rotom-Wash,워시로토무,Electro Ball,일렉트릭볼
Rotom-Wash,워시로토무,Electroweb,일렉트릭네트
Rotom-Wash,워시로토무,Endure,버티기
Rotom-Wash,워시로토무,Facade,객기
Rotom-Wash,워시로토무,Foul Play,속임수
Rotom-Wash,워시로토무,Helping Hand,도우미
Rotom-Wash,워시로토무,Hex,병상첨병
Rotom-Wash,워시로토무,Hydro Pump,하이드로펌프
Rotom-Wash,워시로토무,Hyper Voice,하이퍼보이스
Rotom-Wash,워시로토무,Light Screen,빛의장막
Rotom-Wash,워시로토무,Nasty Plot,나쁜음모
Rotom-Wash,워시로토무,Night Shade,나이트헤드
Rotom-Wash,워시로토무,Pain Split,아픔나누기
Rotom-Wash,워시로토무,Poltergeist,폴터가이스트
Rotom-Wash,워시로토무,Protect,방어
Rotom-Wash,워시로토무,Rain Dance,비바라기
Rotom-Wash,워시로토무,Reflect,리플렉터
Rotom-Wash,워시로토무,Rest,잠자기
Rotom-Wash,워시로토무,Rising Voltage,라이징볼트
Rotom-Wash,워시로토무,Round,돌림노래
Rotom-Wash,워시로토무,Shadow Ball,섀도볼
Rotom-Wash,워시로토무,Sleep Talk,잠꼬대
Rotom-Wash,워시로토무,Snore,코골기
Rotom-Wash,워시로토무,Spite,원한
Rotom-Wash,워시로토무,Stored Power,어시스트파워
Rotom-Wash,워시로토무,Substitute,대타출동
Rotom-Wash,워시로토무,Sunny Day,쾌청
Rotom-Wash,워시로토무,Thief,도둑질
Rotom-Wash,워시로토무,Thunder,번개
Rotom-Wash,워시로토무,Thunder Wave,전기자석파
Rotom-Wash,워시로토무,Thunderbolt,10만볼트
Rotom-Wash,워시로토무,Trick,트릭
Rotom-Wash,워시로토무,Uproar,소란피기
Rotom-Wash,워시로토무,Volt Switch,볼트체인지
Rotom-Wash,워시로토무,Will-O-Wisp,도깨비불
Rotom-Frost,프로스트로토무,Blizzard,눈보라
Rotom-Frost,프로스트로토무,Charge,충전
Rotom-Frost,프로스트로토무,Charge Beam,차지빔
Rotom-Frost,프로스트로토무,Confuse Ray,이상한빛
Rotom-Frost,프로스트로토무,Dark Pulse,악의파동
Rotom-Frost,프로스트로토무,Discharge,방전
Rotom-Frost,프로스트로토무,Double Team,그림자분신
Rotom-Frost,프로스트로토무,Eerie Impulse,괴전파
Rotom-Frost,프로스트로토무,Electric Terrain,일렉트릭필드
Rotom-Frost,프로스트로토무,Electro Ball,일렉트릭볼
Rotom-Frost,프로스트로토무,Electroweb,일렉트릭네트
Rotom-Frost,프로스트로토무,Endure,버티기
Rotom-Frost,프로스트로토무,Facade,객기
Rotom-Frost,프로스트로토무,Foul Play,속임수
Rotom-Frost,프로스트로토무,Helping Hand,도우미
Rotom-Frost,프로스트로토무,Hex,병상첨병
Rotom-Frost,프로스트로토무,Hyper Voice,하이퍼보이스
Rotom-Frost,프로스트로토무,Light Screen,빛의장막
Rotom-Frost,프로스트로토무,Nasty Plot,나쁜음모
Rotom-Frost,프로스트로토무,Night Shade,나이트헤드
Rotom-Frost,프로스트로토무,Pain Split,아픔나누기
Rotom-Frost,프로스트로토무,Poltergeist,폴터가이스트
Rotom-Frost,프로스트로토무,Protect,방어
Rotom-Frost,프로스트로토무,Rain Dance,비바라기
Rotom-Frost,프로스트로토무,Reflect,리플렉터
Rotom-Frost,프로스트로토무,Rest,잠자기
Rotom-Frost,프로스트로토무,Rising Voltage,라이징볼트
Rotom-Frost,프로스트로토무,Round,돌림노래
Rotom-Frost,프로스트로토무,Shadow Ball,섀도볼
Rotom-Frost,프로스트로토무,Sleep Talk,잠꼬대
Rotom-Frost,프로스트로토무,Snore,코골기
Rotom-Frost,프로스트로토무,Spite,원한
Rotom-Frost,프로스트로토무,Stored Power,어시스트파워
Rotom-Frost,프로스트로토무,Substitute,대타출동
Rotom-Frost,프로스트로토무,Sunny Day,쾌청
Rotom-Frost,프로스트로토무,Thief,도둑질
Rotom-Frost,프로스트로토무,Thunder,번개
Rotom-Frost,프로스트로토무,Thunder Wave,전기자석파
Rotom-Frost,프로스트로토무,Thunderbolt,10만볼트
Rotom-Frost,프로스트로토무,Trick,트릭
Rotom-Frost,프로스트로토무,Uproar,소란피기
Rotom-Frost,프로스트로토무,Volt Switch,볼트체인지
Rotom-Frost,프로스트로토무,Will-O-Wisp,도깨비불
Rotom-Fan,스핀로토무,Air Slash,에어슬래시
Rotom-Fan,스핀로토무,Charge,충전
Rotom-Fan,스핀로토무,Charge Beam,차지빔
Rotom-Fan,스핀로토무,Confuse Ray,이상한빛
Rotom-Fan,스핀로토무,Dark Pulse,악의파동
Rotom-Fan,스핀로토무,Discharge,방전
Rotom-Fan,스핀로토무,Double Team,그림자분신
Rotom-Fan,스핀로토무,Eerie Impulse,괴전파
Rotom-Fan,스핀로토무,Electric Terrain,일렉트릭필드
Rotom-Fan,스핀로토무,Electro Ball,일렉트릭볼
Rotom-Fan,스핀로토무,Electroweb,일렉트릭네트
Rotom-Fan,스핀로토무,Endure,버티기
Rotom-Fan,스핀로토무,Facade,객기
Rotom-Fan,스핀로토무,Foul Play,속임수
Rotom-Fan,스핀로토무,Helping Hand,도우미
Rotom-Fan,스핀로토무,Hex,병상첨병
Rotom-Fan,스핀로토무,Hyper Voice,하이퍼보이스
Rotom-Fan,스핀로토무,Light Screen,빛의장막
Rotom-Fan,스핀로토무,Nasty Plot,나쁜음모
Rotom-Fan,스핀로토무,Night Shade,나이트헤드
Rotom-Fan,스핀로토무,Pain Split,아픔나누기
Rotom-Fan,스핀로토무,Poltergeist,폴터가이스트
Rotom-Fan,스핀로토무,Protect,방어
Rotom-Fan,스핀로토무,Rain Dance,비바라기
Rotom-Fan,스핀로토무,Reflect,리플렉터
Rotom-Fan,스핀로토무,Rest,잠자기
Rotom-Fan,스핀로토무,Rising Voltage,라이징볼트
Rotom-Fan,스핀로토무,Round,돌림노래
Rotom-Fan,스핀로토무,Shadow Ball,섀도볼
Rotom-Fan,스핀로토무,Sleep Talk,잠꼬대
Rotom-Fan,스핀로토무,Snore,코골기
Rotom-Fan,스핀로토무,Spite,원한
Rotom-Fan,스핀로토무,Stored Power,어시스트파워
Rotom-Fan,스핀로토무,Substitute,대타출동
Rotom-Fan,스핀로토무,Sunny Day,쾌청
Rotom-Fan,스핀로토무,Thief,도둑질
Rotom-Fan,스핀로토무,Thunder,번개
Rotom-Fan,스핀로토무,Thunder Wave,전기자석파
Rotom-Fan,스핀로토무,Thunderbolt,10만볼트
Rotom-Fan,스핀로토무,Trick,트릭
Rotom-Fan,스핀로토무,Uproar,소란피기
Rotom-Fan,스핀로토무,Volt Switch,볼트체인지
Rotom-Fan,스핀로토무,Will-O-Wisp,도깨비불
Rotom-Mow,커트로토무,Charge,충전
Rotom-Mow,커트로토무,Charge Beam,차지빔
Rotom-Mow,커트로토무,Confuse Ray,이상한빛
Rotom-Mow,커트로토무,Dark Pulse,악의파동
Rotom-Mow,커트로토무,Discharge,방전
Rotom-Mow,커트로토무,Double Team,그림자분신
Rotom-Mow,커트로토무,Eerie Impulse,괴전파
Rotom-Mow,커트로토무,Electric Terrain,일렉트릭필드
Rotom-Mow,커트로토무,Electro Ball,일렉트릭볼
Rotom-Mow,커트로토무,Electroweb,일렉트릭네트
Rotom-Mow,커트로토무,Endure,버티기
Rotom-Mow,커트로토무,Facade,객기
Rotom-Mow,커트로토무,Foul Play,속임수
Rotom-Mow,커트로토무,Helping Hand,도우미
Rotom-Mow,커트로토무,Hex,병상첨병
Rotom-Mow,커트로토무,Hyper Voice,하이퍼보이스
Rotom-Mow,커트로토무,Leaf Storm,리프스톰
Rotom-Mow,커트로토무,Light Screen,빛의장막
Rotom-Mow,커트로토무,Nasty Plot,나쁜음모
Rotom-Mow,커트로토무,Night Shade,나이트헤드
Rotom-Mow,커트로토무,Pain Split,아픔나누기
Rotom-Mow,커트로토무,Poltergeist,폴터가이스트
Rotom-Mow,커트로토무,Protect,방어
Rotom-Mow,커트로토무,Rain Dance,비바라기
Rotom-Mow,커트로토무,Reflect,리플렉터
Rotom-Mow,커트로토무,Rest,잠자기
Rotom-Mow,커트로토무,Rising Voltage,라이징볼트
Rotom-Mow,커트로토무,Round,돌림노래
Rotom-Mow,커트로토무,Shadow Ball,섀도볼
Rotom-Mow,커트로토무,Sleep Talk,잠꼬대
Rotom-Mow,커트로토무,Snore,코골기
Rotom-Mow,커트로토무,Spite,원한
Rotom-Mow,커트로토무,Stored Power,어시스트파워
Rotom-Mow,커트로토무,Substitute,대타출동
Rotom-Mow,커트로토무,Sunny Day,쾌청
Rotom-Mow,커트로토무,Thief,도둑질
Rotom-Mow,커트로토무,Thunder,번개
Rotom-Mow,커트로토무,Thunder Wave,전기자석파
Rotom-Mow,커트로토무,Thunderbolt,10만볼트
Rotom-Mow,커트로토무,Trick,트릭
Rotom-Mow,커트로토무,Uproar,소란피기
Rotom-Mow,커트로토무,Volt Switch,볼트체인지
Rotom-Mow,커트로토무,Will-O-Wisp,도깨비불
Serperior,샤로다,Aerial Ace,제비반환
Serperior,샤로다,Attract,헤롱헤롱
Serperior,샤로다,Body Slam,누르기
Serperior,샤로다,Breaking Swipe,와이드브레이커
Serperior,샤로다,Brutal Swing,세차게휘두르기
Serperior,샤로다,Bullet Seed,기관총
Serperior,샤로다,Calm Mind,명상
Serperior,샤로다,Coil,똬리틀기
Serperior,샤로다,Double-Edge,이판사판태클
Serperior,샤로다,Dragon Pulse,용의파동
Serperior,샤로다,Dragon Tail,드래곤테일
Serperior,샤로다,Endure,버티기
Serperior,샤로다,Energy Ball,에너지볼
Serperior,샤로다,Facade,객기
Serperior,샤로다,Frenzy Plant,하드플랜트
Serperior,샤로다,Gastro Acid,위액
Serperior,샤로다,Giga Drain,기가드레인
Serperior,샤로다,Giga Impact,기가임팩트
Serperior,샤로다,Glare,뱀눈초리
Serperior,샤로다,Grass Knot,풀묶기
Serperior,샤로다,Grassy Glide,그래스슬라이더
Serperior,샤로다,Grassy Terrain,그래스필드
Serperior,샤로다,Growth,성장
Serperior,샤로다,Helping Hand,도우미
Serperior,샤로다,Hyper Beam,파괴광선
Serperior,샤로다,Iron Tail,아이언테일
Serperior,샤로다,Knock Off,탁쳐서떨구기
Serperior,샤로다,Leaf Blade,리프블레이드
Serperior,샤로다,Leaf Storm,리프스톰
Serperior,샤로다,Leech Seed,씨뿌리기
Serperior,샤로다,Light Screen,빛의장막
Serperior,샤로다,Mean Look,검은눈빛
Serperior,샤로다,Mirror Coat,미러코트
Serperior,샤로다,Outrage,역린
Serperior,샤로다,Petal Blizzard,꽃보라
Serperior,샤로다,Protect,방어
Serperior,샤로다,Reflect,리플렉터
Serperior,샤로다,Rest,잠자기
Serperior,샤로다,Round,돌림노래
Serperior,샤로다,Scale Shot,스케일샷
Serperior,샤로다,Scary Face,겁나는얼굴
Serperior,샤로다,Seed Bomb,씨폭탄
Serperior,샤로다,Sleep Talk,잠꼬대
Serperior,샤로다,Snore,코골기
Serperior,샤로다,Solar Beam,솔라빔
Serperior,샤로다,Substitute,대타출동
Serperior,샤로다,Sunny Day,쾌청
Serperior,샤로다,Sweet Scent,달콤한향기
Serperior,샤로다,Swords Dance,칼춤
Serperior,샤로다,Synthesis,광합성
Serperior,샤로다,Taunt,도발
Serperior,샤로다,Trailblaze,개척하기
Serperior,샤로다,Wrap,김밥말이
Emboar,염무왕,Assurance,승부굳히기
Emboar,염무왕,Blast Burn,블러스트번
Emboar,염무왕,Body Press,바디프레스
Emboar,염무왕,Body Slam,누르기
Emboar,염무왕,Brick Break,깨트리다
Emboar,염무왕,Bulk Up,벌크업
Emboar,염무왕,Bulldoze,땅고르기
Emboar,염무왕,Burn Up,불사르기
Emboar,염무왕,Close Combat,인파이트
Emboar,염무왕,Coaching,코칭
Emboar,염무왕,Curse,저주
Emboar,염무왕,Dig,구멍파기
Emboar,염무왕,Double-Edge,이판사판태클
Emboar,염무왕,Drain Punch,드레인펀치
Emboar,염무왕,Earthquake,지진
Emboar,염무왕,Endeavor,죽기살기
Emboar,염무왕,Endure,버티기
Emboar,염무왕,Facade,객기
Emboar,염무왕,Fire Blast,불대문자
Emboar,염무왕,Fire Punch,불꽃펀치
Emboar,염무왕,Fire Spin,회오리불꽃
Emboar,염무왕,Flame Charge,니트로차지
Emboar,염무왕,Flamethrower,화염방사
Emboar,염무왕,Flare Blitz,플레어드라이브
Emboar,염무왕,Fling,내던지기
Emboar,염무왕,Focus Blast,기합구슬
Emboar,염무왕,Focus Energy,기충전
Emboar,염무왕,Focus Punch,힘껏펀치
Emboar,염무왕,Giga Impact,기가임팩트
Emboar,염무왕,Grass Knot,풀묶기
Emboar,염무왕,Gyro Ball,자이로볼
Emboar,염무왕,Hammer Arm,암해머
Emboar,염무왕,Hard Press,하드프레스
Emboar,염무왕,Head Smash,양날박치기
Emboar,염무왕,Heat Crash,히트스탬프
Emboar,염무왕,Heat Wave,열풍
Emboar,염무왕,Heavy Slam,헤비봄버
Emboar,염무왕,Helping Hand,도우미
Emboar,염무왕,High Horsepower,10만마력
Emboar,염무왕,Hyper Beam,파괴광선
Emboar,염무왕,Iron Head,아이언헤드
Emboar,염무왕,Iron Tail,아이언테일
Emboar,염무왕,Knock Off,탁쳐서떨구기
Emboar,염무왕,Low Kick,안다리걸기
Emboar,염무왕,Low Sweep,로킥
Emboar,염무왕,Mud-Slap,진흙뿌리기
Emboar,염무왕,Overheat,오버히트
Emboar,염무왕,Poison Jab,독찌르기
Emboar,염무왕,Protect,방어
Emboar,염무왕,Rest,잠자기
Emboar,염무왕,Reversal,기사회생
Emboar,염무왕,Roar,울부짖기
Emboar,염무왕,Rock Slide,스톤샤워
Emboar,염무왕,Rock Tomb,암석봉인
Emboar,염무왕,Round,돌림노래
Emboar,염무왕,Scald,열탕
Emboar,염무왕,Scary Face,겁나는얼굴
Emboar,염무왕,Scorching Sands,열사의대지
Emboar,염무왕,Sleep Talk,잠꼬대
Emboar,염무왕,Smack Down,떨어뜨리기
Emboar,염무왕,Snore,코골기
Emboar,염무왕,Solar Beam,솔라빔
Emboar,염무왕,Solar Blade,솔라블레이드
Emboar,염무왕,Stomping Tantrum,분함의발구르기
Emboar,염무왕,Stone Edge,스톤에지
Emboar,염무왕,Storm Throw,업어후리기
Emboar,염무왕,Substitute,대타출동
Emboar,염무왕,Sucker Punch,기습
Emboar,염무왕,Sunny Day,쾌청
Emboar,염무왕,Superpower,엄청난힘
Emboar,염무왕,Taunt,도발
Emboar,염무왕,Temper Flare,열불내기
Emboar,염무왕,Thrash,난동부리기
Emboar,염무왕,Thunder Punch,번개펀치
Emboar,염무왕,Trailblaze,개척하기
Emboar,염무왕,Wild Charge,와일드볼트
Emboar,염무왕,Will-O-Wisp,도깨비불
Emboar,염무왕,Yawn,하품
Emboar,염무왕,Zen Headbutt,사념의박치기
Samurott,대검귀,Aerial Ace,제비반환
Samurott,대검귀,Air Slash,에어슬래시
Samurott,대검귀,Aqua Cutter,아쿠아커터
Samurott,대검귀,Aqua Jet,아쿠아제트
Samurott,대검귀,Aqua Tail,아쿠아테일
Samurott,대검귀,Assurance,승부굳히기
Samurott,대검귀,Avalanche,눈사태
Samurott,대검귀,Blizzard,눈보라
Samurott,대검귀,Body Slam,누르기
Samurott,대검귀,Brick Break,깨트리다
Samurott,대검귀,Bulldoze,땅고르기
Samurott,대검귀,Chilling Water,찬물끼얹기
Samurott,대검귀,Copycat,흉내쟁이
Samurott,대검귀,Detect,판별
Samurott,대검귀,Dig,구멍파기
Samurott,대검귀,Dive,다이빙
Samurott,대검귀,Drill Run,드릴라이너
Samurott,대검귀,Encore,앵콜
Samurott,대검귀,Endure,버티기
Samurott,대검귀,Facade,객기
Samurott,대검귀,Fling,내던지기
Samurott,대검귀,Flip Turn,퀵턴
Samurott,대검귀,Focus Energy,기충전
Samurott,대검귀,Giga Impact,기가임팩트
Samurott,대검귀,Grass Knot,풀묶기
Samurott,대검귀,Helping Hand,도우미
Samurott,대검귀,Hydro Cannon,하이드로캐논
Samurott,대검귀,Hydro Pump,하이드로펌프
Samurott,대검귀,Hyper Beam,파괴광선
Samurott,대검귀,Ice Beam,냉동빔
Samurott,대검귀,Icy Wind,얼다바람
Samurott,대검귀,Iron Tail,아이언테일
Samurott,대검귀,Knock Off,탁쳐서떨구기
Samurott,대검귀,Liquidation,아쿠아브레이크
Samurott,대검귀,Megahorn,메가폰
Samurott,대검귀,Night Slash,깜짝베기
Samurott,대검귀,Protect,방어
Samurott,대검귀,Rain Dance,비바라기
Samurott,대검귀,Razor Shell,셸블레이드
Samurott,대검귀,Rest,잠자기
Samurott,대검귀,Round,돌림노래
Samurott,대검귀,Sacred Sword,성스러운칼
Samurott,대검귀,Scary Face,겁나는얼굴
Samurott,대검귀,Screech,싫은소리
Samurott,대검귀,Slash,베어가르기
Samurott,대검귀,Sleep Talk,잠꼬대
Samurott,대검귀,Smart Strike,스마트호른
Samurott,대검귀,Snore,코골기
Samurott,대검귀,Snowscape,설경
Samurott,대검귀,Soak,물붓기
Samurott,대검귀,Substitute,대타출동
Samurott,대검귀,Superpower,엄청난힘
Samurott,대검귀,Surf,파도타기
Samurott,대검귀,Swords Dance,칼춤
Samurott,대검귀,Taunt,도발
Samurott,대검귀,Thief,도둑질
Samurott,대검귀,Upper Hand,기선제압
Samurott,대검귀,Vacuum Wave,진공파
Samurott,대검귀,Water Pulse,물의파동
Samurott,대검귀,Waterfall,폭포오르기
Samurott,대검귀,Whirlpool,바다회오리
Samurott,대검귀,X-Scissor,시저크로스
Samurott-Hisui,히스이 대검귀,Aerial Ace,제비반환
Samurott-Hisui,히스이 대검귀,Air Slash,에어슬래시
Samurott-Hisui,히스이 대검귀,Aqua Cutter,아쿠아커터
Samurott-Hisui,히스이 대검귀,Aqua Jet,아쿠아제트
Samurott-Hisui,히스이 대검귀,Aqua Tail,아쿠아테일
Samurott-Hisui,히스이 대검귀,Assurance,승부굳히기
Samurott-Hisui,히스이 대검귀,Avalanche,눈사태
Samurott-Hisui,히스이 대검귀,Blizzard,눈보라
Samurott-Hisui,히스이 대검귀,Body Slam,누르기
Samurott-Hisui,히스이 대검귀,Brick Break,깨트리다
Samurott-Hisui,히스이 대검귀,Bulldoze,땅고르기
Samurott-Hisui,히스이 대검귀,Ceaseless Edge,비검천중파
Samurott-Hisui,히스이 대검귀,Chilling Water,찬물끼얹기
Samurott-Hisui,히스이 대검귀,Copycat,흉내쟁이
Samurott-Hisui,히스이 대검귀,Dark Pulse,악의파동
Samurott-Hisui,히스이 대검귀,Detect,판별
Samurott-Hisui,히스이 대검귀,Dig,구멍파기
Samurott-Hisui,히스이 대검귀,Dive,다이빙
Samurott-Hisui,히스이 대검귀,Drill Run,드릴라이너
Samurott-Hisui,히스이 대검귀,Encore,앵콜
Samurott-Hisui,히스이 대검귀,Endure,버티기
Samurott-Hisui,히스이 대검귀,Facade,객기
Samurott-Hisui,히스이 대검귀,Fling,내던지기
Samurott-Hisui,히스이 대검귀,Flip Turn,퀵턴
Samurott-Hisui,히스이 대검귀,Focus Energy,기충전
Samurott-Hisui,히스이 대검귀,Giga Impact,기가임팩트
Samurott-Hisui,히스이 대검귀,Grass Knot,풀묶기
Samurott-Hisui,히스이 대검귀,Helping Hand,도우미
Samurott-Hisui,히스이 대검귀,Hydro Cannon,하이드로캐논
Samurott-Hisui,히스이 대검귀,Hydro Pump,하이드로펌프
Samurott-Hisui,히스이 대검귀,Hyper Beam,파괴광선
Samurott-Hisui,히스이 대검귀,Ice Beam,냉동빔
Samurott-Hisui,히스이 대검귀,Icy Wind,얼다바람
Samurott-Hisui,히스이 대검귀,Iron Tail,아이언테일
Samurott-Hisui,히스이 대검귀,Knock Off,탁쳐서떨구기
Samurott-Hisui,히스이 대검귀,Lash Out,분풀이
Samurott-Hisui,히스이 대검귀,Liquidation,아쿠아브레이크
Samurott-Hisui,히스이 대검귀,Megahorn,메가폰
Samurott-Hisui,히스이 대검귀,Night Slash,깜짝베기
Samurott-Hisui,히스이 대검귀,Protect,방어
Samurott-Hisui,히스이 대검귀,Rain Dance,비바라기
Samurott-Hisui,히스이 대검귀,Razor Shell,셸블레이드
Samurott-Hisui,히스이 대검귀,Rest,잠자기
Samurott-Hisui,히스이 대검귀,Round,돌림노래
Samurott-Hisui,히스이 대검귀,Sacred Sword,성스러운칼
Samurott-Hisui,히스이 대검귀,Scary Face,겁나는얼굴
Samurott-Hisui,히스이 대검귀,Screech,싫은소리
Samurott-Hisui,히스이 대검귀,Slash,베어가르기
Samurott-Hisui,히스이 대검귀,Sleep Talk,잠꼬대
Samurott-Hisui,히스이 대검귀,Smart Strike,스마트호른
Samurott-Hisui,히스이 대검귀,Snarl,바크아웃
Samurott-Hisui,히스이 대검귀,Snore,코골기
Samurott-Hisui,히스이 대검귀,Snowscape,설경
Samurott-Hisui,히스이 대검귀,Soak,물붓기
Samurott-Hisui,히스이 대검귀,Substitute,대타출동
Samurott-Hisui,히스이 대검귀,Sucker Punch,기습
Samurott-Hisui,히스이 대검귀,Superpower,엄청난힘
Samurott-Hisui,히스이 대검귀,Surf,파도타기
Samurott-Hisui,히스이 대검귀,Swords Dance,칼춤
Samurott-Hisui,히스이 대검귀,Taunt,도발
Samurott-Hisui,히스이 대검귀,Thief,도둑질
Samurott-Hisui,히스이 대검귀,Throat Chop,지옥찌르기
Samurott-Hisui,히스이 대검귀,Upper Hand,기선제압
Samurott-Hisui,히스이 대검귀,Vacuum Wave,진공파
Samurott-Hisui,히스이 대검귀,Water Pulse,물의파동
Samurott-Hisui,히스이 대검귀,Waterfall,폭포오르기
Samurott-Hisui,히스이 대검귀,Whirlpool,바다회오리
Samurott-Hisui,히스이 대검귀,X-Scissor,시저크로스
Watchog,보르그,After You,당신먼저
Watchog,보르그,Assurance,승부굳히기
Watchog,보르그,Attract,헤롱헤롱
Watchog,보르그,Baton Pass,바톤터치
Watchog,보르그,Bite,물기
Watchog,보르그,Bullet Seed,기관총
Watchog,보르그,Confuse Ray,이상한빛
Watchog,보르그,Crunch,깨물어부수기
Watchog,보르그,Detect,판별
Watchog,보르그,Dig,구멍파기
Watchog,보르그,Double-Edge,이판사판태클
Watchog,보르그,Endure,버티기
Watchog,보르그,Facade,객기
Watchog,보르그,Fire Punch,불꽃펀치
Watchog,보르그,Flamethrower,화염방사
Watchog,보르그,Fling,내던지기
Watchog,보르그,Focus Blast,기합구슬
Watchog,보르그,Focus Energy,기충전
Watchog,보르그,Giga Impact,기가임팩트
Watchog,보르그,Grass Knot,풀묶기
Watchog,보르그,Gunk Shot,더스트슈트
Watchog,보르그,Helping Hand,도우미
Watchog,보르그,Hyper Beam,파괴광선
Watchog,보르그,Hypnosis,최면술
Watchog,보르그,Ice Punch,냉동펀치
Watchog,보르그,Iron Tail,아이언테일
Watchog,보르그,Light Screen,빛의장막
Watchog,보르그,Low Kick,안다리걸기
Watchog,보르그,Mean Look,검은눈빛
Watchog,보르그,Mud Shot,머드숏
Watchog,보르그,Nasty Plot,나쁜음모
Watchog,보르그,Protect,방어
Watchog,보르그,Psych Up,자기암시
Watchog,보르그,Rain Dance,비바라기
Watchog,보르그,Rest,잠자기
Watchog,보르그,Round,돌림노래
Watchog,보르그,Screech,싫은소리
Watchog,보르그,Seed Bomb,씨폭탄
Watchog,보르그,Shadow Ball,섀도볼
Watchog,보르그,Sleep Talk,잠꼬대
Watchog,보르그,Snore,코골기
Watchog,보르그,Stomping Tantrum,분함의발구르기
Watchog,보르그,Substitute,대타출동
Watchog,보르그,Sunny Day,쾌청
Watchog,보르그,Super Fang,분노의앞니
Watchog,보르그,Swords Dance,칼춤
Watchog,보르그,Thunder,번개
Watchog,보르그,Thunder Punch,번개펀치
Watchog,보르그,Thunder Wave,전기자석파
Watchog,보르그,Thunderbolt,10만볼트
Watchog,보르그,Trailblaze,개척하기
Watchog,보르그,Zen Headbutt,사념의박치기
Liepard,레파르다스,Assurance,승부굳히기
Liepard,레파르다스,Attract,헤롱헤롱
Liepard,레파르다스,Baton Pass,바톤터치
Liepard,레파르다스,Bite,물기
Liepard,레파르다스,Burning Jealousy,질투의불꽃
Liepard,레파르다스,Charm,애교부리기
Liepard,레파르다스,Copycat,흉내쟁이
Liepard,레파르다스,Covet,탐내다
Liepard,레파르다스,Crunch,깨물어부수기
Liepard,레파르다스,Dark Pulse,악의파동
Liepard,레파르다스,Double Team,그림자분신
Liepard,레파르다스,Encore,앵콜
Liepard,레파르다스,Endure,버티기
Liepard,레파르다스,Facade,객기
Liepard,레파르다스,Fake Out,속이다
Liepard,레파르다스,Fake Tears,거짓울음
Liepard,레파르다스,Fire Fang,불꽃엄니
Liepard,레파르다스,Foul Play,속임수
Liepard,레파르다스,Giga Impact,기가임팩트
Liepard,레파르다스,Grass Knot,풀묶기
Liepard,레파르다스,Gunk Shot,더스트슈트
Liepard,레파르다스,Hyper Beam,파괴광선
Liepard,레파르다스,Hyper Voice,하이퍼보이스
Liepard,레파르다스,Ice Fang,얼음엄니
Liepard,레파르다스,Iron Tail,아이언테일
Liepard,레파르다스,Knock Off,탁쳐서떨구기
Liepard,레파르다스,Lash Out,분풀이
Liepard,레파르다스,Nasty Plot,나쁜음모
Liepard,레파르다스,Night Slash,깜짝베기
Liepard,레파르다스,Payback,보복
Liepard,레파르다스,Play Rough,치근거리기
Liepard,레파르다스,Protect,방어
Liepard,레파르다스,Psychic Fangs,사이코팽
Liepard,레파르다스,Psycho Cut,사이코커터
Liepard,레파르다스,Quick Attack,전광석화
Liepard,레파르다스,Rain Dance,비바라기
Liepard,레파르다스,Rest,잠자기
Liepard,레파르다스,Round,돌림노래
Liepard,레파르다스,Screech,싫은소리
Liepard,레파르다스,Seed Bomb,씨폭탄
Liepard,레파르다스,Shadow Ball,섀도볼
Liepard,레파르다스,Shadow Claw,섀도크루
Liepard,레파르다스,Skitter Smack,엄습하는일격
Liepard,레파르다스,Slash,베어가르기
Liepard,레파르다스,Sleep Talk,잠꼬대
Liepard,레파르다스,Snarl,바크아웃
Liepard,레파르다스,Snore,코골기
Liepard,레파르다스,Substitute,대타출동
Liepard,레파르다스,Sucker Punch,기습
Liepard,레파르다스,Sunny Day,쾌청
Liepard,레파르다스,Swagger,뽐내기
Liepard,레파르다스,Taunt,도발
Liepard,레파르다스,Thief,도둑질
Liepard,레파르다스,Throat Chop,지옥찌르기
Liepard,레파르다스,Thunder Fang,번개엄니
Liepard,레파르다스,Thunder Wave,전기자석파
Liepard,레파르다스,Torment,트집
Liepard,레파르다스,Trailblaze,개척하기
Liepard,레파르다스,Trick,트릭
Liepard,레파르다스,U-turn,유턴
Liepard,레파르다스,Yawn,하품
Simisage,야나키,Acrobatics,애크러뱃
Simisage,야나키,Attract,헤롱헤롱
Simisage,야나키,Belch,트림
Simisage,야나키,Bite,물기
Simisage,야나키,Brick Break,깨트리다
Simisage,야나키,Bullet Seed,기관총
Simisage,야나키,Crunch,깨물어부수기
Simisage,야나키,Dig,구멍파기
Simisage,야나키,Endure,버티기
Simisage,야나키,Energy Ball,에너지볼
Simisage,야나키,Facade,객기
Simisage,야나키,Fake Out,속이다
Simisage,야나키,Fling,내던지기
Simisage,야나키,Focus Blast,기합구슬
Simisage,야나키,Giga Drain,기가드레인
Simisage,야나키,Giga Impact,기가임팩트
Simisage,야나키,Grass Knot,풀묶기
Simisage,야나키,Grassy Glide,그래스슬라이더
Simisage,야나키,Gunk Shot,더스트슈트
Simisage,야나키,Helping Hand,도우미
Simisage,야나키,Hyper Beam,파괴광선
Simisage,야나키,Iron Tail,아이언테일
Simisage,야나키,Leaf Storm,리프스톰
Simisage,야나키,Leech Seed,씨뿌리기
Simisage,야나키,Low Kick,안다리걸기
Simisage,야나키,Low Sweep,로킥
Simisage,야나키,Nasty Plot,나쁜음모
Simisage,야나키,Payback,보복
Simisage,야나키,Protect,방어
Simisage,야나키,Recycle,리사이클
Simisage,야나키,Rest,잠자기
Simisage,야나키,Rock Slide,스톤샤워
Simisage,야나키,Rock Tomb,암석봉인
Simisage,야나키,Round,돌림노래
Simisage,야나키,Seed Bomb,씨폭탄
Simisage,야나키,Shadow Claw,섀도크루
Simisage,야나키,Sleep Talk,잠꼬대
Simisage,야나키,Snore,코골기
Simisage,야나키,Solar Beam,솔라빔
Simisage,야나키,Solar Blade,솔라블레이드
Simisage,야나키,Stuff Cheeks,볼가득넣기
Simisage,야나키,Substitute,대타출동
Simisage,야나키,Sunny Day,쾌청
Simisage,야나키,Superpower,엄청난힘
Simisage,야나키,Taunt,도발
Simisage,야나키,Thief,도둑질
Simisage,야나키,Throat Chop,지옥찌르기
Simisage,야나키,Torment,트집
Simisage,야나키,Trailblaze,개척하기
Simisage,야나키,Uproar,소란피기
Simisear,바오키,Acrobatics,애크러뱃
Simisear,바오키,Amnesia,망각술
Simisear,바오키,Attract,헤롱헤롱
Simisear,바오키,Belch,트림
Simisear,바오키,Bite,물기
Simisear,바오키,Blaze Kick,브레이즈킥
Simisear,바오키,Brick Break,깨트리다
Simisear,바오키,Burning Jealousy,질투의불꽃
Simisear,바오키,Crunch,깨물어부수기
Simisear,바오키,Dig,구멍파기
Simisear,바오키,Endure,버티기
Simisear,바오키,Facade,객기
Simisear,바오키,Fake Out,속이다
Simisear,바오키,Fire Blast,불대문자
Simisear,바오키,Fire Punch,불꽃펀치
Simisear,바오키,Fire Spin,회오리불꽃
Simisear,바오키,Flame Charge,니트로차지
Simisear,바오키,Flamethrower,화염방사
Simisear,바오키,Flare Blitz,플레어드라이브
Simisear,바오키,Fling,내던지기
Simisear,바오키,Focus Blast,기합구슬
Simisear,바오키,Giga Impact,기가임팩트
Simisear,바오키,Grass Knot,풀묶기
Simisear,바오키,Gunk Shot,더스트슈트
Simisear,바오키,Heat Wave,열풍
Simisear,바오키,Helping Hand,도우미
Simisear,바오키,Hyper Beam,파괴광선
Simisear,바오키,Iron Tail,아이언테일
Simisear,바오키,Low Kick,안다리걸기
Simisear,바오키,Low Sweep,로킥
Simisear,바오키,Nasty Plot,나쁜음모
Simisear,바오키,Overheat,오버히트
Simisear,바오키,Payback,보복
Simisear,바오키,Protect,방어
Simisear,바오키,Recycle,리사이클
Simisear,바오키,Rest,잠자기
Simisear,바오키,Rock Slide,스톤샤워
Simisear,바오키,Rock Tomb,암석봉인
Simisear,바오키,Round,돌림노래
Simisear,바오키,Scorching Sands,열사의대지
Simisear,바오키,Shadow Claw,섀도크루
Simisear,바오키,Sleep Talk,잠꼬대
Simisear,바오키,Snore,코골기
Simisear,바오키,Solar Beam,솔라빔
Simisear,바오키,Stuff Cheeks,볼가득넣기
Simisear,바오키,Substitute,대타출동
Simisear,바오키,Sunny Day,쾌청
Simisear,바오키,Superpower,엄청난힘
Simisear,바오키,Taunt,도발
Simisear,바오키,Temper Flare,열불내기
Simisear,바오키,Thief,도둑질
Simisear,바오키,Throat Chop,지옥찌르기
Simisear,바오키,Uproar,소란피기
Simisear,바오키,Will-O-Wisp,도깨비불
Simisear,바오키,Yawn,하품
Simipour,앗차키,Acrobatics,애크러뱃
Simipour,앗차키,Aqua Ring,아쿠아링
Simipour,앗차키,Attract,헤롱헤롱
Simipour,앗차키,Belch,트림
Simipour,앗차키,Bite,물기
Simipour,앗차키,Blizzard,눈보라
Simipour,앗차키,Brick Break,깨트리다
Simipour,앗차키,Chilling Water,찬물끼얹기
Simipour,앗차키,Crunch,깨물어부수기
Simipour,앗차키,Dig,구멍파기
Simipour,앗차키,Dive,다이빙
Simipour,앗차키,Endure,버티기
Simipour,앗차키,Facade,객기
Simipour,앗차키,Fake Out,속이다
Simipour,앗차키,Fling,내던지기
Simipour,앗차키,Flip Turn,퀵턴
Simipour,앗차키,Focus Blast,기합구슬
Simipour,앗차키,Giga Impact,기가임팩트
Simipour,앗차키,Grass Knot,풀묶기
Simipour,앗차키,Gunk Shot,더스트슈트
Simipour,앗차키,Helping Hand,도우미
Simipour,앗차키,Hydro Pump,하이드로펌프
Simipour,앗차키,Hyper Beam,파괴광선
Simipour,앗차키,Ice Beam,냉동빔
Simipour,앗차키,Ice Punch,냉동펀치
Simipour,앗차키,Icy Wind,얼다바람
Simipour,앗차키,Iron Tail,아이언테일
Simipour,앗차키,Liquidation,아쿠아브레이크
Simipour,앗차키,Low Kick,안다리걸기
Simipour,앗차키,Low Sweep,로킥
Simipour,앗차키,Nasty Plot,나쁜음모
Simipour,앗차키,Payback,보복
Simipour,앗차키,Protect,방어
Simipour,앗차키,Rain Dance,비바라기
Simipour,앗차키,Recycle,리사이클
Simipour,앗차키,Rest,잠자기
Simipour,앗차키,Rock Slide,스톤샤워
Simipour,앗차키,Rock Tomb,암석봉인
Simipour,앗차키,Round,돌림노래
Simipour,앗차키,Scald,열탕
Simipour,앗차키,Shadow Claw,섀도크루
Simipour,앗차키,Sleep Talk,잠꼬대
Simipour,앗차키,Snore,코골기
Simipour,앗차키,Stuff Cheeks,볼가득넣기
Simipour,앗차키,Substitute,대타출동
Simipour,앗차키,Superpower,엄청난힘
Simipour,앗차키,Surf,파도타기
Simipour,앗차키,Taunt,도발
Simipour,앗차키,Thief,도둑질
Simipour,앗차키,Throat Chop,지옥찌르기
Simipour,앗차키,Uproar,소란피기
Simipour,앗차키,Waterfall,폭포오르기
Musharna,몽얌나,Ally Switch,사이드체인지
Musharna,몽얌나,Amnesia,망각술
Musharna,몽얌나,Attract,헤롱헤롱
Musharna,몽얌나,Calm Mind,명상
Musharna,몽얌나,Charge Beam,차지빔
Musharna,몽얌나,Charm,애교부리기
Musharna,몽얌나,Curse,저주
Musharna,몽얌나,Dazzling Gleam,매지컬샤인
Musharna,몽얌나,Double Team,그림자분신
Musharna,몽얌나,Endure,버티기
Musharna,몽얌나,Energy Ball,에너지볼
Musharna,몽얌나,Expanding Force,와이드포스
Musharna,몽얌나,Facade,객기
Musharna,몽얌나,Future Sight,미래예지
Musharna,몽얌나,Giga Impact,기가임팩트
Musharna,몽얌나,Guard Swap,가드스웹
Musharna,몽얌나,Gyro Ball,자이로볼
Musharna,몽얌나,Healing Wish,치유소원
Musharna,몽얌나,Helping Hand,도우미
Musharna,몽얌나,Hyper Beam,파괴광선
Musharna,몽얌나,Hypnosis,최면술
Musharna,몽얌나,Imprison,봉인
Musharna,몽얌나,Light Screen,빛의장막
Musharna,몽얌나,Misty Explosion,미스트버스트
Musharna,몽얌나,Moonblast,문포스
Musharna,몽얌나,Moonlight,달의불빛
Musharna,몽얌나,Power Swap,파워스웹
Musharna,몽얌나,Protect,방어
Musharna,몽얌나,Psychic,사이코키네시스
Musharna,몽얌나,Psychic Terrain,사이코필드
Musharna,몽얌나,Psyshock,사이코쇼크
Musharna,몽얌나,Rain Dance,비바라기
Musharna,몽얌나,Reflect,리플렉터
Musharna,몽얌나,Rest,잠자기
Musharna,몽얌나,Rock Slide,스톤샤워
Musharna,몽얌나,Rock Tomb,암석봉인
Musharna,몽얌나,Round,돌림노래
Musharna,몽얌나,Safeguard,신비의부적
Musharna,몽얌나,Shadow Ball,섀도볼
Musharna,몽얌나,Skill Swap,스킬스웹
Musharna,몽얌나,Sleep Talk,잠꼬대
Musharna,몽얌나,Snore,코골기
Musharna,몽얌나,Stored Power,어시스트파워
Musharna,몽얌나,Substitute,대타출동
Musharna,몽얌나,Thunder Wave,전기자석파
Musharna,몽얌나,Trick,트릭
Musharna,몽얌나,Trick Room,트릭룸
Musharna,몽얌나,Wonder Room,원더룸
Musharna,몽얌나,Yawn,하품
Musharna,몽얌나,Zen Headbutt,사념의박치기
Excadrill,몰드류,Aerial Ace,제비반환
Excadrill,몰드류,Body Slam,누르기
Excadrill,몰드류,Brick Break,깨트리다
Excadrill,몰드류,Brutal Swing,세차게휘두르기
Excadrill,몰드류,Bulldoze,땅고르기
Excadrill,몰드류,Crush Claw,브레이크크루
Excadrill,몰드류,Curse,저주
Excadrill,몰드류,Dig,구멍파기
Excadrill,몰드류,Double-Edge,이판사판태클
Excadrill,몰드류,Drill Run,드릴라이너
Excadrill,몰드류,Earth Power,대지의힘
Excadrill,몰드류,Earthquake,지진
Excadrill,몰드류,Endure,버티기
Excadrill,몰드류,Facade,객기
Excadrill,몰드류,Fissure,땅가르기
Excadrill,몰드류,Fling,내던지기
Excadrill,몰드류,Focus Blast,기합구슬
Excadrill,몰드류,Giga Impact,기가임팩트
Excadrill,몰드류,Helping Hand,도우미
Excadrill,몰드류,High Horsepower,10만마력
Excadrill,몰드류,Horn Drill,뿔드릴
Excadrill,몰드류,Hyper Beam,파괴광선
Excadrill,몰드류,Iron Defense,철벽
Excadrill,몰드류,Iron Head,아이언헤드
Excadrill,몰드류,Megahorn,메가폰
Excadrill,몰드류,Metal Sound,금속음
Excadrill,몰드류,Mud Shot,머드숏
Excadrill,몰드류,Mud-Slap,진흙뿌리기
Excadrill,몰드류,Poison Jab,독찌르기
Excadrill,몰드류,Protect,방어
Excadrill,몰드류,Rapid Spin,고속스핀
Excadrill,몰드류,Rest,잠자기
Excadrill,몰드류,Rock Blast,락블레스트
Excadrill,몰드류,Rock Slide,스톤샤워
Excadrill,몰드류,Rock Tomb,암석봉인
Excadrill,몰드류,Round,돌림노래
Excadrill,몰드류,Sand Tomb,모래지옥
Excadrill,몰드류,Sandstorm,모래바람
Excadrill,몰드류,Scary Face,겁나는얼굴
Excadrill,몰드류,Scorching Sands,열사의대지
Excadrill,몰드류,Shadow Claw,섀도크루
Excadrill,몰드류,Slash,베어가르기
Excadrill,몰드류,Sleep Talk,잠꼬대
Excadrill,몰드류,Sludge Bomb,오물폭탄
Excadrill,몰드류,Smart Strike,스마트호른
Excadrill,몰드류,Snore,코골기
Excadrill,몰드류,Stealth Rock,스텔스록
Excadrill,몰드류,Steel Beam,철제광선
Excadrill,몰드류,Stomping Tantrum,분함의발구르기
Excadrill,몰드류,Substitute,대타출동
Excadrill,몰드류,Sunny Day,쾌청
Excadrill,몰드류,Swords Dance,칼춤
Excadrill,몰드류,Throat Chop,지옥찌르기
Excadrill,몰드류,X-Scissor,시저크로스
Audino,다부니,After You,당신먼저
Audino,다부니,Ally Switch,사이드체인지
Audino,다부니,Amnesia,망각술
Audino,다부니,Attract,헤롱헤롱
Audino,다부니,Baby-Doll Eyes,초롱초롱눈동자
Audino,다부니,Blizzard,눈보라
Audino,다부니,Body Slam,누르기
Audino,다부니,Calm Mind,명상
Audino,다부니,Chilling Water,찬물끼얹기
Audino,다부니,Dazzling Gleam,매지컬샤인
Audino,다부니,Dig,구멍파기
Audino,다부니,Double-Edge,이판사판태클
Audino,다부니,Drain Punch,드레인펀치
Audino,다부니,Draining Kiss,드레인키스
Audino,다부니,Encore,앵콜
Audino,다부니,Endure,버티기
Audino,다부니,Entrainment,동료만들기
Audino,다부니,Facade,객기
Audino,다부니,Fire Blast,불대문자
Audino,다부니,Fire Punch,불꽃펀치
Audino,다부니,Flamethrower,화염방사
Audino,다부니,Fling,내던지기
Audino,다부니,Giga Impact,기가임팩트
Audino,다부니,Grass Knot,풀묶기
Audino,다부니,Heal Pulse,치유파동
Audino,다부니,Healing Wish,치유소원
Audino,다부니,Helping Hand,도우미
Audino,다부니,Hyper Beam,파괴광선
Audino,다부니,Hyper Voice,하이퍼보이스
Audino,다부니,Ice Beam,냉동빔
Audino,다부니,Ice Punch,냉동펀치
Audino,다부니,Icy Wind,얼다바람
Audino,다부니,Iron Tail,아이언테일
Audino,다부니,Last Resort,뒀다쓰기
Audino,다부니,Life Dew,생명의물방울
Audino,다부니,Light Screen,빛의장막
Audino,다부니,Low Kick,안다리걸기
Audino,다부니,Mega Kick,메가톤킥
Audino,다부니,Misty Terrain,미스트필드
Audino,다부니,Protect,방어
Audino,다부니,Psychic,사이코키네시스
Audino,다부니,Psyshock,사이코쇼크
Audino,다부니,Rain Dance,비바라기
Audino,다부니,Reflect,리플렉터
Audino,다부니,Rest,잠자기
Audino,다부니,Round,돌림노래
Audino,다부니,Safeguard,신비의부적
Audino,다부니,Shadow Ball,섀도볼
Audino,다부니,Simple Beam,심플빔
Audino,다부니,Skill Swap,스킬스웹
Audino,다부니,Sleep Talk,잠꼬대
Audino,다부니,Snore,코골기
Audino,다부니,Solar Beam,솔라빔
Audino,다부니,Stomping Tantrum,분함의발구르기
Audino,다부니,Substitute,대타출동
Audino,다부니,Sunny Day,쾌청
Audino,다부니,Surf,파도타기
Audino,다부니,Sweet Kiss,천사의키스
Audino,다부니,Throat Chop,지옥찌르기
Audino,다부니,Thunder,번개
Audino,다부니,Thunder Punch,번개펀치
Audino,다부니,Thunder Wave,전기자석파
Audino,다부니,Thunderbolt,10만볼트
Audino,다부니,Trick Room,트릭룸
Audino,다부니,Uproar,소란피기
Audino,다부니,Wild Charge,와일드볼트
Audino,다부니,Wish,희망사항
Audino,다부니,Yawn,하품
Audino,다부니,Zen Headbutt,사념의박치기
Conkeldurr,노보청,Attract,헤롱헤롱
Conkeldurr,노보청,Body Slam,누르기
Conkeldurr,노보청,Brick Break,깨트리다
Conkeldurr,노보청,Brutal Swing,세차게휘두르기
Conkeldurr,노보청,Bulk Up,벌크업
Conkeldurr,노보청,Bulldoze,땅고르기
Conkeldurr,노보청,Close Combat,인파이트
Conkeldurr,노보청,Coaching,코칭
Conkeldurr,노보청,Counter,카운터
Conkeldurr,노보청,Curse,저주
Conkeldurr,노보청,Defog,안개제거
Conkeldurr,노보청,Detect,판별
Conkeldurr,노보청,Dig,구멍파기
Conkeldurr,노보청,Double-Edge,이판사판태클
Conkeldurr,노보청,Drain Punch,드레인펀치
Conkeldurr,노보청,Dynamic Punch,폭발펀치
Conkeldurr,노보청,Earthquake,지진
Conkeldurr,노보청,Endure,버티기
Conkeldurr,노보청,Facade,객기
Conkeldurr,노보청,Fire Punch,불꽃펀치
Conkeldurr,노보청,Fling,내던지기
Conkeldurr,노보청,Focus Blast,기합구슬
Conkeldurr,노보청,Focus Energy,기충전
Conkeldurr,노보청,Focus Punch,힘껏펀치
Conkeldurr,노보청,Giga Impact,기가임팩트
Conkeldurr,노보청,Grass Knot,풀묶기
Conkeldurr,노보청,Hammer Arm,암해머
Conkeldurr,노보청,Hard Press,하드프레스
Conkeldurr,노보청,Helping Hand,도우미
Conkeldurr,노보청,High Horsepower,10만마력
Conkeldurr,노보청,Hyper Beam,파괴광선
Conkeldurr,노보청,Ice Punch,냉동펀치
Conkeldurr,노보청,Knock Off,탁쳐서떨구기
Conkeldurr,노보청,Low Kick,안다리걸기
Conkeldurr,노보청,Low Sweep,로킥
Conkeldurr,노보청,Mach Punch,마하펀치
Conkeldurr,노보청,Mega Kick,메가톤킥
Conkeldurr,노보청,Payback,보복
Conkeldurr,노보청,Poison Jab,독찌르기
Conkeldurr,노보청,Protect,방어
Conkeldurr,노보청,Rain Dance,비바라기
Conkeldurr,노보청,Rest,잠자기
Conkeldurr,노보청,Reversal,기사회생
Conkeldurr,노보청,Rock Blast,락블레스트
Conkeldurr,노보청,Rock Slide,스톤샤워
Conkeldurr,노보청,Rock Tomb,암석봉인
Conkeldurr,노보청,Round,돌림노래
Conkeldurr,노보청,Scary Face,겁나는얼굴
Conkeldurr,노보청,Sleep Talk,잠꼬대
Conkeldurr,노보청,Smack Down,떨어뜨리기
Conkeldurr,노보청,Snore,코골기
Conkeldurr,노보청,Stomping Tantrum,분함의발구르기
Conkeldurr,노보청,Stone Edge,스톤에지
Conkeldurr,노보청,Substitute,대타출동
Conkeldurr,노보청,Sunny Day,쾌청
Conkeldurr,노보청,Superpower,엄청난힘
Conkeldurr,노보청,Taunt,도발
Conkeldurr,노보청,Thief,도둑질
Conkeldurr,노보청,Thunder Punch,번개펀치
Conkeldurr,노보청,Upper Hand,기선제압
Conkeldurr,노보청,Wide Guard,와이드가드
Scolipede,펜드라,Acid Spray,애시드봄
Scolipede,펜드라,Agility,고속이동
Scolipede,펜드라,Assurance,승부굳히기
Scolipede,펜드라,Attract,헤롱헤롱
Scolipede,펜드라,Baton Pass,바톤터치
Scolipede,펜드라,Bite,물기
Scolipede,펜드라,Bug Bite,벌레먹음
Scolipede,펜드라,Bulldoze,땅고르기
Scolipede,펜드라,Cross Poison,크로스포이즌
Scolipede,펜드라,Dig,구멍파기
Scolipede,펜드라,Double Hit,더블어택
Scolipede,펜드라,Double-Edge,이판사판태클
Scolipede,펜드라,Earthquake,지진
Scolipede,펜드라,Endure,버티기
Scolipede,펜드라,Facade,객기
Scolipede,펜드라,Giga Impact,기가임팩트
Scolipede,펜드라,Gunk Shot,더스트슈트
Scolipede,펜드라,Gyro Ball,자이로볼
Scolipede,펜드라,Hex,병상첨병
Scolipede,펜드라,Hyper Beam,파괴광선
Scolipede,펜드라,Iron Defense,철벽
Scolipede,펜드라,Iron Tail,아이언테일
Scolipede,펜드라,Leech Life,흡혈
Scolipede,펜드라,Megahorn,메가폰
Scolipede,펜드라,Payback,보복
Scolipede,펜드라,Pin Missile,바늘미사일
Scolipede,펜드라,Poison Jab,독찌르기
Scolipede,펜드라,Pounce,달려들기
Scolipede,펜드라,Protect,방어
Scolipede,펜드라,Rest,잠자기
Scolipede,펜드라,Rock Slide,스톤샤워
Scolipede,펜드라,Rock Tomb,암석봉인
Scolipede,펜드라,Round,돌림노래
Scolipede,펜드라,Screech,싫은소리
Scolipede,펜드라,Skitter Smack,엄습하는일격
Scolipede,펜드라,Sleep Talk,잠꼬대
Scolipede,펜드라,Sludge Bomb,오물폭탄
Scolipede,펜드라,Smart Strike,스마트호른
Scolipede,펜드라,Snore,코골기
Scolipede,펜드라,Solar Beam,솔라빔
Scolipede,펜드라,Spikes,압정뿌리기
Scolipede,펜드라,Steel Roller,아이언롤러
Scolipede,펜드라,Stomping Tantrum,분함의발구르기
Scolipede,펜드라,Substitute,대타출동
Scolipede,펜드라,Sunny Day,쾌청
Scolipede,펜드라,Superpower,엄청난힘
Scolipede,펜드라,Swords Dance,칼춤
Scolipede,펜드라,Throat Chop,지옥찌르기
Scolipede,펜드라,Toxic,맹독
Scolipede,펜드라,Toxic Spikes,독압정
Scolipede,펜드라,Trailblaze,개척하기
Scolipede,펜드라,Venoshock,베놈쇼크
Scolipede,펜드라,X-Scissor,시저크로스
Whimsicott,엘풍,Attract,헤롱헤롱
Whimsicott,엘풍,Beat Up,집단구타
Whimsicott,엘풍,Charm,애교부리기
Whimsicott,엘풍,Cotton Guard,코튼가드
Whimsicott,엘풍,Cotton Spore,목화포자
Whimsicott,엘풍,Dazzling Gleam,매지컬샤인
Whimsicott,엘풍,Encore,앵콜
Whimsicott,엘풍,Endeavor,죽기살기
Whimsicott,엘풍,Endure,버티기
Whimsicott,엘풍,Energy Ball,에너지볼
Whimsicott,엘풍,Facade,객기
Whimsicott,엘풍,Fake Tears,거짓울음
Whimsicott,엘풍,Fling,내던지기
Whimsicott,엘풍,Giga Drain,기가드레인
Whimsicott,엘풍,Giga Impact,기가임팩트
Whimsicott,엘풍,Grass Knot,풀묶기
Whimsicott,엘풍,Grassy Glide,그래스슬라이더
Whimsicott,엘풍,Grassy Terrain,그래스필드
Whimsicott,엘풍,Growth,성장
Whimsicott,엘풍,Helping Hand,도우미
Whimsicott,엘풍,Hurricane,폭풍
Whimsicott,엘풍,Hyper Beam,파괴광선
Whimsicott,엘풍,Leech Seed,씨뿌리기
Whimsicott,엘풍,Light Screen,빛의장막
Whimsicott,엘풍,Memento,추억의선물
Whimsicott,엘풍,Misty Terrain,미스트필드
Whimsicott,엘풍,Moonblast,문포스
Whimsicott,엘풍,Play Rough,치근거리기
Whimsicott,엘풍,Poison Powder,독가루
Whimsicott,엘풍,Protect,방어
Whimsicott,엘풍,Psychic,사이코키네시스
Whimsicott,엘풍,Rest,잠자기
Whimsicott,엘풍,Round,돌림노래
Whimsicott,엘풍,Safeguard,신비의부적
Whimsicott,엘풍,Seed Bomb,씨폭탄
Whimsicott,엘풍,Shadow Ball,섀도볼
Whimsicott,엘풍,Sleep Talk,잠꼬대
Whimsicott,엘풍,Snore,코골기
Whimsicott,엘풍,Solar Beam,솔라빔
Whimsicott,엘풍,Stun Spore,저리가루
Whimsicott,엘풍,Substitute,대타출동
Whimsicott,엘풍,Sunny Day,쾌청
Whimsicott,엘풍,Switcheroo,바꿔치기
Whimsicott,엘풍,Tailwind,순풍
Whimsicott,엘풍,Taunt,도발
Whimsicott,엘풍,Thief,도둑질
Whimsicott,엘풍,Tickle,간지르기
Whimsicott,엘풍,Trick Room,트릭룸
Whimsicott,엘풍,U-turn,유턴
Whimsicott,엘풍,Worry Seed,고민씨
Krookodile,악비아르,Aerial Ace,제비반환
Krookodile,악비아르,Aqua Tail,아쿠아테일
Krookodile,악비아르,Assurance,승부굳히기
Krookodile,악비아르,Beat Up,집단구타
Krookodile,악비아르,Bite,물기
Krookodile,악비아르,Body Slam,누르기
Krookodile,악비아르,Breaking Swipe,와이드브레이커
Krookodile,악비아르,Brick Break,깨트리다
Krookodile,악비아르,Brutal Swing,세차게휘두르기
Krookodile,악비아르,Bulk Up,벌크업
Krookodile,악비아르,Bulldoze,땅고르기
Krookodile,악비아르,Close Combat,인파이트
Krookodile,악비아르,Counter,카운터
Krookodile,악비아르,Crunch,깨물어부수기
Krookodile,악비아르,Curse,저주
Krookodile,악비아르,Dark Pulse,악의파동
Krookodile,악비아르,Dig,구멍파기
Krookodile,악비아르,Double-Edge,이판사판태클
Krookodile,악비아르,Dragon Claw,드래곤크루
Krookodile,악비아르,Dragon Pulse,용의파동
Krookodile,악비아르,Dragon Tail,드래곤테일
Krookodile,악비아르,Earth Power,대지의힘
Krookodile,악비아르,Earthquake,지진
Krookodile,악비아르,Endeavor,죽기살기
Krookodile,악비아르,Endure,버티기
Krookodile,악비아르,Facade,객기
Krookodile,악비아르,Fire Fang,불꽃엄니
Krookodile,악비아르,Fissure,땅가르기
Krookodile,악비아르,Fling,내던지기
Krookodile,악비아르,Focus Blast,기합구슬
Krookodile,악비아르,Focus Energy,기충전
Krookodile,악비아르,Focus Punch,힘껏펀치
Krookodile,악비아르,Foul Play,속임수
Krookodile,악비아르,Giga Impact,기가임팩트
Krookodile,악비아르,Grass Knot,풀묶기
Krookodile,악비아르,Gunk Shot,더스트슈트
Krookodile,악비아르,Helping Hand,도우미
Krookodile,악비아르,High Horsepower,10만마력
Krookodile,악비아르,Hyper Beam,파괴광선
Krookodile,악비아르,Iron Head,아이언헤드
Krookodile,악비아르,Iron Tail,아이언테일
Krookodile,악비아르,Knock Off,탁쳐서떨구기
Krookodile,악비아르,Lash Out,분풀이
Krookodile,악비아르,Low Kick,안다리걸기
Krookodile,악비아르,Low Sweep,로킥
Krookodile,악비아르,Mega Kick,메가톤킥
Krookodile,악비아르,Mud Shot,머드숏
Krookodile,악비아르,Mud-Slap,진흙뿌리기
Krookodile,악비아르,Outrage,역린
Krookodile,악비아르,Payback,보복
Krookodile,악비아르,Power Trip,기어오르기
Krookodile,악비아르,Protect,방어
Krookodile,악비아르,Rest,잠자기
Krookodile,악비아르,Roar,울부짖기
Krookodile,악비아르,Rock Slide,스톤샤워
Krookodile,악비아르,Rock Tomb,암석봉인
Krookodile,악비아르,Round,돌림노래
Krookodile,악비아르,Sand Tomb,모래지옥
Krookodile,악비아르,Sandstorm,모래바람
Krookodile,악비아르,Scale Shot,스케일샷
Krookodile,악비아르,Scary Face,겁나는얼굴
Krookodile,악비아르,Scorching Sands,열사의대지
Krookodile,악비아르,Shadow Claw,섀도크루
Krookodile,악비아르,Skitter Smack,엄습하는일격
Krookodile,악비아르,Sleep Talk,잠꼬대
Krookodile,악비아르,Sludge Bomb,오물폭탄
Krookodile,악비아르,Smack Down,떨어뜨리기
Krookodile,악비아르,Snarl,바크아웃
Krookodile,악비아르,Snore,코골기
Krookodile,악비아르,Spite,원한
Krookodile,악비아르,Stealth Rock,스텔스록
Krookodile,악비아르,Stomping Tantrum,분함의발구르기
Krookodile,악비아르,Stone Edge,스톤에지
Krookodile,악비아르,Substitute,대타출동
Krookodile,악비아르,Superpower,엄청난힘
Krookodile,악비아르,Swagger,뽐내기
Krookodile,악비아르,Taunt,도발
Krookodile,악비아르,Thief,도둑질
Krookodile,악비아르,Thrash,난동부리기
Krookodile,악비아르,Throat Chop,지옥찌르기
Krookodile,악비아르,Thunder Fang,번개엄니
Krookodile,악비아르,Torment,트집
Krookodile,악비아르,Uproar,소란피기
Scrafty,곤율거니,Acid Spray,애시드봄
Scrafty,곤율거니,Amnesia,망각술
Scrafty,곤율거니,Assurance,승부굳히기
Scrafty,곤율거니,Beat Up,집단구타
Scrafty,곤율거니,Body Slam,누르기
Scrafty,곤율거니,Brick Break,깨트리다
Scrafty,곤율거니,Bulk Up,벌크업
Scrafty,곤율거니,Close Combat,인파이트
Scrafty,곤율거니,Coaching,코칭
Scrafty,곤율거니,Counter,카운터
Scrafty,곤율거니,Crunch,깨물어부수기
Scrafty,곤율거니,Curse,저주
Scrafty,곤율거니,Dark Pulse,악의파동
Scrafty,곤율거니,Detect,판별
Scrafty,곤율거니,Dig,구멍파기
Scrafty,곤율거니,Double-Edge,이판사판태클
Scrafty,곤율거니,Dragon Claw,드래곤크루
Scrafty,곤율거니,Dragon Dance,용의춤
Scrafty,곤율거니,Dragon Pulse,용의파동
Scrafty,곤율거니,Dragon Tail,드래곤테일
Scrafty,곤율거니,Drain Punch,드레인펀치
Scrafty,곤율거니,Dynamic Punch,폭발펀치
Scrafty,곤율거니,Encore,앵콜
Scrafty,곤율거니,Endeavor,죽기살기
Scrafty,곤율거니,Endure,버티기
Scrafty,곤율거니,Facade,객기
Scrafty,곤율거니,Fake Out,속이다
Scrafty,곤율거니,Fake Tears,거짓울음
Scrafty,곤율거니,Fire Punch,불꽃펀치
Scrafty,곤율거니,Fling,내던지기
Scrafty,곤율거니,Focus Blast,기합구슬
Scrafty,곤율거니,Focus Punch,힘껏펀치
Scrafty,곤율거니,Foul Play,속임수
Scrafty,곤율거니,Giga Impact,기가임팩트
Scrafty,곤율거니,Grass Knot,풀묶기
Scrafty,곤율거니,Head Smash,양날박치기
Scrafty,곤율거니,Helping Hand,도우미
Scrafty,곤율거니,High Jump Kick,무릎차기
Scrafty,곤율거니,Hyper Beam,파괴광선
Scrafty,곤율거니,Ice Punch,냉동펀치
Scrafty,곤율거니,Iron Defense,철벽
Scrafty,곤율거니,Iron Head,아이언헤드
Scrafty,곤율거니,Iron Tail,아이언테일
Scrafty,곤율거니,Knock Off,탁쳐서떨구기
Scrafty,곤율거니,Lash Out,분풀이
Scrafty,곤율거니,Low Kick,안다리걸기
Scrafty,곤율거니,Low Sweep,로킥
Scrafty,곤율거니,Mega Kick,메가톤킥
Scrafty,곤율거니,Outrage,역린
Scrafty,곤율거니,Payback,보복
Scrafty,곤율거니,Poison Jab,독찌르기
Scrafty,곤율거니,Protect,방어
Scrafty,곤율거니,Quick Guard,퍼스트가드
Scrafty,곤율거니,Rain Dance,비바라기
Scrafty,곤율거니,Rest,잠자기
Scrafty,곤율거니,Reversal,기사회생
Scrafty,곤율거니,Roar,울부짖기
Scrafty,곤율거니,Rock Slide,스톤샤워
Scrafty,곤율거니,Rock Tomb,암석봉인
Scrafty,곤율거니,Round,돌림노래
Scrafty,곤율거니,Scary Face,겁나는얼굴
Scrafty,곤율거니,Sleep Talk,잠꼬대
Scrafty,곤율거니,Sludge Bomb,오물폭탄
Scrafty,곤율거니,Smack Down,떨어뜨리기
Scrafty,곤율거니,Snarl,바크아웃
Scrafty,곤율거니,Snore,코골기
Scrafty,곤율거니,Spite,원한
Scrafty,곤율거니,Stone Edge,스톤에지
Scrafty,곤율거니,Substitute,대타출동
Scrafty,곤율거니,Sunny Day,쾌청
Scrafty,곤율거니,Super Fang,분노의앞니
Scrafty,곤율거니,Swagger,뽐내기
Scrafty,곤율거니,Swords Dance,칼춤
Scrafty,곤율거니,Taunt,도발
Scrafty,곤율거니,Thief,도둑질
Scrafty,곤율거니,Throat Chop,지옥찌르기
Scrafty,곤율거니,Thunder Punch,번개펀치
Scrafty,곤율거니,Torment,트집
Scrafty,곤율거니,Trailblaze,개척하기
Scrafty,곤율거니,Upper Hand,기선제압
Scrafty,곤율거니,Uproar,소란피기
Scrafty,곤율거니,Zen Headbutt,사념의박치기
Cofagrigus,데스니칸,Ally Switch,사이드체인지
Cofagrigus,데스니칸,Attract,헤롱헤롱
Cofagrigus,데스니칸,Body Press,바디프레스
Cofagrigus,데스니칸,Calm Mind,명상
Cofagrigus,데스니칸,Confuse Ray,이상한빛
Cofagrigus,데스니칸,Curse,저주
Cofagrigus,데스니칸,Dark Pulse,악의파동
Cofagrigus,데스니칸,Destiny Bond,길동무
Cofagrigus,데스니칸,Disable,사슬묶기
Cofagrigus,데스니칸,Endure,버티기
Cofagrigus,데스니칸,Energy Ball,에너지볼
Cofagrigus,데스니칸,Facade,객기
Cofagrigus,데스니칸,Fake Tears,거짓울음
Cofagrigus,데스니칸,Giga Drain,기가드레인
Cofagrigus,데스니칸,Giga Impact,기가임팩트
Cofagrigus,데스니칸,Grass Knot,풀묶기
Cofagrigus,데스니칸,Guard Split,가드셰어
Cofagrigus,데스니칸,Guard Swap,가드스웹
Cofagrigus,데스니칸,Haze,흑안개
Cofagrigus,데스니칸,Hex,병상첨병
Cofagrigus,데스니칸,Hyper Beam,파괴광선
Cofagrigus,데스니칸,Imprison,봉인
Cofagrigus,데스니칸,Iron Defense,철벽
Cofagrigus,데스니칸,Mean Look,검은눈빛
Cofagrigus,데스니칸,Memento,추억의선물
Cofagrigus,데스니칸,Nasty Plot,나쁜음모
Cofagrigus,데스니칸,Night Shade,나이트헤드
Cofagrigus,데스니칸,Payback,보복
Cofagrigus,데스니칸,Phantom Force,고스트다이브
Cofagrigus,데스니칸,Poltergeist,폴터가이스트
Cofagrigus,데스니칸,Power Split,파워셰어
Cofagrigus,데스니칸,Power Swap,파워스웹
Cofagrigus,데스니칸,Protect,방어
Cofagrigus,데스니칸,Psychic,사이코키네시스
Cofagrigus,데스니칸,Rain Dance,비바라기
Cofagrigus,데스니칸,Rest,잠자기
Cofagrigus,데스니칸,Round,돌림노래
Cofagrigus,데스니칸,Safeguard,신비의부적
Cofagrigus,데스니칸,Scary Face,겁나는얼굴
Cofagrigus,데스니칸,Self-Destruct,자폭
Cofagrigus,데스니칸,Shadow Ball,섀도볼
Cofagrigus,데스니칸,Shadow Claw,섀도크루
Cofagrigus,데스니칸,Shadow Punch,섀도펀치
Cofagrigus,데스니칸,Skill Swap,스킬스웹
Cofagrigus,데스니칸,Sleep Talk,잠꼬대
Cofagrigus,데스니칸,Snore,코골기
Cofagrigus,데스니칸,Substitute,대타출동
Cofagrigus,데스니칸,Thief,도둑질
Cofagrigus,데스니칸,Toxic Spikes,독압정
Cofagrigus,데스니칸,Trick,트릭
Cofagrigus,데스니칸,Trick Room,트릭룸
Cofagrigus,데스니칸,Will-O-Wisp,도깨비불
Cofagrigus,데스니칸,Wonder Room,원더룸
Cofagrigus,데스니칸,Zen Headbutt,사념의박치기
Garbodor,더스트나,Acid Spray,애시드봄
Garbodor,더스트나,Amnesia,망각술
Garbodor,더스트나,Ancient Power,원시의힘
Garbodor,더스트나,Attract,헤롱헤롱
Garbodor,더스트나,Belch,트림
Garbodor,더스트나,Body Press,바디프레스
Garbodor,더스트나,Body Slam,누르기
Garbodor,더스트나,Clear Smog,클리어스모그
Garbodor,더스트나,Corrosive Gas,부식가스
Garbodor,더스트나,Cross Poison,크로스포이즌
Garbodor,더스트나,Curse,저주
Garbodor,더스트나,Dark Pulse,악의파동
Garbodor,더스트나,Drain Punch,드레인펀치
Garbodor,더스트나,Endure,버티기
Garbodor,더스트나,Explosion,대폭발
Garbodor,더스트나,Facade,객기
Garbodor,더스트나,Fling,내던지기
Garbodor,더스트나,Focus Blast,기합구슬
Garbodor,더스트나,Giga Drain,기가드레인
Garbodor,더스트나,Giga Impact,기가임팩트
Garbodor,더스트나,Gunk Shot,더스트슈트
Garbodor,더스트나,Haze,흑안개
Garbodor,더스트나,Hyper Beam,파괴광선
Garbodor,더스트나,Mud Shot,머드숏
Garbodor,더스트나,Pain Split,아픔나누기
Garbodor,더스트나,Payback,보복
Garbodor,더스트나,Poison Jab,독찌르기
Garbodor,더스트나,Protect,방어
Garbodor,더스트나,Psychic,사이코키네시스
Garbodor,더스트나,Rain Dance,비바라기
Garbodor,더스트나,Recycle,리사이클
Garbodor,더스트나,Rest,잠자기
Garbodor,더스트나,Rock Blast,락블레스트
Garbodor,더스트나,Round,돌림노래
Garbodor,더스트나,Screech,싫은소리
Garbodor,더스트나,Seed Bomb,씨폭탄
Garbodor,더스트나,Self-Destruct,자폭
Garbodor,더스트나,Sleep Talk,잠꼬대
Garbodor,더스트나,Sludge Bomb,오물폭탄
Garbodor,더스트나,Sludge Wave,오물웨이브
Garbodor,더스트나,Snore,코골기
Garbodor,더스트나,Solar Beam,솔라빔
Garbodor,더스트나,Spikes,압정뿌리기
Garbodor,더스트나,Stockpile,비축하기
Garbodor,더스트나,Stomping Tantrum,분함의발구르기
Garbodor,더스트나,Substitute,대타출동
Garbodor,더스트나,Sunny Day,쾌청
Garbodor,더스트나,Swallow,꿀꺽
Garbodor,더스트나,Thief,도둑질
Garbodor,더스트나,Thunderbolt,10만볼트
Garbodor,더스트나,Toxic,맹독
Garbodor,더스트나,Toxic Spikes,독압정
Garbodor,더스트나,Venoshock,베놈쇼크
Zoroark,조로아크,Aerial Ace,제비반환
Zoroark,조로아크,Agility,고속이동
Zoroark,조로아크,Assurance,승부굳히기
Zoroark,조로아크,Body Slam,누르기
Zoroark,조로아크,Bounce,뛰어오르다
Zoroark,조로아크,Brick Break,깨트리다
Zoroark,조로아크,Burning Jealousy,질투의불꽃
Zoroark,조로아크,Calm Mind,명상
Zoroark,조로아크,Confuse Ray,이상한빛
Zoroark,조로아크,Counter,카운터
Zoroark,조로아크,Crunch,깨물어부수기
Zoroark,조로아크,Dark Pulse,악의파동
Zoroark,조로아크,Detect,판별
Zoroark,조로아크,Dig,구멍파기
Zoroark,조로아크,Encore,앵콜
Zoroark,조로아크,Endure,버티기
Zoroark,조로아크,Extrasensory,신통력
Zoroark,조로아크,Facade,객기
Zoroark,조로아크,Fake Tears,거짓울음
Zoroark,조로아크,Flamethrower,화염방사
Zoroark,조로아크,Fling,내던지기
Zoroark,조로아크,Focus Blast,기합구슬
Zoroark,조로아크,Foul Play,속임수
Zoroark,조로아크,Giga Impact,기가임팩트
Zoroark,조로아크,Grass Knot,풀묶기
Zoroark,조로아크,Helping Hand,도우미
Zoroark,조로아크,Hex,병상첨병
Zoroark,조로아크,Hyper Beam,파괴광선
Zoroark,조로아크,Hyper Voice,하이퍼보이스
Zoroark,조로아크,Imprison,봉인
Zoroark,조로아크,Knock Off,탁쳐서떨구기
Zoroark,조로아크,Lash Out,분풀이
Zoroark,조로아크,Low Kick,안다리걸기
Zoroark,조로아크,Low Sweep,로킥
Zoroark,조로아크,Mega Kick,메가톤킥
Zoroark,조로아크,Memento,추억의선물
Zoroark,조로아크,Nasty Plot,나쁜음모
Zoroark,조로아크,Night Daze,나이트버스트
Zoroark,조로아크,Night Shade,나이트헤드
Zoroark,조로아크,Night Slash,깜짝베기
Zoroark,조로아크,Pain Split,아픔나누기
Zoroark,조로아크,Payback,보복
Zoroark,조로아크,Protect,방어
Zoroark,조로아크,Psych Up,자기암시
Zoroark,조로아크,Psychic,사이코키네시스
Zoroark,조로아크,Rain Dance,비바라기
Zoroark,조로아크,Rest,잠자기
Zoroark,조로아크,Roar,울부짖기
Zoroark,조로아크,Round,돌림노래
Zoroark,조로아크,Scary Face,겁나는얼굴
Zoroark,조로아크,Shadow Ball,섀도볼
Zoroark,조로아크,Shadow Claw,섀도크루
Zoroark,조로아크,Skitter Smack,엄습하는일격
Zoroark,조로아크,Sleep Talk,잠꼬대
Zoroark,조로아크,Sludge Bomb,오물폭탄
Zoroark,조로아크,Snarl,바크아웃
Zoroark,조로아크,Snore,코골기
Zoroark,조로아크,Spite,원한
Zoroark,조로아크,Substitute,대타출동
Zoroark,조로아크,Sucker Punch,기습
Zoroark,조로아크,Sunny Day,쾌청
Zoroark,조로아크,Swords Dance,칼춤
Zoroark,조로아크,Taunt,도발
Zoroark,조로아크,Thief,도둑질
Zoroark,조로아크,Throat Chop,지옥찌르기
Zoroark,조로아크,Torment,트집
Zoroark,조로아크,Toxic,맹독
Zoroark,조로아크,Trick,트릭
Zoroark,조로아크,U-turn,유턴
Zoroark,조로아크,Uproar,소란피기
Zoroark-Hisui,히스이 조로아크,Aerial Ace,제비반환
Zoroark-Hisui,히스이 조로아크,Agility,고속이동
Zoroark-Hisui,히스이 조로아크,Assurance,승부굳히기
Zoroark-Hisui,히스이 조로아크,Bitter Malice,천추지한
Zoroark-Hisui,히스이 조로아크,Body Slam,누르기
Zoroark-Hisui,히스이 조로아크,Bounce,뛰어오르다
Zoroark-Hisui,히스이 조로아크,Brick Break,깨트리다
Zoroark-Hisui,히스이 조로아크,Burning Jealousy,질투의불꽃
Zoroark-Hisui,히스이 조로아크,Calm Mind,명상
Zoroark-Hisui,히스이 조로아크,Comeuppance,앙갚음
Zoroark-Hisui,히스이 조로아크,Confuse Ray,이상한빛
Zoroark-Hisui,히스이 조로아크,Crunch,깨물어부수기
Zoroark-Hisui,히스이 조로아크,Curse,저주
Zoroark-Hisui,히스이 조로아크,Dark Pulse,악의파동
Zoroark-Hisui,히스이 조로아크,Detect,판별
Zoroark-Hisui,히스이 조로아크,Dig,구멍파기
Zoroark-Hisui,히스이 조로아크,Endure,버티기
Zoroark-Hisui,히스이 조로아크,Extrasensory,신통력
Zoroark-Hisui,히스이 조로아크,Facade,객기
Zoroark-Hisui,히스이 조로아크,Fake Tears,거짓울음
Zoroark-Hisui,히스이 조로아크,Flamethrower,화염방사
Zoroark-Hisui,히스이 조로아크,Fling,내던지기
Zoroark-Hisui,히스이 조로아크,Focus Blast,기합구슬
Zoroark-Hisui,히스이 조로아크,Focus Punch,힘껏펀치
Zoroark-Hisui,히스이 조로아크,Foul Play,속임수
Zoroark-Hisui,히스이 조로아크,Giga Impact,기가임팩트
Zoroark-Hisui,히스이 조로아크,Grass Knot,풀묶기
Zoroark-Hisui,히스이 조로아크,Helping Hand,도우미
Zoroark-Hisui,히스이 조로아크,Hex,병상첨병
Zoroark-Hisui,히스이 조로아크,Hyper Beam,파괴광선
Zoroark-Hisui,히스이 조로아크,Hyper Voice,하이퍼보이스
Zoroark-Hisui,히스이 조로아크,Icy Wind,얼다바람
Zoroark-Hisui,히스이 조로아크,Imprison,봉인
Zoroark-Hisui,히스이 조로아크,Knock Off,탁쳐서떨구기
Zoroark-Hisui,히스이 조로아크,Lash Out,분풀이
Zoroark-Hisui,히스이 조로아크,Low Kick,안다리걸기
Zoroark-Hisui,히스이 조로아크,Low Sweep,로킥
Zoroark-Hisui,히스이 조로아크,Mega Kick,메가톤킥
Zoroark-Hisui,히스이 조로아크,Memento,추억의선물
Zoroark-Hisui,히스이 조로아크,Nasty Plot,나쁜음모
Zoroark-Hisui,히스이 조로아크,Night Shade,나이트헤드
Zoroark-Hisui,히스이 조로아크,Pain Split,아픔나누기
Zoroark-Hisui,히스이 조로아크,Payback,보복
Zoroark-Hisui,히스이 조로아크,Phantom Force,고스트다이브
Zoroark-Hisui,히스이 조로아크,Poltergeist,폴터가이스트
Zoroark-Hisui,히스이 조로아크,Protect,방어
Zoroark-Hisui,히스이 조로아크,Psych Up,자기암시
Zoroark-Hisui,히스이 조로아크,Psychic,사이코키네시스
Zoroark-Hisui,히스이 조로아크,Rain Dance,비바라기
Zoroark-Hisui,히스이 조로아크,Rest,잠자기
Zoroark-Hisui,히스이 조로아크,Roar,울부짖기
Zoroark-Hisui,히스이 조로아크,Round,돌림노래
Zoroark-Hisui,히스이 조로아크,Scary Face,겁나는얼굴
Zoroark-Hisui,히스이 조로아크,Shadow Ball,섀도볼
Zoroark-Hisui,히스이 조로아크,Shadow Claw,섀도크루
Zoroark-Hisui,히스이 조로아크,Shadow Sneak,야습
Zoroark-Hisui,히스이 조로아크,Skitter Smack,엄습하는일격
Zoroark-Hisui,히스이 조로아크,Sleep Talk,잠꼬대
Zoroark-Hisui,히스이 조로아크,Sludge Bomb,오물폭탄
Zoroark-Hisui,히스이 조로아크,Snarl,바크아웃
Zoroark-Hisui,히스이 조로아크,Snore,코골기
Zoroark-Hisui,히스이 조로아크,Snowscape,설경
Zoroark-Hisui,히스이 조로아크,Spite,원한
Zoroark-Hisui,히스이 조로아크,Substitute,대타출동
Zoroark-Hisui,히스이 조로아크,Swords Dance,칼춤
Zoroark-Hisui,히스이 조로아크,Taunt,도발
Zoroark-Hisui,히스이 조로아크,Thief,도둑질
Zoroark-Hisui,히스이 조로아크,Throat Chop,지옥찌르기
Zoroark-Hisui,히스이 조로아크,Torment,트집
Zoroark-Hisui,히스이 조로아크,Trick,트릭
Zoroark-Hisui,히스이 조로아크,U-turn,유턴
Zoroark-Hisui,히스이 조로아크,Uproar,소란피기
Zoroark-Hisui,히스이 조로아크,Will-O-Wisp,도깨비불
Reuniclus,란쿨루스,Acid Armor,녹기
Reuniclus,란쿨루스,Ally Switch,사이드체인지
Reuniclus,란쿨루스,Attract,헤롱헤롱
Reuniclus,란쿨루스,Body Slam,누르기
Reuniclus,란쿨루스,Calm Mind,명상
Reuniclus,란쿨루스,Charm,애교부리기
Reuniclus,란쿨루스,Confuse Ray,이상한빛
Reuniclus,란쿨루스,Drain Punch,드레인펀치
Reuniclus,란쿨루스,Encore,앵콜
Reuniclus,란쿨루스,Endeavor,죽기살기
Reuniclus,란쿨루스,Endure,버티기
Reuniclus,란쿨루스,Energy Ball,에너지볼
Reuniclus,란쿨루스,Expanding Force,와이드포스
Reuniclus,란쿨루스,Facade,객기
Reuniclus,란쿨루스,Fire Punch,불꽃펀치
Reuniclus,란쿨루스,Flash Cannon,러스터캐논
Reuniclus,란쿨루스,Fling,내던지기
Reuniclus,란쿨루스,Focus Blast,기합구슬
Reuniclus,란쿨루스,Focus Punch,힘껏펀치
Reuniclus,란쿨루스,Future Sight,미래예지
Reuniclus,란쿨루스,Giga Impact,기가임팩트
Reuniclus,란쿨루스,Grass Knot,풀묶기
Reuniclus,란쿨루스,Gravity,중력
Reuniclus,란쿨루스,Guard Swap,가드스웹
Reuniclus,란쿨루스,Gyro Ball,자이로볼
Reuniclus,란쿨루스,Hammer Arm,암해머
Reuniclus,란쿨루스,Helping Hand,도우미
Reuniclus,란쿨루스,Hyper Beam,파괴광선
Reuniclus,란쿨루스,Ice Punch,냉동펀치
Reuniclus,란쿨루스,Imprison,봉인
Reuniclus,란쿨루스,Iron Defense,철벽
Reuniclus,란쿨루스,Knock Off,탁쳐서떨구기
Reuniclus,란쿨루스,Light Screen,빛의장막
Reuniclus,란쿨루스,Night Shade,나이트헤드
Reuniclus,란쿨루스,Pain Split,아픔나누기
Reuniclus,란쿨루스,Power Swap,파워스웹
Reuniclus,란쿨루스,Protect,방어
Reuniclus,란쿨루스,Psych Up,자기암시
Reuniclus,란쿨루스,Psychic,사이코키네시스
Reuniclus,란쿨루스,Psychic Noise,사이코노이즈
Reuniclus,란쿨루스,Psychic Terrain,사이코필드
Reuniclus,란쿨루스,Psyshock,사이코쇼크
Reuniclus,란쿨루스,Rain Dance,비바라기
Reuniclus,란쿨루스,Recover,HP회복
Reuniclus,란쿨루스,Reflect,리플렉터
Reuniclus,란쿨루스,Rest,잠자기
Reuniclus,란쿨루스,Rock Slide,스톤샤워
Reuniclus,란쿨루스,Rock Tomb,암석봉인
Reuniclus,란쿨루스,Round,돌림노래
Reuniclus,란쿨루스,Safeguard,신비의부적
Reuniclus,란쿨루스,Shadow Ball,섀도볼
Reuniclus,란쿨루스,Skill Swap,스킬스웹
Reuniclus,란쿨루스,Sleep Talk,잠꼬대
Reuniclus,란쿨루스,Snore,코골기
Reuniclus,란쿨루스,Steel Roller,아이언롤러
Reuniclus,란쿨루스,Stored Power,어시스트파워
Reuniclus,란쿨루스,Substitute,대타출동
Reuniclus,란쿨루스,Sunny Day,쾌청
Reuniclus,란쿨루스,Superpower,엄청난힘
Reuniclus,란쿨루스,Thunder,번개
Reuniclus,란쿨루스,Thunder Punch,번개펀치
Reuniclus,란쿨루스,Thunder Wave,전기자석파
Reuniclus,란쿨루스,Trick,트릭
Reuniclus,란쿨루스,Trick Room,트릭룸
Reuniclus,란쿨루스,Wonder Room,원더룸
Reuniclus,란쿨루스,Zen Headbutt,사념의박치기
Vanilluxe,배바닐라,Acid Armor,녹기
Vanilluxe,배바닐라,Ally Switch,사이드체인지
Vanilluxe,배바닐라,Attract,헤롱헤롱
Vanilluxe,배바닐라,Aurora Veil,오로라베일
Vanilluxe,배바닐라,Avalanche,눈사태
Vanilluxe,배바닐라,Beat Up,집단구타
Vanilluxe,배바닐라,Blizzard,눈보라
Vanilluxe,배바닐라,Chilling Water,찬물끼얹기
Vanilluxe,배바닐라,Endure,버티기
Vanilluxe,배바닐라,Explosion,대폭발
Vanilluxe,배바닐라,Facade,객기
Vanilluxe,배바닐라,Flash Cannon,러스터캐논
Vanilluxe,배바닐라,Freeze-Dry,프리즈드라이
Vanilluxe,배바닐라,Frost Breath,얼음숨결
Vanilluxe,배바닐라,Giga Impact,기가임팩트
Vanilluxe,배바닐라,Hyper Beam,파괴광선
Vanilluxe,배바닐라,Hyper Voice,하이퍼보이스
Vanilluxe,배바닐라,Ice Beam,냉동빔
Vanilluxe,배바닐라,Ice Shard,얼음뭉치
Vanilluxe,배바닐라,Ice Spinner,아이스스피너
Vanilluxe,배바닐라,Icicle Crash,고드름떨구기
Vanilluxe,배바닐라,Icicle Spear,고드름침
Vanilluxe,배바닐라,Icy Wind,얼다바람
Vanilluxe,배바닐라,Imprison,봉인
Vanilluxe,배바닐라,Iron Defense,철벽
Vanilluxe,배바닐라,Light Screen,빛의장막
Vanilluxe,배바닐라,Magnet Rise,전자부유
Vanilluxe,배바닐라,Mirror Coat,미러코트
Vanilluxe,배바닐라,Protect,방어
Vanilluxe,배바닐라,Rain Dance,비바라기
Vanilluxe,배바닐라,Rest,잠자기
Vanilluxe,배바닐라,Round,돌림노래
Vanilluxe,배바닐라,Self-Destruct,자폭
Vanilluxe,배바닐라,Sheer Cold,절대영도
Vanilluxe,배바닐라,Sleep Talk,잠꼬대
Vanilluxe,배바닐라,Snore,코골기
Vanilluxe,배바닐라,Snowscape,설경
Vanilluxe,배바닐라,Substitute,대타출동
Vanilluxe,배바닐라,Taunt,도발
Vanilluxe,배바닐라,Uproar,소란피기
Vanilluxe,배바닐라,Weather Ball,웨더볼
Emolga,에몽가,Acrobatics,애크러뱃
Emolga,에몽가,Agility,고속이동
Emolga,에몽가,Air Slash,에어슬래시
Emolga,에몽가,Attract,헤롱헤롱
Emolga,에몽가,Baton Pass,바톤터치
Emolga,에몽가,Charge,충전
Emolga,에몽가,Charge Beam,차지빔
Emolga,에몽가,Charm,애교부리기
Emolga,에몽가,Covet,탐내다
Emolga,에몽가,Defog,안개제거
Emolga,에몽가,Discharge,방전
Emolga,에몽가,Double Team,그림자분신
Emolga,에몽가,Dual Wingbeat,더블윙
Emolga,에몽가,Eerie Impulse,괴전파
Emolga,에몽가,Electro Ball,일렉트릭볼
Emolga,에몽가,Electroweb,일렉트릭네트
Emolga,에몽가,Encore,앵콜
Emolga,에몽가,Endure,버티기
Emolga,에몽가,Energy Ball,에너지볼
Emolga,에몽가,Facade,객기
Emolga,에몽가,Fling,내던지기
Emolga,에몽가,Helping Hand,도우미
Emolga,에몽가,Iron Tail,아이언테일
Emolga,에몽가,Light Screen,빛의장막
Emolga,에몽가,Nuzzle,볼부비부비
Emolga,에몽가,Pounce,달려들기
Emolga,에몽가,Protect,방어
Emolga,에몽가,Quick Attack,전광석화
Emolga,에몽가,Rain Dance,비바라기
Emolga,에몽가,Rest,잠자기
Emolga,에몽가,Rising Voltage,라이징볼트
Emolga,에몽가,Roost,날개쉬기
Emolga,에몽가,Round,돌림노래
Emolga,에몽가,Sleep Talk,잠꼬대
Emolga,에몽가,Snore,코골기
Emolga,에몽가,Solar Beam,솔라빔
Emolga,에몽가,Speed Swap,스피드스웹
Emolga,에몽가,Substitute,대타출동
Emolga,에몽가,Taunt,도발
Emolga,에몽가,Thunder,번개
Emolga,에몽가,Thunder Wave,전기자석파
Emolga,에몽가,Thunderbolt,10만볼트
Emolga,에몽가,Tickle,간지르기
Emolga,에몽가,U-turn,유턴
Emolga,에몽가,Volt Switch,볼트체인지
Emolga,에몽가,Wild Charge,와일드볼트
Eelektross,저리더프,Acid Spray,애시드봄
Eelektross,저리더프,Acrobatics,애크러뱃
Eelektross,저리더프,Body Press,바디프레스
Eelektross,저리더프,Body Slam,누르기
Eelektross,저리더프,Bounce,뛰어오르다
Eelektross,저리더프,Brick Break,깨트리다
Eelektross,저리더프,Bulk Up,벌크업
Eelektross,저리더프,Bulldoze,땅고르기
Eelektross,저리더프,Charge,충전
Eelektross,저리더프,Charge Beam,차지빔
Eelektross,저리더프,Close Combat,인파이트
Eelektross,저리더프,Coil,똬리틀기
Eelektross,저리더프,Confuse Ray,이상한빛
Eelektross,저리더프,Crunch,깨물어부수기
Eelektross,저리더프,Crush Claw,브레이크크루
Eelektross,저리더프,Discharge,방전
Eelektross,저리더프,Dragon Claw,드래곤크루
Eelektross,저리더프,Dragon Pulse,용의파동
Eelektross,저리더프,Dragon Tail,드래곤테일
Eelektross,저리더프,Drain Punch,드레인펀치
Eelektross,저리더프,Eerie Impulse,괴전파
Eelektross,저리더프,Electric Terrain,일렉트릭필드
Eelektross,저리더프,Electro Ball,일렉트릭볼
Eelektross,저리더프,Electroweb,일렉트릭네트
Eelektross,저리더프,Endure,버티기
Eelektross,저리더프,Facade,객기
Eelektross,저리더프,Fire Punch,불꽃펀치
Eelektross,저리더프,Flamethrower,화염방사
Eelektross,저리더프,Flash Cannon,러스터캐논
Eelektross,저리더프,Focus Punch,힘껏펀치
Eelektross,저리더프,Gastro Acid,위액
Eelektross,저리더프,Giga Drain,기가드레인
Eelektross,저리더프,Giga Impact,기가임팩트
Eelektross,저리더프,Grass Knot,풀묶기
Eelektross,저리더프,Heavy Slam,헤비봄버
Eelektross,저리더프,Hex,병상첨병
Eelektross,저리더프,Hyper Beam,파괴광선
Eelektross,저리더프,Iron Tail,아이언테일
Eelektross,저리더프,Knock Off,탁쳐서떨구기
Eelektross,저리더프,Light Screen,빛의장막
Eelektross,저리더프,Liquidation,아쿠아브레이크
Eelektross,저리더프,Lunge,덤벼들기
Eelektross,저리더프,Muddy Water,탁류
Eelektross,저리더프,Outrage,역린
Eelektross,저리더프,Poison Fang,독엄니
Eelektross,저리더프,Protect,방어
Eelektross,저리더프,Psychic Fangs,사이코팽
Eelektross,저리더프,Rain Dance,비바라기
Eelektross,저리더프,Rest,잠자기
Eelektross,저리더프,Rising Voltage,라이징볼트
Eelektross,저리더프,Rock Slide,스톤샤워
Eelektross,저리더프,Rock Tomb,암석봉인
Eelektross,저리더프,Round,돌림노래
Eelektross,저리더프,Scary Face,겁나는얼굴
Eelektross,저리더프,Sleep Talk,잠꼬대
Eelektross,저리더프,Snore,코골기
Eelektross,저리더프,Stomping Tantrum,분함의발구르기
Eelektross,저리더프,Substitute,대타출동
Eelektross,저리더프,Sunny Day,쾌청
Eelektross,저리더프,Super Fang,분노의앞니
Eelektross,저리더프,Supercell Slam,썬더다이브
Eelektross,저리더프,Superpower,엄청난힘
Eelektross,저리더프,Thrash,난동부리기
Eelektross,저리더프,Throat Chop,지옥찌르기
Eelektross,저리더프,Thunder,번개
Eelektross,저리더프,Thunder Fang,번개엄니
Eelektross,저리더프,Thunder Punch,번개펀치
Eelektross,저리더프,Thunder Wave,전기자석파
Eelektross,저리더프,Thunderbolt,10만볼트
Eelektross,저리더프,U-turn,유턴
Eelektross,저리더프,Volt Switch,볼트체인지
Eelektross,저리더프,Waterfall,폭포오르기
Eelektross,저리더프,Wild Charge,와일드볼트
Eelektross,저리더프,Zap Cannon,전자포
Eelektross,저리더프,Zen Headbutt,사념의박치기
Chandelure,샹델라,Acid Armor,녹기
Chandelure,샹델라,Burning Jealousy,질투의불꽃
Chandelure,샹델라,Calm Mind,명상
Chandelure,샹델라,Clear Smog,클리어스모그
Chandelure,샹델라,Confuse Ray,이상한빛
Chandelure,샹델라,Curse,저주
Chandelure,샹델라,Dark Pulse,악의파동
Chandelure,샹델라,Double Team,그림자분신
Chandelure,샹델라,Endure,버티기
Chandelure,샹델라,Energy Ball,에너지볼
Chandelure,샹델라,Facade,객기
Chandelure,샹델라,Fire Blast,불대문자
Chandelure,샹델라,Fire Spin,회오리불꽃
Chandelure,샹델라,Flame Charge,니트로차지
Chandelure,샹델라,Flamethrower,화염방사
Chandelure,샹델라,Flare Blitz,플레어드라이브
Chandelure,샹델라,Giga Impact,기가임팩트
Chandelure,샹델라,Haze,흑안개
Chandelure,샹델라,Heat Wave,열풍
Chandelure,샹델라,Hex,병상첨병
Chandelure,샹델라,Hyper Beam,파괴광선
Chandelure,샹델라,Imprison,봉인
Chandelure,샹델라,Inferno,연옥
Chandelure,샹델라,Lash Out,분풀이
Chandelure,샹델라,Memento,추억의선물
Chandelure,샹델라,Minimize,작아지기
Chandelure,샹델라,Mystical Fire,매지컬플레임
Chandelure,샹델라,Night Shade,나이트헤드
Chandelure,샹델라,Overheat,오버히트
Chandelure,샹델라,Pain Split,아픔나누기
Chandelure,샹델라,Payback,보복
Chandelure,샹델라,Poltergeist,폴터가이스트
Chandelure,샹델라,Power Split,파워셰어
Chandelure,샹델라,Protect,방어
Chandelure,샹델라,Psych Up,자기암시
Chandelure,샹델라,Psychic,사이코키네시스
Chandelure,샹델라,Rest,잠자기
Chandelure,샹델라,Round,돌림노래
Chandelure,샹델라,Safeguard,신비의부적
Chandelure,샹델라,Shadow Ball,섀도볼
Chandelure,샹델라,Skitter Smack,엄습하는일격
Chandelure,샹델라,Sleep Talk,잠꼬대
Chandelure,샹델라,Snore,코골기
Chandelure,샹델라,Solar Beam,솔라빔
Chandelure,샹델라,Spite,원한
Chandelure,샹델라,Substitute,대타출동
Chandelure,샹델라,Sunny Day,쾌청
Chandelure,샹델라,Taunt,도발
Chandelure,샹델라,Temper Flare,열불내기
Chandelure,샹델라,Thief,도둑질
Chandelure,샹델라,Trailblaze,개척하기
Chandelure,샹델라,Trick,트릭
Chandelure,샹델라,Trick Room,트릭룸
Chandelure,샹델라,Will-O-Wisp,도깨비불
Beartic,툰베어,Aerial Ace,제비반환
Beartic,툰베어,Aqua Jet,아쿠아제트
Beartic,툰베어,Assurance,승부굳히기
Beartic,툰베어,Avalanche,눈사태
Beartic,툰베어,Blizzard,눈보라
Beartic,툰베어,Body Press,바디프레스
Beartic,툰베어,Body Slam,누르기
Beartic,툰베어,Brick Break,깨트리다
Beartic,툰베어,Bulk Up,벌크업
Beartic,툰베어,Bulldoze,땅고르기
Beartic,툰베어,Charm,애교부리기
Beartic,툰베어,Chilling Water,찬물끼얹기
Beartic,툰베어,Close Combat,인파이트
Beartic,툰베어,Crunch,깨물어부수기
Beartic,툰베어,Curse,저주
Beartic,툰베어,Dig,구멍파기
Beartic,툰베어,Dive,다이빙
Beartic,툰베어,Double-Edge,이판사판태클
Beartic,툰베어,Earthquake,지진
Beartic,툰베어,Encore,앵콜
Beartic,툰베어,Endeavor,죽기살기
Beartic,툰베어,Endure,버티기
Beartic,툰베어,Facade,객기
Beartic,툰베어,Flail,바둥바둥
Beartic,툰베어,Fling,내던지기
Beartic,툰베어,Focus Blast,기합구슬
Beartic,툰베어,Focus Punch,힘껏펀치
Beartic,툰베어,Frost Breath,얼음숨결
Beartic,툰베어,Giga Impact,기가임팩트
Beartic,툰베어,Grass Knot,풀묶기
Beartic,툰베어,Hard Press,하드프레스
Beartic,툰베어,Heavy Slam,헤비봄버
Beartic,툰베어,Hyper Beam,파괴광선
Beartic,툰베어,Ice Beam,냉동빔
Beartic,툰베어,Ice Fang,얼음엄니
Beartic,툰베어,Ice Punch,냉동펀치
Beartic,툰베어,Icicle Crash,고드름떨구기
Beartic,툰베어,Icicle Spear,고드름침
Beartic,툰베어,Icy Wind,얼다바람
Beartic,툰베어,Liquidation,아쿠아브레이크
Beartic,툰베어,Low Kick,안다리걸기
Beartic,툰베어,Mega Kick,메가톤킥
Beartic,툰베어,Mud Shot,머드숏
Beartic,툰베어,Mud-Slap,진흙뿌리기
Beartic,툰베어,Night Slash,깜짝베기
Beartic,툰베어,Play Rough,치근거리기
Beartic,툰베어,Protect,방어
Beartic,툰베어,Rain Dance,비바라기
Beartic,툰베어,Rest,잠자기
Beartic,툰베어,Reversal,기사회생
Beartic,툰베어,Roar,울부짖기
Beartic,툰베어,Rock Slide,스톤샤워
Beartic,툰베어,Rock Tomb,암석봉인
Beartic,툰베어,Round,돌림노래
Beartic,툰베어,Scary Face,겁나는얼굴
Beartic,툰베어,Shadow Claw,섀도크루
Beartic,툰베어,Sheer Cold,절대영도
Beartic,툰베어,Slash,베어가르기
Beartic,툰베어,Sleep Talk,잠꼬대
Beartic,툰베어,Snarl,바크아웃
Beartic,툰베어,Snore,코골기
Beartic,툰베어,Snowscape,설경
Beartic,툰베어,Stone Edge,스톤에지
Beartic,툰베어,Substitute,대타출동
Beartic,툰베어,Superpower,엄청난힘
Beartic,툰베어,Surf,파도타기
Beartic,툰베어,Swagger,뽐내기
Beartic,툰베어,Swords Dance,칼춤
Beartic,툰베어,Taunt,도발
Beartic,툰베어,Thief,도둑질
Beartic,툰베어,Thrash,난동부리기
Beartic,툰베어,Throat Chop,지옥찌르기
Beartic,툰베어,Trailblaze,개척하기
Beartic,툰베어,Water Pulse,물의파동
Beartic,툰베어,X-Scissor,시저크로스
Beartic,툰베어,Yawn,하품
Stunfisk,메더,Attract,헤롱헤롱
Stunfisk,메더,Bounce,뛰어오르다
Stunfisk,메더,Bulldoze,땅고르기
Stunfisk,메더,Charge,충전
Stunfisk,메더,Curse,저주
Stunfisk,메더,Dig,구멍파기
Stunfisk,메더,Discharge,방전
Stunfisk,메더,Earth Power,대지의힘
Stunfisk,메더,Earthquake,지진
Stunfisk,메더,Eerie Impulse,괴전파
Stunfisk,메더,Electric Terrain,일렉트릭필드
Stunfisk,메더,Electroweb,일렉트릭네트
Stunfisk,메더,Endure,버티기
Stunfisk,메더,Facade,객기
Stunfisk,메더,Fissure,땅가르기
Stunfisk,메더,Flail,바둥바둥
Stunfisk,메더,Foul Play,속임수
Stunfisk,메더,Lash Out,분풀이
Stunfisk,메더,Mud Shot,머드숏
Stunfisk,메더,Mud-Slap,진흙뿌리기
Stunfisk,메더,Muddy Water,탁류
Stunfisk,메더,Pain Split,아픔나누기
Stunfisk,메더,Payback,보복
Stunfisk,메더,Protect,방어
Stunfisk,메더,Rain Dance,비바라기
Stunfisk,메더,Reflect Type,미러타입
Stunfisk,메더,Rest,잠자기
Stunfisk,메더,Rock Slide,스톤샤워
Stunfisk,메더,Rock Tomb,암석봉인
Stunfisk,메더,Round,돌림노래
Stunfisk,메더,Sandstorm,모래바람
Stunfisk,메더,Scald,열탕
Stunfisk,메더,Sleep Talk,잠꼬대
Stunfisk,메더,Sludge Bomb,오물폭탄
Stunfisk,메더,Sludge Wave,오물웨이브
Stunfisk,메더,Snore,코골기
Stunfisk,메더,Spite,원한
Stunfisk,메더,Stealth Rock,스텔스록
Stunfisk,메더,Stomping Tantrum,분함의발구르기
Stunfisk,메더,Stone Edge,스톤에지
Stunfisk,메더,Substitute,대타출동
Stunfisk,메더,Sucker Punch,기습
Stunfisk,메더,Surf,파도타기
Stunfisk,메더,Thunder,번개
Stunfisk,메더,Thunder Wave,전기자석파
Stunfisk,메더,Thunderbolt,10만볼트
Stunfisk,메더,Uproar,소란피기
Stunfisk,메더,Yawn,하품
Stunfisk-Galar,가라르 메더,Attract,헤롱헤롱
Stunfisk-Galar,가라르 메더,Bind,조이기
Stunfisk-Galar,가라르 메더,Bounce,뛰어오르다
Stunfisk-Galar,가라르 메더,Bulldoze,땅고르기
Stunfisk-Galar,가라르 메더,Counter,카운터
Stunfisk-Galar,가라르 메더,Crunch,깨물어부수기
Stunfisk-Galar,가라르 메더,Curse,저주
Stunfisk-Galar,가라르 메더,Dig,구멍파기
Stunfisk-Galar,가라르 메더,Earth Power,대지의힘
Stunfisk-Galar,가라르 메더,Earthquake,지진
Stunfisk-Galar,가라르 메더,Endure,버티기
Stunfisk-Galar,가라르 메더,Facade,객기
Stunfisk-Galar,가라르 메더,Fissure,땅가르기
Stunfisk-Galar,가라르 메더,Flail,바둥바둥
Stunfisk-Galar,가라르 메더,Flash Cannon,러스터캐논
Stunfisk-Galar,가라르 메더,Foul Play,속임수
Stunfisk-Galar,가라르 메더,Ice Fang,얼음엄니
Stunfisk-Galar,가라르 메더,Iron Defense,철벽
Stunfisk-Galar,가라르 메더,Lash Out,분풀이
Stunfisk-Galar,가라르 메더,Metal Sound,금속음
Stunfisk-Galar,가라르 메더,Mud Shot,머드숏
Stunfisk-Galar,가라르 메더,Mud-Slap,진흙뿌리기
Stunfisk-Galar,가라르 메더,Muddy Water,탁류
Stunfisk-Galar,가라르 메더,Pain Split,아픔나누기
Stunfisk-Galar,가라르 메더,Payback,보복
Stunfisk-Galar,가라르 메더,Protect,방어
Stunfisk-Galar,가라르 메더,Rain Dance,비바라기
Stunfisk-Galar,가라르 메더,Reflect Type,미러타입
Stunfisk-Galar,가라르 메더,Rest,잠자기
Stunfisk-Galar,가라르 메더,Rock Slide,스톤샤워
Stunfisk-Galar,가라르 메더,Rock Tomb,암석봉인
Stunfisk-Galar,가라르 메더,Round,돌림노래
Stunfisk-Galar,가라르 메더,Sandstorm,모래바람
Stunfisk-Galar,가라르 메더,Scald,열탕
Stunfisk-Galar,가라르 메더,Screech,싫은소리
Stunfisk-Galar,가라르 메더,Sleep Talk,잠꼬대
Stunfisk-Galar,가라르 메더,Sludge Bomb,오물폭탄
Stunfisk-Galar,가라르 메더,Sludge Wave,오물웨이브
Stunfisk-Galar,가라르 메더,Snap Trap,집게덫
Stunfisk-Galar,가라르 메더,Snore,코골기
Stunfisk-Galar,가라르 메더,Spite,원한
Stunfisk-Galar,가라르 메더,Stealth Rock,스텔스록
Stunfisk-Galar,가라르 메더,Steel Beam,철제광선
Stunfisk-Galar,가라르 메더,Stomping Tantrum,분함의발구르기
Stunfisk-Galar,가라르 메더,Stone Edge,스톤에지
Stunfisk-Galar,가라르 메더,Substitute,대타출동
Stunfisk-Galar,가라르 메더,Sucker Punch,기습
Stunfisk-Galar,가라르 메더,Surf,파도타기
Stunfisk-Galar,가라르 메더,Terrain Pulse,대지의파동
Stunfisk-Galar,가라르 메더,Thunder Wave,전기자석파
Stunfisk-Galar,가라르 메더,Uproar,소란피기
Stunfisk-Galar,가라르 메더,Yawn,하품
Golurk,골루그,Body Press,바디프레스
Golurk,골루그,Body Slam,누르기
Golurk,골루그,Brick Break,깨트리다
Golurk,골루그,Bulldoze,땅고르기
Golurk,골루그,Charge Beam,차지빔
Golurk,골루그,Close Combat,인파이트
Golurk,골루그,Confuse Ray,이상한빛
Golurk,골루그,Curse,저주
Golurk,골루그,Dig,구멍파기
Golurk,골루그,Double-Edge,이판사판태클
Golurk,골루그,Drain Punch,드레인펀치
Golurk,골루그,Dynamic Punch,폭발펀치
Golurk,골루그,Earth Power,대지의힘
Golurk,골루그,Earthquake,지진
Golurk,골루그,Endure,버티기
Golurk,골루그,Facade,객기
Golurk,골루그,Fire Punch,불꽃펀치
Golurk,골루그,Flash Cannon,러스터캐논
Golurk,골루그,Fling,내던지기
Golurk,골루그,Fly,공중날기
Golurk,골루그,Focus Blast,기합구슬
Golurk,골루그,Focus Punch,힘껏펀치
Golurk,골루그,Giga Impact,기가임팩트
Golurk,골루그,Grass Knot,풀묶기
Golurk,골루그,Gravity,중력
Golurk,골루그,Gyro Ball,자이로볼
Golurk,골루그,Hammer Arm,암해머
Golurk,골루그,Hard Press,하드프레스
Golurk,골루그,Headlong Rush,들이받기
Golurk,골루그,Heat Crash,히트스탬프
Golurk,골루그,Heavy Slam,헤비봄버
Golurk,골루그,Helping Hand,도우미
Golurk,골루그,Hex,병상첨병
Golurk,골루그,High Horsepower,10만마력
Golurk,골루그,Hyper Beam,파괴광선
Golurk,골루그,Ice Beam,냉동빔
Golurk,골루그,Ice Punch,냉동펀치
Golurk,골루그,Icy Wind,얼다바람
Golurk,골루그,Imprison,봉인
Golurk,골루그,Iron Defense,철벽
Golurk,골루그,Iron Head,아이언헤드
Golurk,골루그,Knock Off,탁쳐서떨구기
Golurk,골루그,Low Kick,안다리걸기
Golurk,골루그,Low Sweep,로킥
Golurk,골루그,Mega Kick,메가톤킥
Golurk,골루그,Mud-Slap,진흙뿌리기
Golurk,골루그,Night Shade,나이트헤드
Golurk,골루그,Phantom Force,고스트다이브
Golurk,골루그,Poltergeist,폴터가이스트
Golurk,골루그,Protect,방어
Golurk,골루그,Psych Up,자기암시
Golurk,골루그,Psychic,사이코키네시스
Golurk,골루그,Rain Dance,비바라기
Golurk,골루그,Reflect,리플렉터
Golurk,골루그,Rest,잠자기
Golurk,골루그,Rock Slide,스톤샤워
Golurk,골루그,Rock Tomb,암석봉인
Golurk,골루그,Round,돌림노래
Golurk,골루그,Sandstorm,모래바람
Golurk,골루그,Scorching Sands,열사의대지
Golurk,골루그,Self-Destruct,자폭
Golurk,골루그,Shadow Ball,섀도볼
Golurk,골루그,Shadow Punch,섀도펀치
Golurk,골루그,Sleep Talk,잠꼬대
Golurk,골루그,Smack Down,떨어뜨리기
Golurk,골루그,Snore,코골기
Golurk,골루그,Solar Beam,솔라빔
Golurk,골루그,Stealth Rock,스텔스록
Golurk,골루그,Stomping Tantrum,분함의발구르기
Golurk,골루그,Stone Edge,스톤에지
Golurk,골루그,Substitute,대타출동
Golurk,골루그,Sunny Day,쾌청
Golurk,골루그,Superpower,엄청난힘
Golurk,골루그,Thief,도둑질
Golurk,골루그,Thunder Punch,번개펀치
Golurk,골루그,Thunderbolt,10만볼트
Golurk,골루그,Trick,트릭
Golurk,골루그,Zen Headbutt,사념의박치기
Hydreigon,삼삼드래,Acrobatics,애크러뱃
Hydreigon,삼삼드래,Assurance,승부굳히기
Hydreigon,삼삼드래,Beat Up,집단구타
Hydreigon,삼삼드래,Belch,트림
Hydreigon,삼삼드래,Bite,물기
Hydreigon,삼삼드래,Body Slam,누르기
Hydreigon,삼삼드래,Breaking Swipe,와이드브레이커
Hydreigon,삼삼드래,Brutal Swing,세차게휘두르기
Hydreigon,삼삼드래,Bulldoze,땅고르기
Hydreigon,삼삼드래,Crunch,깨물어부수기
Hydreigon,삼삼드래,Dark Pulse,악의파동
Hydreigon,삼삼드래,Double Hit,더블어택
Hydreigon,삼삼드래,Draco Meteor,용성군
Hydreigon,삼삼드래,Dragon Cheer,드래곤옐
Hydreigon,삼삼드래,Dragon Dance,용의춤
Hydreigon,삼삼드래,Dragon Pulse,용의파동
Hydreigon,삼삼드래,Dragon Rush,드래곤다이브
Hydreigon,삼삼드래,Dragon Tail,드래곤테일
Hydreigon,삼삼드래,Dual Wingbeat,더블윙
Hydreigon,삼삼드래,Earth Power,대지의힘
Hydreigon,삼삼드래,Earthquake,지진
Hydreigon,삼삼드래,Endure,버티기
Hydreigon,삼삼드래,Facade,객기
Hydreigon,삼삼드래,Fire Blast,불대문자
Hydreigon,삼삼드래,Fire Fang,불꽃엄니
Hydreigon,삼삼드래,Fire Spin,회오리불꽃
Hydreigon,삼삼드래,Flamethrower,화염방사
Hydreigon,삼삼드래,Flash Cannon,러스터캐논
Hydreigon,삼삼드래,Fly,공중날기
Hydreigon,삼삼드래,Focus Blast,기합구슬
Hydreigon,삼삼드래,Focus Energy,기충전
Hydreigon,삼삼드래,Giga Impact,기가임팩트
Hydreigon,삼삼드래,Head Smash,양날박치기
Hydreigon,삼삼드래,Heat Wave,열풍
Hydreigon,삼삼드래,Helping Hand,도우미
Hydreigon,삼삼드래,Hydro Pump,하이드로펌프
Hydreigon,삼삼드래,Hyper Beam,파괴광선
Hydreigon,삼삼드래,Hyper Voice,하이퍼보이스
Hydreigon,삼삼드래,Ice Fang,얼음엄니
Hydreigon,삼삼드래,Iron Tail,아이언테일
Hydreigon,삼삼드래,Lash Out,분풀이
Hydreigon,삼삼드래,Nasty Plot,나쁜음모
Hydreigon,삼삼드래,Outrage,역린
Hydreigon,삼삼드래,Payback,보복
Hydreigon,삼삼드래,Protect,방어
Hydreigon,삼삼드래,Psych Up,자기암시
Hydreigon,삼삼드래,Rain Dance,비바라기
Hydreigon,삼삼드래,Reflect,리플렉터
Hydreigon,삼삼드래,Rest,잠자기
Hydreigon,삼삼드래,Roar,울부짖기
Hydreigon,삼삼드래,Rock Slide,스톤샤워
Hydreigon,삼삼드래,Rock Tomb,암석봉인
Hydreigon,삼삼드래,Round,돌림노래
Hydreigon,삼삼드래,Scale Shot,스케일샷
Hydreigon,삼삼드래,Scary Face,겁나는얼굴
Hydreigon,삼삼드래,Screech,싫은소리
Hydreigon,삼삼드래,Sleep Talk,잠꼬대
Hydreigon,삼삼드래,Snarl,바크아웃
Hydreigon,삼삼드래,Snore,코골기
Hydreigon,삼삼드래,Spite,원한
Hydreigon,삼삼드래,Stealth Rock,스텔스록
Hydreigon,삼삼드래,Steel Wing,강철날개
Hydreigon,삼삼드래,Stomping Tantrum,분함의발구르기
Hydreigon,삼삼드래,Stone Edge,스톤에지
Hydreigon,삼삼드래,Substitute,대타출동
Hydreigon,삼삼드래,Sunny Day,쾌청
Hydreigon,삼삼드래,Superpower,엄청난힘
Hydreigon,삼삼드래,Surf,파도타기
Hydreigon,삼삼드래,Tailwind,순풍
Hydreigon,삼삼드래,Taunt,도발
Hydreigon,삼삼드래,Thief,도둑질
Hydreigon,삼삼드래,Throat Chop,지옥찌르기
Hydreigon,삼삼드래,Thunder Fang,번개엄니
Hydreigon,삼삼드래,Thunder Wave,전기자석파
Hydreigon,삼삼드래,Tri Attack,트라이어택
Hydreigon,삼삼드래,U-turn,유턴
Hydreigon,삼삼드래,Uproar,소란피기
Hydreigon,삼삼드래,Zen Headbutt,사념의박치기
Volcarona,불카모스,Acrobatics,애크러뱃
Volcarona,불카모스,Air Cutter,에어컷터
Volcarona,불카모스,Air Slash,에어슬래시
Volcarona,불카모스,Amnesia,망각술
Volcarona,불카모스,Body Slam,누르기
Volcarona,불카모스,Bug Bite,벌레먹음
Volcarona,불카모스,Bug Buzz,벌레의야단법석
Volcarona,불카모스,Calm Mind,명상
Volcarona,불카모스,Double-Edge,이판사판태클
Volcarona,불카모스,Dual Wingbeat,더블윙
Volcarona,불카모스,Endure,버티기
Volcarona,불카모스,Facade,객기
Volcarona,불카모스,Fiery Dance,불꽃춤
Volcarona,불카모스,Fire Blast,불대문자
Volcarona,불카모스,Fire Spin,회오리불꽃
Volcarona,불카모스,Flame Charge,니트로차지
Volcarona,불카모스,Flamethrower,화염방사
Volcarona,불카모스,Flare Blitz,플레어드라이브
Volcarona,불카모스,Fly,공중날기
Volcarona,불카모스,Giga Drain,기가드레인
Volcarona,불카모스,Giga Impact,기가임팩트
Volcarona,불카모스,Heat Wave,열풍
Volcarona,불카모스,Hurricane,폭풍
Volcarona,불카모스,Hyper Beam,파괴광선
Volcarona,불카모스,Leech Life,흡혈
Volcarona,불카모스,Light Screen,빛의장막
Volcarona,불카모스,Lunge,덤벼들기
Volcarona,불카모스,Morning Sun,아침햇살
Volcarona,불카모스,Mystical Fire,매지컬플레임
Volcarona,불카모스,Overheat,오버히트
Volcarona,불카모스,Poison Jab,독찌르기
Volcarona,불카모스,Pounce,달려들기
Volcarona,불카모스,Protect,방어
Volcarona,불카모스,Psychic,사이코키네시스
Volcarona,불카모스,Quiver Dance,나비춤
Volcarona,불카모스,Rage Powder,분노가루
Volcarona,불카모스,Rain Dance,비바라기
Volcarona,불카모스,Rest,잠자기
Volcarona,불카모스,Round,돌림노래
Volcarona,불카모스,Safeguard,신비의부적
Volcarona,불카모스,Screech,싫은소리
Volcarona,불카모스,Skitter Smack,엄습하는일격
Volcarona,불카모스,Sleep Talk,잠꼬대
Volcarona,불카모스,Snore,코골기
Volcarona,불카모스,Solar Beam,솔라빔
Volcarona,불카모스,String Shot,실뿜기
Volcarona,불카모스,Struggle Bug,벌레의저항
Volcarona,불카모스,Substitute,대타출동
Volcarona,불카모스,Sunny Day,쾌청
Volcarona,불카모스,Tailwind,순풍
Volcarona,불카모스,Thrash,난동부리기
Volcarona,불카모스,Trailblaze,개척하기
Volcarona,불카모스,U-turn,유턴
Volcarona,불카모스,Whirlwind,날려버리기
Volcarona,불카모스,Wild Charge,와일드볼트
Volcarona,불카모스,Will-O-Wisp,도깨비불
Volcarona,불카모스,Zen Headbutt,사념의박치기
Chesnaught,브리가론,Aerial Ace,제비반환
Chesnaught,브리가론,Belly Drum,배북
Chesnaught,브리가론,Bite,물기
Chesnaught,브리가론,Body Press,바디프레스
Chesnaught,브리가론,Body Slam,누르기
Chesnaught,브리가론,Brick Break,깨트리다
Chesnaught,브리가론,Bulk Up,벌크업
Chesnaught,브리가론,Bulldoze,땅고르기
Chesnaught,브리가론,Bullet Seed,기관총
Chesnaught,브리가론,Close Combat,인파이트
Chesnaught,브리가론,Coaching,코칭
Chesnaught,브리가론,Crunch,깨물어부수기
Chesnaught,브리가론,Curse,저주
Chesnaught,브리가론,Dig,구멍파기
Chesnaught,브리가론,Double-Edge,이판사판태클
Chesnaught,브리가론,Dragon Claw,드래곤크루
Chesnaught,브리가론,Drain Punch,드레인펀치
Chesnaught,브리가론,Earthquake,지진
Chesnaught,브리가론,Endeavor,죽기살기
Chesnaught,브리가론,Endure,버티기
Chesnaught,브리가론,Energy Ball,에너지볼
Chesnaught,브리가론,Facade,객기
Chesnaught,브리가론,Feint,페인트
Chesnaught,브리가론,Fling,내던지기
Chesnaught,브리가론,Focus Blast,기합구슬
Chesnaught,브리가론,Focus Punch,힘껏펀치
Chesnaught,브리가론,Frenzy Plant,하드플랜트
Chesnaught,브리가론,Giga Drain,기가드레인
Chesnaught,브리가론,Giga Impact,기가임팩트
Chesnaught,브리가론,Grass Knot,풀묶기
Chesnaught,브리가론,Grassy Glide,그래스슬라이더
Chesnaught,브리가론,Grassy Terrain,그래스필드
Chesnaught,브리가론,Growth,성장
Chesnaught,브리가론,Gyro Ball,자이로볼
Chesnaught,브리가론,Hammer Arm,암해머
Chesnaught,브리가론,Helping Hand,도우미
Chesnaught,브리가론,High Horsepower,10만마력
Chesnaught,브리가론,Hyper Beam,파괴광선
Chesnaught,브리가론,Iron Defense,철벽
Chesnaught,브리가론,Iron Head,아이언헤드
Chesnaught,브리가론,Iron Tail,아이언테일
Chesnaught,브리가론,Knock Off,탁쳐서떨구기
Chesnaught,브리가론,Leaf Storm,리프스톰
Chesnaught,브리가론,Leech Seed,씨뿌리기
Chesnaught,브리가론,Low Kick,안다리걸기
Chesnaught,브리가론,Low Sweep,로킥
Chesnaught,브리가론,Mud Shot,머드숏
Chesnaught,브리가론,Mud-Slap,진흙뿌리기
Chesnaught,브리가론,Pain Split,아픔나누기
Chesnaught,브리가론,Payback,보복
Chesnaught,브리가론,Pin Missile,바늘미사일
Chesnaught,브리가론,Poison Jab,독찌르기
Chesnaught,브리가론,Protect,방어
Chesnaught,브리가론,Quick Guard,퍼스트가드
Chesnaught,브리가론,Rain Dance,비바라기
Chesnaught,브리가론,Reflect,리플렉터
Chesnaught,브리가론,Rest,잠자기
Chesnaught,브리가론,Reversal,기사회생
Chesnaught,브리가론,Roar,울부짖기
Chesnaught,브리가론,Rock Slide,스톤샤워
Chesnaught,브리가론,Rock Tomb,암석봉인
Chesnaught,브리가론,Round,돌림노래
Chesnaught,브리가론,Scary Face,겁나는얼굴
Chesnaught,브리가론,Seed Bomb,씨폭탄
Chesnaught,브리가론,Shadow Claw,섀도크루
Chesnaught,브리가론,Sleep Talk,잠꼬대
Chesnaught,브리가론,Sludge Bomb,오물폭탄
Chesnaught,브리가론,Smack Down,떨어뜨리기
Chesnaught,브리가론,Snore,코골기
Chesnaught,브리가론,Solar Beam,솔라빔
Chesnaught,브리가론,Spikes,압정뿌리기
Chesnaught,브리가론,Spiky Shield,니들가드
Chesnaught,브리가론,Steel Roller,아이언롤러
Chesnaught,브리가론,Stomping Tantrum,분함의발구르기
Chesnaught,브리가론,Stone Edge,스톤에지
Chesnaught,브리가론,Substitute,대타출동
Chesnaught,브리가론,Sunny Day,쾌청
Chesnaught,브리가론,Super Fang,분노의앞니
Chesnaught,브리가론,Superpower,엄청난힘
Chesnaught,브리가론,Swords Dance,칼춤
Chesnaught,브리가론,Synthesis,광합성
Chesnaught,브리가론,Taunt,도발
Chesnaught,브리가론,Thunder Punch,번개펀치
Chesnaught,브리가론,Trailblaze,개척하기
Chesnaught,브리가론,Wide Guard,와이드가드
Chesnaught,브리가론,Wood Hammer,우드해머
Chesnaught,브리가론,Zen Headbutt,사념의박치기
Delphox,마폭시,Agility,고속이동
Delphox,마폭시,Blast Burn,블러스트번
Delphox,마폭시,Burning Jealousy,질투의불꽃
Delphox,마폭시,Calm Mind,명상
Delphox,마폭시,Charm,애교부리기
Delphox,마폭시,Confuse Ray,이상한빛
Delphox,마폭시,Copycat,흉내쟁이
Delphox,마폭시,Dazzling Gleam,매지컬샤인
Delphox,마폭시,Double Team,그림자분신
Delphox,마폭시,Encore,앵콜
Delphox,마폭시,Endure,버티기
Delphox,마폭시,Expanding Force,와이드포스
Delphox,마폭시,Facade,객기
Delphox,마폭시,Fire Blast,불대문자
Delphox,마폭시,Fire Punch,불꽃펀치
Delphox,마폭시,Fire Spin,회오리불꽃
Delphox,마폭시,Flame Charge,니트로차지
Delphox,마폭시,Flamethrower,화염방사
Delphox,마폭시,Flare Blitz,플레어드라이브
Delphox,마폭시,Focus Blast,기합구슬
Delphox,마폭시,Foul Play,속임수
Delphox,마폭시,Future Sight,미래예지
Delphox,마폭시,Giga Impact,기가임팩트
Delphox,마폭시,Grass Knot,풀묶기
Delphox,마폭시,Heat Wave,열풍
Delphox,마폭시,Helping Hand,도우미
Delphox,마폭시,Hex,병상첨병
Delphox,마폭시,Howl,멀리짖음
Delphox,마폭시,Hyper Beam,파괴광선
Delphox,마폭시,Hyper Voice,하이퍼보이스
Delphox,마폭시,Hypnosis,최면술
Delphox,마폭시,Imprison,봉인
Delphox,마폭시,Iron Tail,아이언테일
Delphox,마폭시,Light Screen,빛의장막
Delphox,마폭시,Low Kick,안다리걸기
Delphox,마폭시,Magic Room,매직룸
Delphox,마폭시,Mud Shot,머드숏
Delphox,마폭시,Mud-Slap,진흙뿌리기
Delphox,마폭시,Mystical Fire,매지컬플레임
Delphox,마폭시,Nasty Plot,나쁜음모
Delphox,마폭시,Night Shade,나이트헤드
Delphox,마폭시,Overheat,오버히트
Delphox,마폭시,Protect,방어
Delphox,마폭시,Psych Up,자기암시
Delphox,마폭시,Psychic,사이코키네시스
Delphox,마폭시,Psychic Noise,사이코노이즈
Delphox,마폭시,Psychic Terrain,사이코필드
Delphox,마폭시,Psyshock,사이코쇼크
Delphox,마폭시,Rain Dance,비바라기
Delphox,마폭시,Reflect,리플렉터
Delphox,마폭시,Rest,잠자기
Delphox,마폭시,Role Play,역할
Delphox,마폭시,Round,돌림노래
Delphox,마폭시,Safeguard,신비의부적
Delphox,마폭시,Scorching Sands,열사의대지
Delphox,마폭시,Shadow Ball,섀도볼
Delphox,마폭시,Skill Swap,스킬스웹
Delphox,마폭시,Sleep Talk,잠꼬대
Delphox,마폭시,Snore,코골기
Delphox,마폭시,Solar Beam,솔라빔
Delphox,마폭시,Stored Power,어시스트파워
Delphox,마폭시,Substitute,대타출동
Delphox,마폭시,Sunny Day,쾌청
Delphox,마폭시,Switcheroo,바꿔치기
Delphox,마폭시,Thief,도둑질
Delphox,마폭시,Thunder Punch,번개펀치
Delphox,마폭시,Trick,트릭
Delphox,마폭시,Trick Room,트릭룸
Delphox,마폭시,Will-O-Wisp,도깨비불
Delphox,마폭시,Wish,희망사항
Delphox,마폭시,Wonder Room,원더룸
Delphox,마폭시,Zen Headbutt,사념의박치기
Greninja,개굴닌자,Acrobatics,애크러뱃
Greninja,개굴닌자,Aerial Ace,제비반환
Greninja,개굴닌자,Blizzard,눈보라
Greninja,개굴닌자,Bounce,뛰어오르다
Greninja,개굴닌자,Brick Break,깨트리다
Greninja,개굴닌자,Brutal Swing,세차게휘두르기
Greninja,개굴닌자,Chilling Water,찬물끼얹기
Greninja,개굴닌자,Counter,카운터
Greninja,개굴닌자,Dark Pulse,악의파동
Greninja,개굴닌자,Dig,구멍파기
Greninja,개굴닌자,Dive,다이빙
Greninja,개굴닌자,Double Team,그림자분신
Greninja,개굴닌자,Endure,버티기
Greninja,개굴닌자,Extrasensory,신통력
Greninja,개굴닌자,Facade,객기
Greninja,개굴닌자,Fling,내던지기
Greninja,개굴닌자,Flip Turn,퀵턴
Greninja,개굴닌자,Giga Impact,기가임팩트
Greninja,개굴닌자,Grass Knot,풀묶기
Greninja,개굴닌자,Gunk Shot,더스트슈트
Greninja,개굴닌자,Haze,흑안개
Greninja,개굴닌자,Helping Hand,도우미
Greninja,개굴닌자,Hydro Cannon,하이드로캐논
Greninja,개굴닌자,Hydro Pump,하이드로펌프
Greninja,개굴닌자,Hyper Beam,파괴광선
Greninja,개굴닌자,Ice Beam,냉동빔
Greninja,개굴닌자,Ice Punch,냉동펀치
Greninja,개굴닌자,Icy Wind,얼다바람
Greninja,개굴닌자,Liquidation,아쿠아브레이크
Greninja,개굴닌자,Low Kick,안다리걸기
Greninja,개굴닌자,Low Sweep,로킥
Greninja,개굴닌자,Mud Shot,머드숏
Greninja,개굴닌자,Mud-Slap,진흙뿌리기
Greninja,개굴닌자,Night Slash,깜짝베기
Greninja,개굴닌자,Protect,방어
Greninja,개굴닌자,Quick Attack,전광석화
Greninja,개굴닌자,Rain Dance,비바라기
Greninja,개굴닌자,Rest,잠자기
Greninja,개굴닌자,Rock Slide,스톤샤워
Greninja,개굴닌자,Rock Tomb,암석봉인
Greninja,개굴닌자,Role Play,역할
Greninja,개굴닌자,Round,돌림노래
Greninja,개굴닌자,Shadow Sneak,야습
Greninja,개굴닌자,Skitter Smack,엄습하는일격
Greninja,개굴닌자,Sleep Talk,잠꼬대
Greninja,개굴닌자,Sludge Wave,오물웨이브
Greninja,개굴닌자,Smack Down,떨어뜨리기
Greninja,개굴닌자,Snore,코골기
Greninja,개굴닌자,Snowscape,설경
Greninja,개굴닌자,Spikes,압정뿌리기
Greninja,개굴닌자,Substitute,대타출동
Greninja,개굴닌자,Surf,파도타기
Greninja,개굴닌자,Switcheroo,바꿔치기
Greninja,개굴닌자,Swords Dance,칼춤
Greninja,개굴닌자,Taunt,도발
Greninja,개굴닌자,Thief,도둑질
Greninja,개굴닌자,Toxic Spikes,독압정
Greninja,개굴닌자,Trailblaze,개척하기
Greninja,개굴닌자,U-turn,유턴
Greninja,개굴닌자,Upper Hand,기선제압
Greninja,개굴닌자,Water Pulse,물의파동
Greninja,개굴닌자,Water Shuriken,물수리검
Greninja,개굴닌자,Waterfall,폭포오르기
Greninja,개굴닌자,Weather Ball,웨더볼
Diggersby,파르토,Agility,고속이동
Diggersby,파르토,Attract,헤롱헤롱
Diggersby,파르토,Body Slam,누르기
Diggersby,파르토,Bounce,뛰어오르다
Diggersby,파르토,Brick Break,깨트리다
Diggersby,파르토,Brutal Swing,세차게휘두르기
Diggersby,파르토,Bulk Up,벌크업
Diggersby,파르토,Bulldoze,땅고르기
Diggersby,파르토,Dig,구멍파기
Diggersby,파르토,Earth Power,대지의힘
Diggersby,파르토,Earthquake,지진
Diggersby,파르토,Endure,버티기
Diggersby,파르토,Facade,객기
Diggersby,파르토,Fire Punch,불꽃펀치
Diggersby,파르토,Fissure,땅가르기
Diggersby,파르토,Flail,바둥바둥
Diggersby,파르토,Fling,내던지기
Diggersby,파르토,Foul Play,속임수
Diggersby,파르토,Giga Impact,기가임팩트
Diggersby,파르토,Grass Knot,풀묶기
Diggersby,파르토,Gunk Shot,더스트슈트
Diggersby,파르토,Hammer Arm,암해머
Diggersby,파르토,High Horsepower,10만마력
Diggersby,파르토,Hyper Beam,파괴광선
Diggersby,파르토,Ice Punch,냉동펀치
Diggersby,파르토,Iron Head,아이언헤드
Diggersby,파르토,Iron Tail,아이언테일
Diggersby,파르토,Low Kick,안다리걸기
Diggersby,파르토,Mega Kick,메가톤킥
Diggersby,파르토,Mud Shot,머드숏
Diggersby,파르토,Mud-Slap,진흙뿌리기
Diggersby,파르토,Payback,보복
Diggersby,파르토,Protect,방어
Diggersby,파르토,Quick Attack,전광석화
Diggersby,파르토,Rest,잠자기
Diggersby,파르토,Rock Slide,스톤샤워
Diggersby,파르토,Rock Tomb,암석봉인
Diggersby,파르토,Round,돌림노래
Diggersby,파르토,Sand Tomb,모래지옥
Diggersby,파르토,Sandstorm,모래바람
Diggersby,파르토,Scorching Sands,열사의대지
Diggersby,파르토,Sleep Talk,잠꼬대
Diggersby,파르토,Sludge Bomb,오물폭탄
Diggersby,파르토,Snore,코골기
Diggersby,파르토,Spikes,압정뿌리기
Diggersby,파르토,Stomping Tantrum,분함의발구르기
Diggersby,파르토,Stone Edge,스톤에지
Diggersby,파르토,Substitute,대타출동
Diggersby,파르토,Super Fang,분노의앞니
Diggersby,파르토,Superpower,엄청난힘
Diggersby,파르토,Surf,파도타기
Diggersby,파르토,Swords Dance,칼춤
Diggersby,파르토,Thief,도둑질
Diggersby,파르토,Thunder Punch,번개펀치
Diggersby,파르토,Trailblaze,개척하기
Diggersby,파르토,U-turn,유턴
Diggersby,파르토,Uproar,소란피기
Diggersby,파르토,Wild Charge,와일드볼트
Talonflame,파이어로,Acrobatics,애크러뱃
Talonflame,파이어로,Aerial Ace,제비반환
Talonflame,파이어로,Agility,고속이동
Talonflame,파이어로,Air Cutter,에어컷터
Talonflame,파이어로,Air Slash,에어슬래시
Talonflame,파이어로,Blaze Kick,브레이즈킥
Talonflame,파이어로,Brave Bird,브레이브버드
Talonflame,파이어로,Bulk Up,벌크업
Talonflame,파이어로,Defog,안개제거
Talonflame,파이어로,Double-Edge,이판사판태클
Talonflame,파이어로,Dual Wingbeat,더블윙
Talonflame,파이어로,Endure,버티기
Talonflame,파이어로,Facade,객기
Talonflame,파이어로,Feather Dance,깃털댄스
Talonflame,파이어로,Feint,페인트
Talonflame,파이어로,Fire Blast,불대문자
Talonflame,파이어로,Fire Spin,회오리불꽃
Talonflame,파이어로,Flail,바둥바둥
Talonflame,파이어로,Flame Charge,니트로차지
Talonflame,파이어로,Flamethrower,화염방사
Talonflame,파이어로,Flare Blitz,플레어드라이브
Talonflame,파이어로,Fly,공중날기
Talonflame,파이어로,Giga Impact,기가임팩트
Talonflame,파이어로,Heat Wave,열풍
Talonflame,파이어로,Hurricane,폭풍
Talonflame,파이어로,Hyper Beam,파괴광선
Talonflame,파이어로,Overheat,오버히트
Talonflame,파이어로,Protect,방어
Talonflame,파이어로,Quick Attack,전광석화
Talonflame,파이어로,Quick Guard,퍼스트가드
Talonflame,파이어로,Rain Dance,비바라기
Talonflame,파이어로,Rest,잠자기
Talonflame,파이어로,Roost,날개쉬기
Talonflame,파이어로,Round,돌림노래
Talonflame,파이어로,Sky Attack,불새
Talonflame,파이어로,Sleep Talk,잠꼬대
Talonflame,파이어로,Snore,코골기
Talonflame,파이어로,Solar Beam,솔라빔
Talonflame,파이어로,Steel Wing,강철날개
Talonflame,파이어로,Substitute,대타출동
Talonflame,파이어로,Sunny Day,쾌청
Talonflame,파이어로,Swords Dance,칼춤
Talonflame,파이어로,Tailwind,순풍
Talonflame,파이어로,Taunt,도발
Talonflame,파이어로,Temper Flare,열불내기
Talonflame,파이어로,Thief,도둑질
Talonflame,파이어로,U-turn,유턴
Talonflame,파이어로,Upper Hand,기선제압
Talonflame,파이어로,Whirlwind,날려버리기
Talonflame,파이어로,Will-O-Wisp,도깨비불
Vivillon,비비용,Acrobatics,애크러뱃
Vivillon,비비용,Air Cutter,에어컷터
Vivillon,비비용,Air Slash,에어슬래시
Vivillon,비비용,Bug Bite,벌레먹음
Vivillon,비비용,Bug Buzz,벌레의야단법석
Vivillon,비비용,Calm Mind,명상
Vivillon,비비용,Confuse Ray,이상한빛
Vivillon,비비용,Draining Kiss,드레인키스
Vivillon,비비용,Endure,버티기
Vivillon,비비용,Energy Ball,에너지볼
Vivillon,비비용,Facade,객기
Vivillon,비비용,Giga Drain,기가드레인
Vivillon,비비용,Giga Impact,기가임팩트
Vivillon,비비용,Hurricane,폭풍
Vivillon,비비용,Hyper Beam,파괴광선
Vivillon,비비용,Iron Defense,철벽
Vivillon,비비용,Light Screen,빛의장막
Vivillon,비비용,Poison Powder,독가루
Vivillon,비비용,Pollen Puff,꽃가루경단
Vivillon,비비용,Pounce,달려들기
Vivillon,비비용,Protect,방어
Vivillon,비비용,Psychic,사이코키네시스
Vivillon,비비용,Quiver Dance,나비춤
Vivillon,비비용,Rage Powder,분노가루
Vivillon,비비용,Rain Dance,비바라기
Vivillon,비비용,Rest,잠자기
Vivillon,비비용,Round,돌림노래
Vivillon,비비용,Safeguard,신비의부적
Vivillon,비비용,Skitter Smack,엄습하는일격
Vivillon,비비용,Sleep Powder,수면가루
Vivillon,비비용,Sleep Talk,잠꼬대
Vivillon,비비용,Snore,코골기
Vivillon,비비용,Solar Beam,솔라빔
Vivillon,비비용,String Shot,실뿜기
Vivillon,비비용,Struggle Bug,벌레의저항
Vivillon,비비용,Stun Spore,저리가루
Vivillon,비비용,Substitute,대타출동
Vivillon,비비용,Sunny Day,쾌청
Vivillon,비비용,Tailwind,순풍
Vivillon,비비용,Thief,도둑질
Vivillon,비비용,U-turn,유턴
Vivillon,비비용,Weather Ball,웨더볼
Vivillon,비비용,Whirlwind,날려버리기
Pyroar,화염레오,Acrobatics,애크러뱃
Pyroar,화염레오,Body Slam,누르기
Pyroar,화염레오,Bulldoze,땅고르기
Pyroar,화염레오,Burning Jealousy,질투의불꽃
Pyroar,화염레오,Crunch,깨물어부수기
Pyroar,화염레오,Dark Pulse,악의파동
Pyroar,화염레오,Dig,구멍파기
Pyroar,화염레오,Double-Edge,이판사판태클
Pyroar,화염레오,Endeavor,죽기살기
Pyroar,화염레오,Endure,버티기
Pyroar,화염레오,Entrainment,동료만들기
Pyroar,화염레오,Facade,객기
Pyroar,화염레오,Fire Blast,불대문자
Pyroar,화염레오,Fire Fang,불꽃엄니
Pyroar,화염레오,Fire Spin,회오리불꽃
Pyroar,화염레오,Flame Charge,니트로차지
Pyroar,화염레오,Flamethrower,화염방사
Pyroar,화염레오,Flare Blitz,플레어드라이브
Pyroar,화염레오,Giga Impact,기가임팩트
Pyroar,화염레오,Heat Wave,열풍
Pyroar,화염레오,Helping Hand,도우미
Pyroar,화염레오,Hyper Beam,파괴광선
Pyroar,화염레오,Hyper Voice,하이퍼보이스
Pyroar,화염레오,Iron Tail,아이언테일
Pyroar,화염레오,Mud-Slap,진흙뿌리기
Pyroar,화염레오,Noble Roar,부르짖기
Pyroar,화염레오,Overheat,오버히트
Pyroar,화염레오,Payback,보복
Pyroar,화염레오,Protect,방어
Pyroar,화염레오,Psychic Fangs,사이코팽
Pyroar,화염레오,Rain Dance,비바라기
Pyroar,화염레오,Rest,잠자기
Pyroar,화염레오,Roar,울부짖기
Pyroar,화염레오,Round,돌림노래
Pyroar,화염레오,Scorching Sands,열사의대지
Pyroar,화염레오,Sleep Talk,잠꼬대
Pyroar,화염레오,Snarl,바크아웃
Pyroar,화염레오,Snore,코골기
Pyroar,화염레오,Solar Beam,솔라빔
Pyroar,화염레오,Substitute,대타출동
Pyroar,화염레오,Sunny Day,쾌청
Pyroar,화염레오,Taunt,도발
Pyroar,화염레오,Temper Flare,열불내기
Pyroar,화염레오,Thief,도둑질
Pyroar,화염레오,Thunder Fang,번개엄니
Pyroar,화염레오,Trailblaze,개척하기
Pyroar,화염레오,Wild Charge,와일드볼트
Pyroar,화염레오,Will-O-Wisp,도깨비불
Pyroar,화염레오,Yawn,하품
Floette-Eternal,영원의 꽃 플라엣테,Alluring Voice,매혹의보이스
Floette-Eternal,영원의 꽃 플라엣테,Baton Pass,바톤터치
Floette-Eternal,영원의 꽃 플라엣테,Calm Mind,명상
Floette-Eternal,영원의 꽃 플라엣테,Charm,애교부리기
Floette-Eternal,영원의 꽃 플라엣테,Chilling Water,찬물끼얹기
Floette-Eternal,영원의 꽃 플라엣테,Copycat,흉내쟁이
Floette-Eternal,영원의 꽃 플라엣테,Dazzling Gleam,매지컬샤인
Floette-Eternal,영원의 꽃 플라엣테,Draining Kiss,드레인키스
Floette-Eternal,영원의 꽃 플라엣테,Endeavor,죽기살기
Floette-Eternal,영원의 꽃 플라엣테,Endure,버티기
Floette-Eternal,영원의 꽃 플라엣테,Energy Ball,에너지볼
Floette-Eternal,영원의 꽃 플라엣테,Facade,객기
Floette-Eternal,영원의 꽃 플라엣테,Giga Drain,기가드레인
Floette-Eternal,영원의 꽃 플라엣테,Grass Knot,풀묶기
Floette-Eternal,영원의 꽃 플라엣테,Grassy Terrain,그래스필드
Floette-Eternal,영원의 꽃 플라엣테,Helping Hand,도우미
Floette-Eternal,영원의 꽃 플라엣테,Hyper Beam,파괴광선
Floette-Eternal,영원의 꽃 플라엣테,Light Screen,빛의장막
Floette-Eternal,영원의 꽃 플라엣테,Light of Ruin,파멸의빛
Floette-Eternal,영원의 꽃 플라엣테,Misty Terrain,미스트필드
Floette-Eternal,영원의 꽃 플라엣테,Moonblast,문포스
Floette-Eternal,영원의 꽃 플라엣테,Petal Blizzard,꽃보라
Floette-Eternal,영원의 꽃 플라엣테,Petal Dance,꽃잎댄스
Floette-Eternal,영원의 꽃 플라엣테,Pollen Puff,꽃가루경단
Floette-Eternal,영원의 꽃 플라엣테,Protect,방어
Floette-Eternal,영원의 꽃 플라엣테,Psychic,사이코키네시스
Floette-Eternal,영원의 꽃 플라엣테,Rain Dance,비바라기
Floette-Eternal,영원의 꽃 플라엣테,Rest,잠자기
Floette-Eternal,영원의 꽃 플라엣테,Safeguard,신비의부적
Floette-Eternal,영원의 꽃 플라엣테,Seed Bomb,씨폭탄
Floette-Eternal,영원의 꽃 플라엣테,Skill Swap,스킬스웹
Floette-Eternal,영원의 꽃 플라엣테,Sleep Talk,잠꼬대
Floette-Eternal,영원의 꽃 플라엣테,Solar Beam,솔라빔
Floette-Eternal,영원의 꽃 플라엣테,Stored Power,어시스트파워
Floette-Eternal,영원의 꽃 플라엣테,Substitute,대타출동
Floette-Eternal,영원의 꽃 플라엣테,Sunny Day,쾌청
Floette-Eternal,영원의 꽃 플라엣테,Synthesis,광합성
Floette-Eternal,영원의 꽃 플라엣테,Tearful Look,눈물그렁그렁
Floette-Eternal,영원의 꽃 플라엣테,Trailblaze,개척하기
Floette-Eternal,영원의 꽃 플라엣테,Trick,트릭
Floette-Eternal,영원의 꽃 플라엣테,Wish,희망사항
Florges,플라제스,Alluring Voice,매혹의보이스
Florges,플라제스,Baton Pass,바톤터치
Florges,플라제스,Calm Mind,명상
Florges,플라제스,Charm,애교부리기
Florges,플라제스,Chilling Water,찬물끼얹기
Florges,플라제스,Copycat,흉내쟁이
Florges,플라제스,Dazzling Gleam,매지컬샤인
Florges,플라제스,Draining Kiss,드레인키스
Florges,플라제스,Endeavor,죽기살기
Florges,플라제스,Endure,버티기
Florges,플라제스,Energy Ball,에너지볼
Florges,플라제스,Facade,객기
Florges,플라제스,Giga Drain,기가드레인
Florges,플라제스,Giga Impact,기가임팩트
Florges,플라제스,Grass Knot,풀묶기
Florges,플라제스,Grassy Glide,그래스슬라이더
Florges,플라제스,Grassy Terrain,그래스필드
Florges,플라제스,Helping Hand,도우미
Florges,플라제스,Hyper Beam,파괴광선
Florges,플라제스,Light Screen,빛의장막
Florges,플라제스,Misty Explosion,미스트버스트
Florges,플라제스,Misty Terrain,미스트필드
Florges,플라제스,Moonblast,문포스
Florges,플라제스,Petal Blizzard,꽃보라
Florges,플라제스,Petal Dance,꽃잎댄스
Florges,플라제스,Pollen Puff,꽃가루경단
Florges,플라제스,Protect,방어
Florges,플라제스,Psychic,사이코키네시스
Florges,플라제스,Psychic Noise,사이코노이즈
Florges,플라제스,Rain Dance,비바라기
Florges,플라제스,Rest,잠자기
Florges,플라제스,Round,돌림노래
Florges,플라제스,Safeguard,신비의부적
Florges,플라제스,Seed Bomb,씨폭탄
Florges,플라제스,Skill Swap,스킬스웹
Florges,플라제스,Sleep Talk,잠꼬대
Florges,플라제스,Snore,코골기
Florges,플라제스,Solar Beam,솔라빔
Florges,플라제스,Stored Power,어시스트파워
Florges,플라제스,Substitute,대타출동
Florges,플라제스,Sunny Day,쾌청
Florges,플라제스,Synthesis,광합성
Florges,플라제스,Tearful Look,눈물그렁그렁
Florges,플라제스,Trailblaze,개척하기
Florges,플라제스,Trick,트릭
Florges,플라제스,Wish,희망사항
Gogoat,고고트,Aerial Ace,제비반환
Gogoat,고고트,Body Slam,누르기
Gogoat,고고트,Brick Break,깨트리다
Gogoat,고고트,Bulk Up,벌크업
Gogoat,고고트,Bulldoze,땅고르기
Gogoat,고고트,Bullet Seed,기관총
Gogoat,고고트,Dig,구멍파기
Gogoat,고고트,Double-Edge,이판사판태클
Gogoat,고고트,Earthquake,지진
Gogoat,고고트,Endeavor,죽기살기
Gogoat,고고트,Endure,버티기
Gogoat,고고트,Energy Ball,에너지볼
Gogoat,고고트,Facade,객기
Gogoat,고고트,Giga Drain,기가드레인
Gogoat,고고트,Giga Impact,기가임팩트
Gogoat,고고트,Grass Knot,풀묶기
Gogoat,고고트,Grassy Glide,그래스슬라이더
Gogoat,고고트,Grassy Terrain,그래스필드
Gogoat,고고트,Growth,성장
Gogoat,고고트,Helping Hand,도우미
Gogoat,고고트,High Horsepower,10만마력
Gogoat,고고트,Horn Leech,우드호른
Gogoat,고고트,Hyper Beam,파괴광선
Gogoat,고고트,Iron Tail,아이언테일
Gogoat,고고트,Leaf Blade,리프블레이드
Gogoat,고고트,Leaf Storm,리프스톰
Gogoat,고고트,Leech Seed,씨뿌리기
Gogoat,고고트,Megahorn,메가폰
Gogoat,고고트,Milk Drink,우유마시기
Gogoat,고고트,Mud Shot,머드숏
Gogoat,고고트,Mud-Slap,진흙뿌리기
Gogoat,고고트,Payback,보복
Gogoat,고고트,Play Rough,치근거리기
Gogoat,고고트,Protect,방어
Gogoat,고고트,Rain Dance,비바라기
Gogoat,고고트,Rest,잠자기
Gogoat,고고트,Roar,울부짖기
Gogoat,고고트,Rock Slide,스톤샤워
Gogoat,고고트,Round,돌림노래
Gogoat,고고트,Seed Bomb,씨폭탄
Gogoat,고고트,Sleep Talk,잠꼬대
Gogoat,고고트,Snore,코골기
Gogoat,고고트,Solar Beam,솔라빔
Gogoat,고고트,Stomping Tantrum,분함의발구르기
Gogoat,고고트,Substitute,대타출동
Gogoat,고고트,Sunny Day,쾌청
Gogoat,고고트,Superpower,엄청난힘
Gogoat,고고트,Surf,파도타기
Gogoat,고고트,Synthesis,광합성
Gogoat,고고트,Throat Chop,지옥찌르기
Gogoat,고고트,Trailblaze,개척하기
Gogoat,고고트,Wild Charge,와일드볼트
Gogoat,고고트,Worry Seed,고민씨
Gogoat,고고트,Zen Headbutt,사념의박치기
Pangoro,부란다,Attract,헤롱헤롱
Pangoro,부란다,Beat Up,집단구타
Pangoro,부란다,Body Slam,누르기
Pangoro,부란다,Brick Break,깨트리다
Pangoro,부란다,Brutal Swing,세차게휘두르기
Pangoro,부란다,Bulk Up,벌크업
Pangoro,부란다,Bulldoze,땅고르기
Pangoro,부란다,Bullet Punch,불릿펀치
Pangoro,부란다,Circle Throw,배대뒤치기
Pangoro,부란다,Close Combat,인파이트
Pangoro,부란다,Coaching,코칭
Pangoro,부란다,Comeuppance,앙갚음
Pangoro,부란다,Crunch,깨물어부수기
Pangoro,부란다,Dark Pulse,악의파동
Pangoro,부란다,Darkest Lariat,DD래리어트
Pangoro,부란다,Detect,판별
Pangoro,부란다,Dig,구멍파기
Pangoro,부란다,Dragon Claw,드래곤크루
Pangoro,부란다,Drain Punch,드레인펀치
Pangoro,부란다,Earthquake,지진
Pangoro,부란다,Endure,버티기
Pangoro,부란다,Entrainment,동료만들기
Pangoro,부란다,Facade,객기
Pangoro,부란다,Fire Punch,불꽃펀치
Pangoro,부란다,Fling,내던지기
Pangoro,부란다,Focus Blast,기합구슬
Pangoro,부란다,Focus Energy,기충전
Pangoro,부란다,Foul Play,속임수
Pangoro,부란다,Giga Impact,기가임팩트
Pangoro,부란다,Grass Knot,풀묶기
Pangoro,부란다,Gunk Shot,더스트슈트
Pangoro,부란다,Hammer Arm,암해머
Pangoro,부란다,Headlong Rush,들이받기
Pangoro,부란다,Helping Hand,도우미
Pangoro,부란다,Hyper Beam,파괴광선
Pangoro,부란다,Hyper Voice,하이퍼보이스
Pangoro,부란다,Ice Punch,냉동펀치
Pangoro,부란다,Iron Head,아이언헤드
Pangoro,부란다,Knock Off,탁쳐서떨구기
Pangoro,부란다,Lash Out,분풀이
Pangoro,부란다,Low Kick,안다리걸기
Pangoro,부란다,Low Sweep,로킥
Pangoro,부란다,Mega Kick,메가톤킥
Pangoro,부란다,Night Slash,깜짝베기
Pangoro,부란다,Outrage,역린
Pangoro,부란다,Parting Shot,막말내뱉기
Pangoro,부란다,Payback,보복
Pangoro,부란다,Poison Jab,독찌르기
Pangoro,부란다,Power Trip,기어오르기
Pangoro,부란다,Protect,방어
Pangoro,부란다,Quash,순서미루기
Pangoro,부란다,Quick Guard,퍼스트가드
Pangoro,부란다,Rain Dance,비바라기
Pangoro,부란다,Rest,잠자기
Pangoro,부란다,Reversal,기사회생
Pangoro,부란다,Rock Slide,스톤샤워
Pangoro,부란다,Rock Tomb,암석봉인
Pangoro,부란다,Round,돌림노래
Pangoro,부란다,Scary Face,겁나는얼굴
Pangoro,부란다,Seismic Toss,지구던지기
Pangoro,부란다,Shadow Claw,섀도크루
Pangoro,부란다,Slash,베어가르기
Pangoro,부란다,Sleep Talk,잠꼬대
Pangoro,부란다,Sludge Bomb,오물폭탄
Pangoro,부란다,Snarl,바크아웃
Pangoro,부란다,Snore,코골기
Pangoro,부란다,Stomping Tantrum,분함의발구르기
Pangoro,부란다,Stone Edge,스톤에지
Pangoro,부란다,Storm Throw,업어후리기
Pangoro,부란다,Substitute,대타출동
Pangoro,부란다,Sunny Day,쾌청
Pangoro,부란다,Superpower,엄청난힘
Pangoro,부란다,Surf,파도타기
Pangoro,부란다,Swords Dance,칼춤
Pangoro,부란다,Taunt,도발
Pangoro,부란다,Thief,도둑질
Pangoro,부란다,Throat Chop,지옥찌르기
Pangoro,부란다,Thunder Punch,번개펀치
Pangoro,부란다,Uproar,소란피기
Pangoro,부란다,X-Scissor,시저크로스
Pangoro,부란다,Zen Headbutt,사념의박치기
Furfrou,트리미앙,Attract,헤롱헤롱
Furfrou,트리미앙,Baby-Doll Eyes,초롱초롱눈동자
Furfrou,트리미앙,Bite,물기
Furfrou,트리미앙,Charm,애교부리기
Furfrou,트리미앙,Cotton Guard,코튼가드
Furfrou,트리미앙,Crunch,깨물어부수기
Furfrou,트리미앙,Dark Pulse,악의파동
Furfrou,트리미앙,Dig,구멍파기
Furfrou,트리미앙,Double-Edge,이판사판태클
Furfrou,트리미앙,Endeavor,죽기살기
Furfrou,트리미앙,Endure,버티기
Furfrou,트리미앙,Facade,객기
Furfrou,트리미앙,Fire Fang,불꽃엄니
Furfrou,트리미앙,Giga Impact,기가임팩트
Furfrou,트리미앙,Grass Knot,풀묶기
Furfrou,트리미앙,Helping Hand,도우미
Furfrou,트리미앙,Hyper Voice,하이퍼보이스
Furfrou,트리미앙,Ice Fang,얼음엄니
Furfrou,트리미앙,Iron Tail,아이언테일
Furfrou,트리미앙,Last Resort,뒀다쓰기
Furfrou,트리미앙,Protect,방어
Furfrou,트리미앙,Psychic Fangs,사이코팽
Furfrou,트리미앙,Rain Dance,비바라기
Furfrou,트리미앙,Rest,잠자기
Furfrou,트리미앙,Roar,울부짖기
Furfrou,트리미앙,Round,돌림노래
Furfrou,트리미앙,Sleep Talk,잠꼬대
Furfrou,트리미앙,Snarl,바크아웃
Furfrou,트리미앙,Snore,코골기
Furfrou,트리미앙,Substitute,대타출동
Furfrou,트리미앙,Sucker Punch,기습
Furfrou,트리미앙,Sunny Day,쾌청
Furfrou,트리미앙,Surf,파도타기
Furfrou,트리미앙,Thunder Fang,번개엄니
Furfrou,트리미앙,Thunder Wave,전기자석파
Furfrou,트리미앙,Trailblaze,개척하기
Furfrou,트리미앙,U-turn,유턴
Furfrou,트리미앙,Uproar,소란피기
Furfrou,트리미앙,Wild Charge,와일드볼트
Furfrou,트리미앙,Zen Headbutt,사념의박치기
Meowstic,냐오닉스,Alluring Voice,매혹의보이스
Meowstic,냐오닉스,Baton Pass,바톤터치
Meowstic,냐오닉스,Calm Mind,명상
Meowstic,냐오닉스,Charge Beam,차지빔
Meowstic,냐오닉스,Charm,애교부리기
Meowstic,냐오닉스,Covet,탐내다
Meowstic,냐오닉스,Dark Pulse,악의파동
Meowstic,냐오닉스,Dig,구멍파기
Meowstic,냐오닉스,Endure,버티기
Meowstic,냐오닉스,Energy Ball,에너지볼
Meowstic,냐오닉스,Expanding Force,와이드포스
Meowstic,냐오닉스,Facade,객기
Meowstic,냐오닉스,Fake Out,속이다
Meowstic,냐오닉스,Fake Tears,거짓울음
Meowstic,냐오닉스,Giga Impact,기가임팩트
Meowstic,냐오닉스,Gravity,중력
Meowstic,냐오닉스,Helping Hand,도우미
Meowstic,냐오닉스,Hyper Beam,파괴광선
Meowstic,냐오닉스,Imprison,봉인
Meowstic,냐오닉스,Iron Tail,아이언테일
Meowstic,냐오닉스,Light Screen,빛의장막
Meowstic,냐오닉스,Magic Room,매직룸
Meowstic,냐오닉스,Mean Look,검은눈빛
Meowstic,냐오닉스,Misty Terrain,미스트필드
Meowstic,냐오닉스,Nasty Plot,나쁜음모
Meowstic,냐오닉스,Payback,보복
Meowstic,냐오닉스,Play Rough,치근거리기
Meowstic,냐오닉스,Protect,방어
Meowstic,냐오닉스,Psych Up,자기암시
Meowstic,냐오닉스,Psychic,사이코키네시스
Meowstic,냐오닉스,Psychic Noise,사이코노이즈
Meowstic,냐오닉스,Psychic Terrain,사이코필드
Meowstic,냐오닉스,Psyshock,사이코쇼크
Meowstic,냐오닉스,Quick Guard,퍼스트가드
Meowstic,냐오닉스,Rain Dance,비바라기
Meowstic,냐오닉스,Reflect,리플렉터
Meowstic,냐오닉스,Rest,잠자기
Meowstic,냐오닉스,Role Play,역할
Meowstic,냐오닉스,Round,돌림노래
Meowstic,냐오닉스,Safeguard,신비의부적
Meowstic,냐오닉스,Shadow Ball,섀도볼
Meowstic,냐오닉스,Skill Swap,스킬스웹
Meowstic,냐오닉스,Sleep Talk,잠꼬대
Meowstic,냐오닉스,Snore,코골기
Meowstic,냐오닉스,Stored Power,어시스트파워
Meowstic,냐오닉스,Substitute,대타출동
Meowstic,냐오닉스,Sucker Punch,기습
Meowstic,냐오닉스,Sunny Day,쾌청
Meowstic,냐오닉스,Tail Slap,스위프뺨치기
Meowstic,냐오닉스,Thunder Wave,전기자석파
Meowstic,냐오닉스,Thunderbolt,10만볼트
Meowstic,냐오닉스,Tickle,간지르기
Meowstic,냐오닉스,Trailblaze,개척하기
Meowstic,냐오닉스,Trick,트릭
Meowstic,냐오닉스,Trick Room,트릭룸
Meowstic,냐오닉스,Wish,희망사항
Meowstic,냐오닉스,Wonder Room,원더룸
Meowstic,냐오닉스,Yawn,하품
Meowstic,냐오닉스,Zen Headbutt,사념의박치기
Aegislash,킬가르도,Aerial Ace,제비반환
Aegislash,킬가르도,Air Slash,에어슬래시
Aegislash,킬가르도,Attract,헤롱헤롱
Aegislash,킬가르도,Block,블록
Aegislash,킬가르도,Brick Break,깨트리다
Aegislash,킬가르도,Brutal Swing,세차게휘두르기
Aegislash,킬가르도,Close Combat,인파이트
Aegislash,킬가르도,Destiny Bond,길동무
Aegislash,킬가르도,Double Hit,더블어택
Aegislash,킬가르도,Endure,버티기
Aegislash,킬가르도,Facade,객기
Aegislash,킬가르도,Flash Cannon,러스터캐논
Aegislash,킬가르도,Giga Impact,기가임팩트
Aegislash,킬가르도,Gyro Ball,자이로볼
Aegislash,킬가르도,Head Smash,양날박치기
Aegislash,킬가르도,Hyper Beam,파괴광선
Aegislash,킬가르도,Iron Defense,철벽
Aegislash,킬가르도,Iron Head,아이언헤드
Aegislash,킬가르도,King's Shield,킹실드
Aegislash,킬가르도,Metal Sound,금속음
Aegislash,킬가르도,Night Slash,깜짝베기
Aegislash,킬가르도,Poltergeist,폴터가이스트
Aegislash,킬가르도,Power Trick,파워트릭
Aegislash,킬가르도,Protect,방어
Aegislash,킬가르도,Psycho Cut,사이코커터
Aegislash,킬가르도,Rain Dance,비바라기
Aegislash,킬가르도,Reflect,리플렉터
Aegislash,킬가르도,Rest,잠자기
Aegislash,킬가르도,Reversal,기사회생
Aegislash,킬가르도,Rock Slide,스톤샤워
Aegislash,킬가르도,Round,돌림노래
Aegislash,킬가르도,Sacred Sword,성스러운칼
Aegislash,킬가르도,Screech,싫은소리
Aegislash,킬가르도,Shadow Ball,섀도볼
Aegislash,킬가르도,Shadow Claw,섀도크루
Aegislash,킬가르도,Shadow Sneak,야습
Aegislash,킬가르도,Slash,베어가르기
Aegislash,킬가르도,Sleep Talk,잠꼬대
Aegislash,킬가르도,Snore,코골기
Aegislash,킬가르도,Solar Blade,솔라블레이드
Aegislash,킬가르도,Steel Beam,철제광선
Aegislash,킬가르도,Substitute,대타출동
Aegislash,킬가르도,Sunny Day,쾌청
Aegislash,킬가르도,Swords Dance,칼춤
Aegislash,킬가르도,Wide Guard,와이드가드
Aegislash,킬가르도,Zen Headbutt,사념의박치기
Aegislash-Blade,킬가르도 (블레이드폼),Aerial Ace,제비반환
Aegislash-Blade,킬가르도 (블레이드폼),Air Slash,에어슬래시
Aegislash-Blade,킬가르도 (블레이드폼),Attract,헤롱헤롱
Aegislash-Blade,킬가르도 (블레이드폼),Block,블록
Aegislash-Blade,킬가르도 (블레이드폼),Brick Break,깨트리다
Aegislash-Blade,킬가르도 (블레이드폼),Brutal Swing,세차게휘두르기
Aegislash-Blade,킬가르도 (블레이드폼),Close Combat,인파이트
Aegislash-Blade,킬가르도 (블레이드폼),Destiny Bond,길동무
Aegislash-Blade,킬가르도 (블레이드폼),Double Hit,더블어택
Aegislash-Blade,킬가르도 (블레이드폼),Endure,버티기
Aegislash-Blade,킬가르도 (블레이드폼),Facade,객기
Aegislash-Blade,킬가르도 (블레이드폼),Flash Cannon,러스터캐논
Aegislash-Blade,킬가르도 (블레이드폼),Giga Impact,기가임팩트
Aegislash-Blade,킬가르도 (블레이드폼),Gyro Ball,자이로볼
Aegislash-Blade,킬가르도 (블레이드폼),Head Smash,양날박치기
Aegislash-Blade,킬가르도 (블레이드폼),Hyper Beam,파괴광선
Aegislash-Blade,킬가르도 (블레이드폼),Iron Defense,철벽
Aegislash-Blade,킬가르도 (블레이드폼),Iron Head,아이언헤드
Aegislash-Blade,킬가르도 (블레이드폼),King's Shield,킹실드
Aegislash-Blade,킬가르도 (블레이드폼),Metal Sound,금속음
Aegislash-Blade,킬가르도 (블레이드폼),Night Slash,깜짝베기
Aegislash-Blade,킬가르도 (블레이드폼),Poltergeist,폴터가이스트
Aegislash-Blade,킬가르도 (블레이드폼),Power Trick,파워트릭
Aegislash-Blade,킬가르도 (블레이드폼),Protect,방어
Aegislash-Blade,킬가르도 (블레이드폼),Psycho Cut,사이코커터
Aegislash-Blade,킬가르도 (블레이드폼),Rain Dance,비바라기
Aegislash-Blade,킬가르도 (블레이드폼),Reflect,리플렉터
Aegislash-Blade,킬가르도 (블레이드폼),Rest,잠자기
Aegislash-Blade,킬가르도 (블레이드폼),Reversal,기사회생
Aegislash-Blade,킬가르도 (블레이드폼),Rock Slide,스톤샤워
Aegislash-Blade,킬가르도 (블레이드폼),Round,돌림노래
Aegislash-Blade,킬가르도 (블레이드폼),Sacred Sword,성스러운칼
Aegislash-Blade,킬가르도 (블레이드폼),Screech,싫은소리
Aegislash-Blade,킬가르도 (블레이드폼),Shadow Ball,섀도볼
Aegislash-Blade,킬가르도 (블레이드폼),Shadow Claw,섀도크루
Aegislash-Blade,킬가르도 (블레이드폼),Shadow Sneak,야습
Aegislash-Blade,킬가르도 (블레이드폼),Slash,베어가르기
Aegislash-Blade,킬가르도 (블레이드폼),Sleep Talk,잠꼬대
Aegislash-Blade,킬가르도 (블레이드폼),Snore,코골기
Aegislash-Blade,킬가르도 (블레이드폼),Solar Blade,솔라블레이드
Aegislash-Blade,킬가르도 (블레이드폼),Steel Beam,철제광선
Aegislash-Blade,킬가르도 (블레이드폼),Substitute,대타출동
Aegislash-Blade,킬가르도 (블레이드폼),Sunny Day,쾌청
Aegislash-Blade,킬가르도 (블레이드폼),Swords Dance,칼춤
Aegislash-Blade,킬가르도 (블레이드폼),Wide Guard,와이드가드
Aegislash-Blade,킬가르도 (블레이드폼),Zen Headbutt,사념의박치기
Aromatisse,프레프티르,After You,당신먼저
Aromatisse,프레프티르,Alluring Voice,매혹의보이스
Aromatisse,프레프티르,Ally Switch,사이드체인지
Aromatisse,프레프티르,Aromatic Mist,아로마미스트
Aromatisse,프레프티르,Attract,헤롱헤롱
Aromatisse,프레프티르,Calm Mind,명상
Aromatisse,프레프티르,Charm,애교부리기
Aromatisse,프레프티르,Dazzling Gleam,매지컬샤인
Aromatisse,프레프티르,Disable,사슬묶기
Aromatisse,프레프티르,Drain Punch,드레인펀치
Aromatisse,프레프티르,Draining Kiss,드레인키스
Aromatisse,프레프티르,Encore,앵콜
Aromatisse,프레프티르,Endure,버티기
Aromatisse,프레프티르,Energy Ball,에너지볼
Aromatisse,프레프티르,Facade,객기
Aromatisse,프레프티르,Fake Tears,거짓울음
Aromatisse,프레프티르,Flail,바둥바둥
Aromatisse,프레프티르,Flash Cannon,러스터캐논
Aromatisse,프레프티르,Giga Impact,기가임팩트
Aromatisse,프레프티르,Gyro Ball,자이로볼
Aromatisse,프레프티르,Heal Pulse,치유파동
Aromatisse,프레프티르,Helping Hand,도우미
Aromatisse,프레프티르,Hyper Beam,파괴광선
Aromatisse,프레프티르,Hypnosis,최면술
Aromatisse,프레프티르,Light Screen,빛의장막
Aromatisse,프레프티르,Misty Explosion,미스트버스트
Aromatisse,프레프티르,Misty Terrain,미스트필드
Aromatisse,프레프티르,Moonblast,문포스
Aromatisse,프레프티르,Nasty Plot,나쁜음모
Aromatisse,프레프티르,Protect,방어
Aromatisse,프레프티르,Psych Up,자기암시
Aromatisse,프레프티르,Psychic,사이코키네시스
Aromatisse,프레프티르,Psyshock,사이코쇼크
Aromatisse,프레프티르,Rain Dance,비바라기
Aromatisse,프레프티르,Reflect,리플렉터
Aromatisse,프레프티르,Rest,잠자기
Aromatisse,프레프티르,Round,돌림노래
Aromatisse,프레프티르,Skill Swap,스킬스웹
Aromatisse,프레프티르,Sleep Talk,잠꼬대
Aromatisse,프레프티르,Snore,코골기
Aromatisse,프레프티르,Substitute,대타출동
Aromatisse,프레프티르,Sunny Day,쾌청
Aromatisse,프레프티르,Sweet Kiss,천사의키스
Aromatisse,프레프티르,Sweet Scent,달콤한향기
Aromatisse,프레프티르,Thunder,번개
Aromatisse,프레프티르,Thunderbolt,10만볼트
Aromatisse,프레프티르,Trick Room,트릭룸
Aromatisse,프레프티르,Wish,희망사항
Slurpuff,나루림,After You,당신먼저
Slurpuff,나루림,Amnesia,망각술
Slurpuff,나루림,Attract,헤롱헤롱
Slurpuff,나루림,Calm Mind,명상
Slurpuff,나루림,Charm,애교부리기
Slurpuff,나루림,Copycat,흉내쟁이
Slurpuff,나루림,Cotton Guard,코튼가드
Slurpuff,나루림,Cotton Spore,목화포자
Slurpuff,나루림,Dazzling Gleam,매지컬샤인
Slurpuff,나루림,Drain Punch,드레인펀치
Slurpuff,나루림,Draining Kiss,드레인키스
Slurpuff,나루림,Endeavor,죽기살기
Slurpuff,나루림,Endure,버티기
Slurpuff,나루림,Energy Ball,에너지볼
Slurpuff,나루림,Facade,객기
Slurpuff,나루림,Fake Tears,거짓울음
Slurpuff,나루림,Flamethrower,화염방사
Slurpuff,나루림,Giga Impact,기가임팩트
Slurpuff,나루림,Helping Hand,도우미
Slurpuff,나루림,Hyper Beam,파괴광선
Slurpuff,나루림,Light Screen,빛의장막
Slurpuff,나루림,Misty Explosion,미스트버스트
Slurpuff,나루림,Play Rough,치근거리기
Slurpuff,나루림,Protect,방어
Slurpuff,나루림,Psychic,사이코키네시스
Slurpuff,나루림,Rain Dance,비바라기
Slurpuff,나루림,Rest,잠자기
Slurpuff,나루림,Round,돌림노래
Slurpuff,나루림,Safeguard,신비의부적
Slurpuff,나루림,Sleep Talk,잠꼬대
Slurpuff,나루림,Snore,코골기
Slurpuff,나루림,Sticky Web,끈적끈적네트
Slurpuff,나루림,String Shot,실뿜기
Slurpuff,나루림,Substitute,대타출동
Slurpuff,나루림,Sunny Day,쾌청
Slurpuff,나루림,Surf,파도타기
Slurpuff,나루림,Sweet Scent,달콤한향기
Slurpuff,나루림,Thief,도둑질
Slurpuff,나루림,Thunder,번개
Slurpuff,나루림,Thunderbolt,10만볼트
Slurpuff,나루림,Wish,희망사항
Slurpuff,나루림,Yawn,하품
Malamar,칼라마네로,Acupressure,경혈찌르기
Malamar,칼라마네로,Aerial Ace,제비반환
Malamar,칼라마네로,Baton Pass,바톤터치
Malamar,칼라마네로,Brutal Swing,세차게휘두르기
Malamar,칼라마네로,Calm Mind,명상
Malamar,칼라마네로,Dark Pulse,악의파동
Malamar,칼라마네로,Destiny Bond,길동무
Malamar,칼라마네로,Disable,사슬묶기
Malamar,칼라마네로,Double Hit,더블어택
Malamar,칼라마네로,Double Team,그림자분신
Malamar,칼라마네로,Endure,버티기
Malamar,칼라마네로,Expanding Force,와이드포스
Malamar,칼라마네로,Facade,객기
Malamar,칼라마네로,Fake Tears,거짓울음
Malamar,칼라마네로,Flamethrower,화염방사
Malamar,칼라마네로,Fling,내던지기
Malamar,칼라마네로,Foul Play,속임수
Malamar,칼라마네로,Future Sight,미래예지
Malamar,칼라마네로,Giga Impact,기가임팩트
Malamar,칼라마네로,Gravity,중력
Malamar,칼라마네로,Guard Swap,가드스웹
Malamar,칼라마네로,Helping Hand,도우미
Malamar,칼라마네로,Hyper Beam,파괴광선
Malamar,칼라마네로,Hypnosis,최면술
Malamar,칼라마네로,Knock Off,탁쳐서떨구기
Malamar,칼라마네로,Lash Out,분풀이
Malamar,칼라마네로,Light Screen,빛의장막
Malamar,칼라마네로,Liquidation,아쿠아브레이크
Malamar,칼라마네로,Lunge,덤벼들기
Malamar,칼라마네로,Nasty Plot,나쁜음모
Malamar,칼라마네로,Night Slash,깜짝베기
Malamar,칼라마네로,Payback,보복
Malamar,칼라마네로,Pluck,쪼아대기
Malamar,칼라마네로,Poison Jab,독찌르기
Malamar,칼라마네로,Protect,방어
Malamar,칼라마네로,Psych Up,자기암시
Malamar,칼라마네로,Psychic,사이코키네시스
Malamar,칼라마네로,Psychic Noise,사이코노이즈
Malamar,칼라마네로,Psycho Cut,사이코커터
Malamar,칼라마네로,Psyshock,사이코쇼크
Malamar,칼라마네로,Rain Dance,비바라기
Malamar,칼라마네로,Reflect,리플렉터
Malamar,칼라마네로,Rest,잠자기
Malamar,칼라마네로,Reversal,기사회생
Malamar,칼라마네로,Rock Slide,스톤샤워
Malamar,칼라마네로,Round,돌림노래
Malamar,칼라마네로,Scary Face,겁나는얼굴
Malamar,칼라마네로,Skill Swap,스킬스웹
Malamar,칼라마네로,Slash,베어가르기
Malamar,칼라마네로,Sleep Talk,잠꼬대
Malamar,칼라마네로,Snore,코골기
Malamar,칼라마네로,Spite,원한
Malamar,칼라마네로,Stored Power,어시스트파워
Malamar,칼라마네로,Substitute,대타출동
Malamar,칼라마네로,Sunny Day,쾌청
Malamar,칼라마네로,Superpower,엄청난힘
Malamar,칼라마네로,Swagger,뽐내기
Malamar,칼라마네로,Switcheroo,바꿔치기
Malamar,칼라마네로,Taunt,도발
Malamar,칼라마네로,Thief,도둑질
Malamar,칼라마네로,Throat Chop,지옥찌르기
Malamar,칼라마네로,Thunderbolt,10만볼트
Malamar,칼라마네로,Topsy-Turvy,뒤집어엎기
Malamar,칼라마네로,Torment,트집
Malamar,칼라마네로,Trailblaze,개척하기
Malamar,칼라마네로,Trick,트릭
Malamar,칼라마네로,Trick Room,트릭룸
Malamar,칼라마네로,Wrap,김밥말이
Malamar,칼라마네로,Zen Headbutt,사념의박치기
Barbaracle,거북손데스,Ancient Power,원시의힘
Barbaracle,거북손데스,Aqua Cutter,아쿠아커터
Barbaracle,거북손데스,Assurance,승부굳히기
Barbaracle,거북손데스,Attract,헤롱헤롱
Barbaracle,거북손데스,Beat Up,집단구타
Barbaracle,거북손데스,Blizzard,눈보라
Barbaracle,거북손데스,Brick Break,깨트리다
Barbaracle,거북손데스,Brutal Swing,세차게휘두르기
Barbaracle,거북손데스,Bulk Up,벌크업
Barbaracle,거북손데스,Bulldoze,땅고르기
Barbaracle,거북손데스,Chilling Water,찬물끼얹기
Barbaracle,거북손데스,Close Combat,인파이트
Barbaracle,거북손데스,Cross Chop,크로스촙
Barbaracle,거북손데스,Dig,구멍파기
Barbaracle,거북손데스,Dive,다이빙
Barbaracle,거북손데스,Double Hit,더블어택
Barbaracle,거북손데스,Dragon Claw,드래곤크루
Barbaracle,거북손데스,Earth Power,대지의힘
Barbaracle,거북손데스,Earthquake,지진
Barbaracle,거북손데스,Endure,버티기
Barbaracle,거북손데스,Facade,객기
Barbaracle,거북손데스,Fling,내던지기
Barbaracle,거북손데스,Focus Blast,기합구슬
Barbaracle,거북손데스,Giga Impact,기가임팩트
Barbaracle,거북손데스,Grass Knot,풀묶기
Barbaracle,거북손데스,Helping Hand,도우미
Barbaracle,거북손데스,Hyper Beam,파괴광선
Barbaracle,거북손데스,Ice Beam,냉동빔
Barbaracle,거북손데스,Icy Wind,얼다바람
Barbaracle,거북손데스,Iron Defense,철벽
Barbaracle,거북손데스,Liquidation,아쿠아브레이크
Barbaracle,거북손데스,Low Kick,안다리걸기
Barbaracle,거북손데스,Meteor Beam,메테오빔
Barbaracle,거북손데스,Mud Shot,머드숏
Barbaracle,거북손데스,Mud-Slap,진흙뿌리기
Barbaracle,거북손데스,Muddy Water,탁류
Barbaracle,거북손데스,Night Slash,깜짝베기
Barbaracle,거북손데스,Payback,보복
Barbaracle,거북손데스,Poison Jab,독찌르기
Barbaracle,거북손데스,Protect,방어
Barbaracle,거북손데스,Rain Dance,비바라기
Barbaracle,거북손데스,Razor Shell,셸블레이드
Barbaracle,거북손데스,Rest,잠자기
Barbaracle,거북손데스,Rock Blast,락블레스트
Barbaracle,거북손데스,Rock Polish,록커트
Barbaracle,거북손데스,Rock Slide,스톤샤워
Barbaracle,거북손데스,Rock Tomb,암석봉인
Barbaracle,거북손데스,Round,돌림노래
Barbaracle,거북손데스,Safeguard,신비의부적
Barbaracle,거북손데스,Sandstorm,모래바람
Barbaracle,거북손데스,Scald,열탕
Barbaracle,거북손데스,Screech,싫은소리
Barbaracle,거북손데스,Shadow Claw,섀도크루
Barbaracle,거북손데스,Shell Smash,껍질깨기
Barbaracle,거북손데스,Slash,베어가르기
Barbaracle,거북손데스,Sleep Talk,잠꼬대
Barbaracle,거북손데스,Sludge Bomb,오물폭탄
Barbaracle,거북손데스,Sludge Wave,오물웨이브
Barbaracle,거북손데스,Snore,코골기
Barbaracle,거북손데스,Stealth Rock,스텔스록
Barbaracle,거북손데스,Stone Edge,스톤에지
Barbaracle,거북손데스,Substitute,대타출동
Barbaracle,거북손데스,Superpower,엄청난힘
Barbaracle,거북손데스,Surf,파도타기
Barbaracle,거북손데스,Switcheroo,바꿔치기
Barbaracle,거북손데스,Swords Dance,칼춤
Barbaracle,거북손데스,Taunt,도발
Barbaracle,거북손데스,Thief,도둑질
Barbaracle,거북손데스,Uproar,소란피기
Barbaracle,거북손데스,Waterfall,폭포오르기
Barbaracle,거북손데스,Whirlpool,바다회오리
Barbaracle,거북손데스,X-Scissor,시저크로스
Dragalge,드래캄,Acid Armor,녹기
Dragalge,드래캄,Acid Spray,애시드봄
Dragalge,드래캄,Aqua Tail,아쿠아테일
Dragalge,드래캄,Chilling Water,찬물끼얹기
Dragalge,드래캄,Dive,다이빙
Dragalge,드래캄,Double Team,그림자분신
Dragalge,드래캄,Draco Meteor,용성군
Dragalge,드래캄,Dragon Pulse,용의파동
Dragalge,드래캄,Dragon Tail,드래곤테일
Dragalge,드래캄,Endure,버티기
Dragalge,드래캄,Facade,객기
Dragalge,드래캄,Flip Turn,퀵턴
Dragalge,드래캄,Focus Blast,기합구슬
Dragalge,드래캄,Giga Impact,기가임팩트
Dragalge,드래캄,Gunk Shot,더스트슈트
Dragalge,드래캄,Haze,흑안개
Dragalge,드래캄,Hydro Pump,하이드로펌프
Dragalge,드래캄,Hyper Beam,파괴광선
Dragalge,드래캄,Icy Wind,얼다바람
Dragalge,드래캄,Iron Tail,아이언테일
Dragalge,드래캄,Liquidation,아쿠아브레이크
Dragalge,드래캄,Mud Shot,머드숏
Dragalge,드래캄,Mud-Slap,진흙뿌리기
Dragalge,드래캄,Muddy Water,탁류
Dragalge,드래캄,Outrage,역린
Dragalge,드래캄,Play Rough,치근거리기
Dragalge,드래캄,Poison Jab,독찌르기
Dragalge,드래캄,Protect,방어
Dragalge,드래캄,Rain Dance,비바라기
Dragalge,드래캄,Rest,잠자기
Dragalge,드래캄,Round,돌림노래
Dragalge,드래캄,Scald,열탕
Dragalge,드래캄,Scale Shot,스케일샷
Dragalge,드래캄,Scary Face,겁나는얼굴
Dragalge,드래캄,Shadow Ball,섀도볼
Dragalge,드래캄,Sleep Talk,잠꼬대
Dragalge,드래캄,Sludge Bomb,오물폭탄
Dragalge,드래캄,Sludge Wave,오물웨이브
Dragalge,드래캄,Snore,코골기
Dragalge,드래캄,Snowscape,설경
Dragalge,드래캄,Spite,원한
Dragalge,드래캄,Substitute,대타출동
Dragalge,드래캄,Surf,파도타기
Dragalge,드래캄,Thief,도둑질
Dragalge,드래캄,Thunder,번개
Dragalge,드래캄,Thunderbolt,10만볼트
Dragalge,드래캄,Toxic,맹독
Dragalge,드래캄,Toxic Spikes,독압정
Dragalge,드래캄,Venoshock,베놈쇼크
Dragalge,드래캄,Water Pulse,물의파동
Dragalge,드래캄,Waterfall,폭포오르기
Dragalge,드래캄,Whirlpool,바다회오리
Clawitzer,블로스터,Aqua Jet,아쿠아제트
Clawitzer,블로스터,Aqua Tail,아쿠아테일
Clawitzer,블로스터,Aura Sphere,파동탄
Clawitzer,블로스터,Blizzard,눈보라
Clawitzer,블로스터,Body Slam,누르기
Clawitzer,블로스터,Bounce,뛰어오르다
Clawitzer,블로스터,Chilling Water,찬물끼얹기
Clawitzer,블로스터,Crabhammer,찝게햄머
Clawitzer,블로스터,Dark Pulse,악의파동
Clawitzer,블로스터,Dive,다이빙
Clawitzer,블로스터,Dragon Pulse,용의파동
Clawitzer,블로스터,Endure,버티기
Clawitzer,블로스터,Entrainment,동료만들기
Clawitzer,블로스터,Facade,객기
Clawitzer,블로스터,Flail,바둥바둥
Clawitzer,블로스터,Flash Cannon,러스터캐논
Clawitzer,블로스터,Flip Turn,퀵턴
Clawitzer,블로스터,Focus Blast,기합구슬
Clawitzer,블로스터,Giga Impact,기가임팩트
Clawitzer,블로스터,Heal Pulse,치유파동
Clawitzer,블로스터,Helping Hand,도우미
Clawitzer,블로스터,Hydro Pump,하이드로펌프
Clawitzer,블로스터,Hyper Beam,파괴광선
Clawitzer,블로스터,Ice Beam,냉동빔
Clawitzer,블로스터,Icy Wind,얼다바람
Clawitzer,블로스터,Liquidation,아쿠아브레이크
Clawitzer,블로스터,Mud Shot,머드숏
Clawitzer,블로스터,Mud-Slap,진흙뿌리기
Clawitzer,블로스터,Muddy Water,탁류
Clawitzer,블로스터,Pounce,달려들기
Clawitzer,블로스터,Protect,방어
Clawitzer,블로스터,Rain Dance,비바라기
Clawitzer,블로스터,Rest,잠자기
Clawitzer,블로스터,Rock Slide,스톤샤워
Clawitzer,블로스터,Round,돌림노래
Clawitzer,블로스터,Scary Face,겁나는얼굴
Clawitzer,블로스터,Shadow Ball,섀도볼
Clawitzer,블로스터,Sleep Talk,잠꼬대
Clawitzer,블로스터,Sludge Bomb,오물폭탄
Clawitzer,블로스터,Sludge Wave,오물웨이브
Clawitzer,블로스터,Smack Down,떨어뜨리기
Clawitzer,블로스터,Snore,코골기
Clawitzer,블로스터,Substitute,대타출동
Clawitzer,블로스터,Surf,파도타기
Clawitzer,블로스터,Swords Dance,칼춤
Clawitzer,블로스터,Terrain Pulse,대지의파동
Clawitzer,블로스터,Thief,도둑질
Clawitzer,블로스터,U-turn,유턴
Clawitzer,블로스터,Venoshock,베놈쇼크
Clawitzer,블로스터,Water Pulse,물의파동
Clawitzer,블로스터,Waterfall,폭포오르기
Clawitzer,블로스터,Weather Ball,웨더볼
Heliolisk,일레도리자드,Agility,고속이동
Heliolisk,일레도리자드,Ally Switch,사이드체인지
Heliolisk,일레도리자드,Attract,헤롱헤롱
Heliolisk,일레도리자드,Breaking Swipe,와이드브레이커
Heliolisk,일레도리자드,Brutal Swing,세차게휘두르기
Heliolisk,일레도리자드,Bulldoze,땅고르기
Heliolisk,일레도리자드,Charge,충전
Heliolisk,일레도리자드,Charge Beam,차지빔
Heliolisk,일레도리자드,Dark Pulse,악의파동
Heliolisk,일레도리자드,Dig,구멍파기
Heliolisk,일레도리자드,Discharge,방전
Heliolisk,일레도리자드,Dragon Pulse,용의파동
Heliolisk,일레도리자드,Dragon Rush,드래곤다이브
Heliolisk,일레도리자드,Dragon Tail,드래곤테일
Heliolisk,일레도리자드,Eerie Impulse,괴전파
Heliolisk,일레도리자드,Electric Terrain,일렉트릭필드
Heliolisk,일레도리자드,Electrify,송전
Heliolisk,일레도리자드,Electro Ball,일렉트릭볼
Heliolisk,일레도리자드,Electroweb,일렉트릭네트
Heliolisk,일레도리자드,Endure,버티기
Heliolisk,일레도리자드,Facade,객기
Heliolisk,일레도리자드,Fire Punch,불꽃펀치
Heliolisk,일레도리자드,Focus Blast,기합구슬
Heliolisk,일레도리자드,Giga Impact,기가임팩트
Heliolisk,일레도리자드,Glare,뱀눈초리
Heliolisk,일레도리자드,Grass Knot,풀묶기
Heliolisk,일레도리자드,Hyper Beam,파괴광선
Heliolisk,일레도리자드,Hyper Voice,하이퍼보이스
Heliolisk,일레도리자드,Iron Tail,아이언테일
Heliolisk,일레도리자드,Light Screen,빛의장막
Heliolisk,일레도리자드,Low Kick,안다리걸기
Heliolisk,일레도리자드,Low Sweep,로킥
Heliolisk,일레도리자드,Mega Kick,메가톤킥
Heliolisk,일레도리자드,Morning Sun,아침햇살
Heliolisk,일레도리자드,Mud-Slap,진흙뿌리기
Heliolisk,일레도리자드,Parabolic Charge,파라볼라차지
Heliolisk,일레도리자드,Pounce,달려들기
Heliolisk,일레도리자드,Protect,방어
Heliolisk,일레도리자드,Quick Attack,전광석화
Heliolisk,일레도리자드,Rain Dance,비바라기
Heliolisk,일레도리자드,Rest,잠자기
Heliolisk,일레도리자드,Rising Voltage,라이징볼트
Heliolisk,일레도리자드,Rock Slide,스톤샤워
Heliolisk,일레도리자드,Rock Tomb,암석봉인
Heliolisk,일레도리자드,Round,돌림노래
Heliolisk,일레도리자드,Sandstorm,모래바람
Heliolisk,일레도리자드,Scale Shot,스케일샷
Heliolisk,일레도리자드,Shed Tail,꼬리자르기
Heliolisk,일레도리자드,Sleep Talk,잠꼬대
Heliolisk,일레도리자드,Snore,코골기
Heliolisk,일레도리자드,Solar Beam,솔라빔
Heliolisk,일레도리자드,Substitute,대타출동
Heliolisk,일레도리자드,Sunny Day,쾌청
Heliolisk,일레도리자드,Surf,파도타기
Heliolisk,일레도리자드,Thunder,번개
Heliolisk,일레도리자드,Thunder Punch,번개펀치
Heliolisk,일레도리자드,Thunder Wave,전기자석파
Heliolisk,일레도리자드,Thunderbolt,10만볼트
Heliolisk,일레도리자드,Trailblaze,개척하기
Heliolisk,일레도리자드,U-turn,유턴
Heliolisk,일레도리자드,Volt Switch,볼트체인지
Heliolisk,일레도리자드,Weather Ball,웨더볼
Heliolisk,일레도리자드,Wild Charge,와일드볼트
Tyrantrum,견고라스,Ancient Power,원시의힘
Tyrantrum,견고라스,Assurance,승부굳히기
Tyrantrum,견고라스,Attract,헤롱헤롱
Tyrantrum,견고라스,Bite,물기
Tyrantrum,견고라스,Body Slam,누르기
Tyrantrum,견고라스,Breaking Swipe,와이드브레이커
Tyrantrum,견고라스,Brick Break,깨트리다
Tyrantrum,견고라스,Brutal Swing,세차게휘두르기
Tyrantrum,견고라스,Bulldoze,땅고르기
Tyrantrum,견고라스,Charm,애교부리기
Tyrantrum,견고라스,Close Combat,인파이트
Tyrantrum,견고라스,Crunch,깨물어부수기
Tyrantrum,견고라스,Curse,저주
Tyrantrum,견고라스,Dark Pulse,악의파동
Tyrantrum,견고라스,Dig,구멍파기
Tyrantrum,견고라스,Draco Meteor,용성군
Tyrantrum,견고라스,Dragon Cheer,드래곤옐
Tyrantrum,견고라스,Dragon Claw,드래곤크루
Tyrantrum,견고라스,Dragon Dance,용의춤
Tyrantrum,견고라스,Dragon Pulse,용의파동
Tyrantrum,견고라스,Dragon Tail,드래곤테일
Tyrantrum,견고라스,Earth Power,대지의힘
Tyrantrum,견고라스,Earthquake,지진
Tyrantrum,견고라스,Endure,버티기
Tyrantrum,견고라스,Facade,객기
Tyrantrum,견고라스,Fire Fang,불꽃엄니
Tyrantrum,견고라스,Giga Impact,기가임팩트
Tyrantrum,견고라스,Head Smash,양날박치기
Tyrantrum,견고라스,High Horsepower,10만마력
Tyrantrum,견고라스,Horn Drill,뿔드릴
Tyrantrum,견고라스,Hyper Beam,파괴광선
Tyrantrum,견고라스,Hyper Voice,하이퍼보이스
Tyrantrum,견고라스,Ice Fang,얼음엄니
Tyrantrum,견고라스,Iron Defense,철벽
Tyrantrum,견고라스,Iron Head,아이언헤드
Tyrantrum,견고라스,Iron Tail,아이언테일
Tyrantrum,견고라스,Lash Out,분풀이
Tyrantrum,견고라스,Meteor Beam,메테오빔
Tyrantrum,견고라스,Outrage,역린
Tyrantrum,견고라스,Play Rough,치근거리기
Tyrantrum,견고라스,Poison Fang,독엄니
Tyrantrum,견고라스,Protect,방어
Tyrantrum,견고라스,Psychic Fangs,사이코팽
Tyrantrum,견고라스,Rest,잠자기
Tyrantrum,견고라스,Roar,울부짖기
Tyrantrum,견고라스,Rock Blast,락블레스트
Tyrantrum,견고라스,Rock Polish,록커트
Tyrantrum,견고라스,Rock Slide,스톤샤워
Tyrantrum,견고라스,Rock Tomb,암석봉인
Tyrantrum,견고라스,Round,돌림노래
Tyrantrum,견고라스,Sandstorm,모래바람
Tyrantrum,견고라스,Scale Shot,스케일샷
Tyrantrum,견고라스,Scary Face,겁나는얼굴
Tyrantrum,견고라스,Sleep Talk,잠꼬대
Tyrantrum,견고라스,Snore,코골기
Tyrantrum,견고라스,Stealth Rock,스텔스록
Tyrantrum,견고라스,Stomping Tantrum,분함의발구르기
Tyrantrum,견고라스,Stone Edge,스톤에지
Tyrantrum,견고라스,Substitute,대타출동
Tyrantrum,견고라스,Sunny Day,쾌청
Tyrantrum,견고라스,Superpower,엄청난힘
Tyrantrum,견고라스,Thrash,난동부리기
Tyrantrum,견고라스,Thunder Fang,번개엄니
Tyrantrum,견고라스,Zen Headbutt,사념의박치기
Aurorus,아마루르가,Ancient Power,원시의힘
Aurorus,아마루르가,Attract,헤롱헤롱
Aurorus,아마루르가,Aurora Veil,오로라베일
Aurorus,아마루르가,Avalanche,눈사태
Aurorus,아마루르가,Blizzard,눈보라
Aurorus,아마루르가,Body Slam,누르기
Aurorus,아마루르가,Bulldoze,땅고르기
Aurorus,아마루르가,Calm Mind,명상
Aurorus,아마루르가,Chilling Water,찬물끼얹기
Aurorus,아마루르가,Dark Pulse,악의파동
Aurorus,아마루르가,Discharge,방전
Aurorus,아마루르가,Earth Power,대지의힘
Aurorus,아마루르가,Earthquake,지진
Aurorus,아마루르가,Encore,앵콜
Aurorus,아마루르가,Endure,버티기
Aurorus,아마루르가,Facade,객기
Aurorus,아마루르가,Flash Cannon,러스터캐논
Aurorus,아마루르가,Freeze-Dry,프리즈드라이
Aurorus,아마루르가,Giga Impact,기가임팩트
Aurorus,아마루르가,Haze,흑안개
Aurorus,아마루르가,Hyper Beam,파괴광선
Aurorus,아마루르가,Hyper Voice,하이퍼보이스
Aurorus,아마루르가,Ice Beam,냉동빔
Aurorus,아마루르가,Ice Spinner,아이스스피너
Aurorus,아마루르가,Icicle Spear,고드름침
Aurorus,아마루르가,Icy Wind,얼다바람
Aurorus,아마루르가,Iron Defense,철벽
Aurorus,아마루르가,Iron Head,아이언헤드
Aurorus,아마루르가,Iron Tail,아이언테일
Aurorus,아마루르가,Light Screen,빛의장막
Aurorus,아마루르가,Meteor Beam,메테오빔
Aurorus,아마루르가,Mirror Coat,미러코트
Aurorus,아마루르가,Mud Shot,머드숏
Aurorus,아마루르가,Outrage,역린
Aurorus,아마루르가,Protect,방어
Aurorus,아마루르가,Psychic,사이코키네시스
Aurorus,아마루르가,Rain Dance,비바라기
Aurorus,아마루르가,Reflect,리플렉터
Aurorus,아마루르가,Rest,잠자기
Aurorus,아마루르가,Rock Blast,락블레스트
Aurorus,아마루르가,Rock Slide,스톤샤워
Aurorus,아마루르가,Rock Tomb,암석봉인
Aurorus,아마루르가,Round,돌림노래
Aurorus,아마루르가,Safeguard,신비의부적
Aurorus,아마루르가,Sandstorm,모래바람
Aurorus,아마루르가,Sleep Talk,잠꼬대
Aurorus,아마루르가,Snore,코골기
Aurorus,아마루르가,Snowscape,설경
Aurorus,아마루르가,Stealth Rock,스텔스록
Aurorus,아마루르가,Stone Edge,스톤에지
Aurorus,아마루르가,Substitute,대타출동
Aurorus,아마루르가,Thunder,번개
Aurorus,아마루르가,Thunder Wave,전기자석파
Aurorus,아마루르가,Thunderbolt,10만볼트
Aurorus,아마루르가,Weather Ball,웨더볼
Aurorus,아마루르가,Zen Headbutt,사념의박치기
Sylveon,님피아,Alluring Voice,매혹의보이스
Sylveon,님피아,Baby-Doll Eyes,초롱초롱눈동자
Sylveon,님피아,Baton Pass,바톤터치
Sylveon,님피아,Bite,물기
Sylveon,님피아,Body Slam,누르기
Sylveon,님피아,Calm Mind,명상
Sylveon,님피아,Charm,애교부리기
Sylveon,님피아,Copycat,흉내쟁이
Sylveon,님피아,Covet,탐내다
Sylveon,님피아,Curse,저주
Sylveon,님피아,Dazzling Gleam,매지컬샤인
Sylveon,님피아,Detect,판별
Sylveon,님피아,Dig,구멍파기
Sylveon,님피아,Double-Edge,이판사판태클
Sylveon,님피아,Draining Kiss,드레인키스
Sylveon,님피아,Endure,버티기
Sylveon,님피아,Facade,객기
Sylveon,님피아,Fake Tears,거짓울음
Sylveon,님피아,Flail,바둥바둥
Sylveon,님피아,Focus Energy,기충전
Sylveon,님피아,Giga Impact,기가임팩트
Sylveon,님피아,Helping Hand,도우미
Sylveon,님피아,Hyper Beam,파괴광선
Sylveon,님피아,Hyper Voice,하이퍼보이스
Sylveon,님피아,Last Resort,뒀다쓰기
Sylveon,님피아,Light Screen,빛의장막
Sylveon,님피아,Misty Explosion,미스트버스트
Sylveon,님피아,Misty Terrain,미스트필드
Sylveon,님피아,Moonblast,문포스
Sylveon,님피아,Mud-Slap,진흙뿌리기
Sylveon,님피아,Mystical Fire,매지컬플레임
Sylveon,님피아,Play Rough,치근거리기
Sylveon,님피아,Protect,방어
Sylveon,님피아,Psych Up,자기암시
Sylveon,님피아,Psychic,사이코키네시스
Sylveon,님피아,Psyshock,사이코쇼크
Sylveon,님피아,Quick Attack,전광석화
Sylveon,님피아,Rain Dance,비바라기
Sylveon,님피아,Reflect,리플렉터
Sylveon,님피아,Rest,잠자기
Sylveon,님피아,Roar,울부짖기
Sylveon,님피아,Round,돌림노래
Sylveon,님피아,Safeguard,신비의부적
Sylveon,님피아,Shadow Ball,섀도볼
Sylveon,님피아,Skill Swap,스킬스웹
Sylveon,님피아,Sleep Talk,잠꼬대
Sylveon,님피아,Snore,코골기
Sylveon,님피아,Stored Power,어시스트파워
Sylveon,님피아,Substitute,대타출동
Sylveon,님피아,Sunny Day,쾌청
Sylveon,님피아,Tickle,간지르기
Sylveon,님피아,Trailblaze,개척하기
Sylveon,님피아,Weather Ball,웨더볼
Sylveon,님피아,Wish,희망사항
Sylveon,님피아,Yawn,하품
Hawlucha,루차불,Acrobatics,애크러뱃
Hawlucha,루차불,Aerial Ace,제비반환
Hawlucha,루차불,Agility,고속이동
Hawlucha,루차불,Air Slash,에어슬래시
Hawlucha,루차불,Assurance,승부굳히기
Hawlucha,루차불,Baton Pass,바톤터치
Hawlucha,루차불,Body Press,바디프레스
Hawlucha,루차불,Body Slam,누르기
Hawlucha,루차불,Bounce,뛰어오르다
Hawlucha,루차불,Brave Bird,브레이브버드
Hawlucha,루차불,Brick Break,깨트리다
Hawlucha,루차불,Bulk Up,벌크업
Hawlucha,루차불,Close Combat,인파이트
Hawlucha,루차불,Coaching,코칭
Hawlucha,루차불,Cross Chop,크로스촙
Hawlucha,루차불,Defog,안개제거
Hawlucha,루차불,Detect,판별
Hawlucha,루차불,Dig,구멍파기
Hawlucha,루차불,Drain Punch,드레인펀치
Hawlucha,루차불,Dual Wingbeat,더블윙
Hawlucha,루차불,Encore,앵콜
Hawlucha,루차불,Endeavor,죽기살기
Hawlucha,루차불,Endure,버티기
Hawlucha,루차불,Entrainment,동료만들기
Hawlucha,루차불,Facade,객기
Hawlucha,루차불,Feather Dance,깃털댄스
Hawlucha,루차불,Feint,페인트
Hawlucha,루차불,Fire Punch,불꽃펀치
Hawlucha,루차불,Fling,내던지기
Hawlucha,루차불,Fly,공중날기
Hawlucha,루차불,Flying Press,플라잉프레스
Hawlucha,루차불,Focus Blast,기합구슬
Hawlucha,루차불,Focus Punch,힘껏펀치
Hawlucha,루차불,Giga Impact,기가임팩트
Hawlucha,루차불,Grass Knot,풀묶기
Hawlucha,루차불,Helping Hand,도우미
Hawlucha,루차불,High Jump Kick,무릎차기
Hawlucha,루차불,Hyper Beam,파괴광선
Hawlucha,루차불,Iron Head,아이언헤드
Hawlucha,루차불,Low Kick,안다리걸기
Hawlucha,루차불,Low Sweep,로킥
Hawlucha,루차불,Lunge,덤벼들기
Hawlucha,루차불,Mean Look,검은눈빛
Hawlucha,루차불,Mega Kick,메가톤킥
Hawlucha,루차불,Payback,보복
Hawlucha,루차불,Poison Jab,독찌르기
Hawlucha,루차불,Protect,방어
Hawlucha,루차불,Quick Guard,퍼스트가드
Hawlucha,루차불,Rain Dance,비바라기
Hawlucha,루차불,Rest,잠자기
Hawlucha,루차불,Reversal,기사회생
Hawlucha,루차불,Rock Slide,스톤샤워
Hawlucha,루차불,Rock Tomb,암석봉인
Hawlucha,루차불,Roost,날개쉬기
Hawlucha,루차불,Round,돌림노래
Hawlucha,루차불,Sky Attack,불새
Hawlucha,루차불,Sleep Talk,잠꼬대
Hawlucha,루차불,Snore,코골기
Hawlucha,루차불,Steel Wing,강철날개
Hawlucha,루차불,Stone Edge,스톤에지
Hawlucha,루차불,Substitute,대타출동
Hawlucha,루차불,Sunny Day,쾌청
Hawlucha,루차불,Superpower,엄청난힘
Hawlucha,루차불,Swords Dance,칼춤
Hawlucha,루차불,Taunt,도발
Hawlucha,루차불,Thief,도둑질
Hawlucha,루차불,Throat Chop,지옥찌르기
Hawlucha,루차불,Thunder Punch,번개펀치
Hawlucha,루차불,Trailblaze,개척하기
Hawlucha,루차불,U-turn,유턴
Hawlucha,루차불,Upper Hand,기선제압
Hawlucha,루차불,Uproar,소란피기
Hawlucha,루차불,X-Scissor,시저크로스
Hawlucha,루차불,Zen Headbutt,사념의박치기
Dedenne,데덴네,Agility,고속이동
Dedenne,데덴네,Charge,충전
Dedenne,데덴네,Charge Beam,차지빔
Dedenne,데덴네,Charm,애교부리기
Dedenne,데덴네,Covet,탐내다
Dedenne,데덴네,Dazzling Gleam,매지컬샤인
Dedenne,데덴네,Dig,구멍파기
Dedenne,데덴네,Discharge,방전
Dedenne,데덴네,Draining Kiss,드레인키스
Dedenne,데덴네,Eerie Impulse,괴전파
Dedenne,데덴네,Electric Terrain,일렉트릭필드
Dedenne,데덴네,Electro Ball,일렉트릭볼
Dedenne,데덴네,Electroweb,일렉트릭네트
Dedenne,데덴네,Endeavor,죽기살기
Dedenne,데덴네,Endure,버티기
Dedenne,데덴네,Entrainment,동료만들기
Dedenne,데덴네,Facade,객기
Dedenne,데덴네,Fling,내던지기
Dedenne,데덴네,Giga Impact,기가임팩트
Dedenne,데덴네,Grass Knot,풀묶기
Dedenne,데덴네,Helping Hand,도우미
Dedenne,데덴네,Hyper Beam,파괴광선
Dedenne,데덴네,Iron Tail,아이언테일
Dedenne,데덴네,Light Screen,빛의장막
Dedenne,데덴네,Magnet Rise,전자부유
Dedenne,데덴네,Misty Terrain,미스트필드
Dedenne,데덴네,Nuzzle,볼부비부비
Dedenne,데덴네,Parabolic Charge,파라볼라차지
Dedenne,데덴네,Play Rough,치근거리기
Dedenne,데덴네,Protect,방어
Dedenne,데덴네,Rain Dance,비바라기
Dedenne,데덴네,Rest,잠자기
Dedenne,데덴네,Rising Voltage,라이징볼트
Dedenne,데덴네,Round,돌림노래
Dedenne,데덴네,Seed Bomb,씨폭탄
Dedenne,데덴네,Sleep Talk,잠꼬대
Dedenne,데덴네,Snore,코골기
Dedenne,데덴네,Substitute,대타출동
Dedenne,데덴네,Sunny Day,쾌청
Dedenne,데덴네,Super Fang,분노의앞니
Dedenne,데덴네,Tearful Look,눈물그렁그렁
Dedenne,데덴네,Thief,도둑질
Dedenne,데덴네,Thunder,번개
Dedenne,데덴네,Thunder Punch,번개펀치
Dedenne,데덴네,Thunder Wave,전기자석파
Dedenne,데덴네,Thunderbolt,10만볼트
Dedenne,데덴네,Trailblaze,개척하기
Dedenne,데덴네,U-turn,유턴
Dedenne,데덴네,Volt Switch,볼트체인지
Dedenne,데덴네,Wild Charge,와일드볼트
Goodra,미끄래곤,Acid Armor,녹기
Goodra,미끄래곤,Acid Spray,애시드봄
Goodra,미끄래곤,Aqua Tail,아쿠아테일
Goodra,미끄래곤,Assurance,승부굳히기
Goodra,미끄래곤,Blizzard,눈보라
Goodra,미끄래곤,Body Press,바디프레스
Goodra,미끄래곤,Body Slam,누르기
Goodra,미끄래곤,Breaking Swipe,와이드브레이커
Goodra,미끄래곤,Brutal Swing,세차게휘두르기
Goodra,미끄래곤,Bulldoze,땅고르기
Goodra,미끄래곤,Charm,애교부리기
Goodra,미끄래곤,Chilling Water,찬물끼얹기
Goodra,미끄래곤,Counter,카운터
Goodra,미끄래곤,Curse,저주
Goodra,미끄래곤,Draco Meteor,용성군
Goodra,미끄래곤,Dragon Cheer,드래곤옐
Goodra,미끄래곤,Dragon Claw,드래곤크루
Goodra,미끄래곤,Dragon Pulse,용의파동
Goodra,미끄래곤,Dragon Tail,드래곤테일
Goodra,미끄래곤,Earthquake,지진
Goodra,미끄래곤,Endure,버티기
Goodra,미끄래곤,Facade,객기
Goodra,미끄래곤,Feint,페인트
Goodra,미끄래곤,Fire Blast,불대문자
Goodra,미끄래곤,Fire Punch,불꽃펀치
Goodra,미끄래곤,Flail,바둥바둥
Goodra,미끄래곤,Flamethrower,화염방사
Goodra,미끄래곤,Focus Blast,기합구슬
Goodra,미끄래곤,Focus Punch,힘껏펀치
Goodra,미끄래곤,Giga Drain,기가드레인
Goodra,미끄래곤,Giga Impact,기가임팩트
Goodra,미끄래곤,Hydro Pump,하이드로펌프
Goodra,미끄래곤,Hyper Beam,파괴광선
Goodra,미끄래곤,Ice Beam,냉동빔
Goodra,미끄래곤,Iron Tail,아이언테일
Goodra,미끄래곤,Knock Off,탁쳐서떨구기
Goodra,미끄래곤,Life Dew,생명의물방울
Goodra,미끄래곤,Mega Kick,메가톤킥
Goodra,미끄래곤,Mud Shot,머드숏
Goodra,미끄래곤,Muddy Water,탁류
Goodra,미끄래곤,Outrage,역린
Goodra,미끄래곤,Power Whip,파워휩
Goodra,미끄래곤,Protect,방어
Goodra,미끄래곤,Rain Dance,비바라기
Goodra,미끄래곤,Rest,잠자기
Goodra,미끄래곤,Rock Slide,스톤샤워
Goodra,미끄래곤,Round,돌림노래
Goodra,미끄래곤,Scald,열탕
Goodra,미끄래곤,Skitter Smack,엄습하는일격
Goodra,미끄래곤,Sleep Talk,잠꼬대
Goodra,미끄래곤,Sludge Bomb,오물폭탄
Goodra,미끄래곤,Sludge Wave,오물웨이브
Goodra,미끄래곤,Snore,코골기
Goodra,미끄래곤,Stomping Tantrum,분함의발구르기
Goodra,미끄래곤,Substitute,대타출동
Goodra,미끄래곤,Sunny Day,쾌청
Goodra,미끄래곤,Superpower,엄청난힘
Goodra,미끄래곤,Surf,파도타기
Goodra,미끄래곤,Tearful Look,눈물그렁그렁
Goodra,미끄래곤,Thunder,번개
Goodra,미끄래곤,Thunder Punch,번개펀치
Goodra,미끄래곤,Thunderbolt,10만볼트
Goodra,미끄래곤,Toxic,맹독
Goodra,미끄래곤,Water Pulse,물의파동
Goodra,미끄래곤,Weather Ball,웨더볼
Goodra-Hisui,히스이 미끄래곤,Acid Spray,애시드봄
Goodra-Hisui,히스이 미끄래곤,Ancient Power,원시의힘
Goodra-Hisui,히스이 미끄래곤,Blizzard,눈보라
Goodra-Hisui,히스이 미끄래곤,Body Press,바디프레스
Goodra-Hisui,히스이 미끄래곤,Body Slam,누르기
Goodra-Hisui,히스이 미끄래곤,Breaking Swipe,와이드브레이커
Goodra-Hisui,히스이 미끄래곤,Bulldoze,땅고르기
Goodra-Hisui,히스이 미끄래곤,Charm,애교부리기
Goodra-Hisui,히스이 미끄래곤,Chilling Water,찬물끼얹기
Goodra-Hisui,히스이 미끄래곤,Counter,카운터
Goodra-Hisui,히스이 미끄래곤,Curse,저주
Goodra-Hisui,히스이 미끄래곤,Draco Meteor,용성군
Goodra-Hisui,히스이 미끄래곤,Dragon Cheer,드래곤옐
Goodra-Hisui,히스이 미끄래곤,Dragon Claw,드래곤크루
Goodra-Hisui,히스이 미끄래곤,Dragon Pulse,용의파동
Goodra-Hisui,히스이 미끄래곤,Dragon Tail,드래곤테일
Goodra-Hisui,히스이 미끄래곤,Earthquake,지진
Goodra-Hisui,히스이 미끄래곤,Endure,버티기
Goodra-Hisui,히스이 미끄래곤,Facade,객기
Goodra-Hisui,히스이 미끄래곤,Feint,페인트
Goodra-Hisui,히스이 미끄래곤,Fire Blast,불대문자
Goodra-Hisui,히스이 미끄래곤,Fire Punch,불꽃펀치
Goodra-Hisui,히스이 미끄래곤,Flail,바둥바둥
Goodra-Hisui,히스이 미끄래곤,Flamethrower,화염방사
Goodra-Hisui,히스이 미끄래곤,Flash Cannon,러스터캐논
Goodra-Hisui,히스이 미끄래곤,Giga Impact,기가임팩트
Goodra-Hisui,히스이 미끄래곤,Gyro Ball,자이로볼
Goodra-Hisui,히스이 미끄래곤,Heavy Slam,헤비봄버
Goodra-Hisui,히스이 미끄래곤,Hydro Pump,하이드로펌프
Goodra-Hisui,히스이 미끄래곤,Hyper Beam,파괴광선
Goodra-Hisui,히스이 미끄래곤,Ice Beam,냉동빔
Goodra-Hisui,히스이 미끄래곤,Ice Spinner,아이스스피너
Goodra-Hisui,히스이 미끄래곤,Iron Head,아이언헤드
Goodra-Hisui,히스이 미끄래곤,Iron Tail,아이언테일
Goodra-Hisui,히스이 미끄래곤,Knock Off,탁쳐서떨구기
Goodra-Hisui,히스이 미끄래곤,Lash Out,분풀이
Goodra-Hisui,히스이 미끄래곤,Life Dew,생명의물방울
Goodra-Hisui,히스이 미끄래곤,Mud Shot,머드숏
Goodra-Hisui,히스이 미끄래곤,Muddy Water,탁류
Goodra-Hisui,히스이 미끄래곤,Outrage,역린
Goodra-Hisui,히스이 미끄래곤,Protect,방어
Goodra-Hisui,히스이 미끄래곤,Rain Dance,비바라기
Goodra-Hisui,히스이 미끄래곤,Rest,잠자기
Goodra-Hisui,히스이 미끄래곤,Rock Slide,스톤샤워
Goodra-Hisui,히스이 미끄래곤,Rock Tomb,암석봉인
Goodra-Hisui,히스이 미끄래곤,Sandstorm,모래바람
Goodra-Hisui,히스이 미끄래곤,Scary Face,겁나는얼굴
Goodra-Hisui,히스이 미끄래곤,Shelter,농성
Goodra-Hisui,히스이 미끄래곤,Skitter Smack,엄습하는일격
Goodra-Hisui,히스이 미끄래곤,Sleep Talk,잠꼬대
Goodra-Hisui,히스이 미끄래곤,Sludge Bomb,오물폭탄
Goodra-Hisui,히스이 미끄래곤,Sludge Wave,오물웨이브
Goodra-Hisui,히스이 미끄래곤,Steel Beam,철제광선
Goodra-Hisui,히스이 미끄래곤,Stomping Tantrum,분함의발구르기
Goodra-Hisui,히스이 미끄래곤,Substitute,대타출동
Goodra-Hisui,히스이 미끄래곤,Sunny Day,쾌청
Goodra-Hisui,히스이 미끄래곤,Surf,파도타기
Goodra-Hisui,히스이 미끄래곤,Tearful Look,눈물그렁그렁
Goodra-Hisui,히스이 미끄래곤,Thunder,번개
Goodra-Hisui,히스이 미끄래곤,Thunder Punch,번개펀치
Goodra-Hisui,히스이 미끄래곤,Thunderbolt,10만볼트
Goodra-Hisui,히스이 미끄래곤,Water Pulse,물의파동
Goodra-Hisui,히스이 미끄래곤,Weather Ball,웨더볼
Klefki,클레피,Calm Mind,명상
Klefki,클레피,Dazzling Gleam,매지컬샤인
Klefki,클레피,Draining Kiss,드레인키스
Klefki,클레피,Endure,버티기
Klefki,클레피,Facade,객기
Klefki,클레피,Fairy Lock,페어리록
Klefki,클레피,Flash Cannon,러스터캐논
Klefki,클레피,Foul Play,속임수
Klefki,클레피,Future Sight,미래예지
Klefki,클레피,Giga Impact,기가임팩트
Klefki,클레피,Hyper Beam,파괴광선
Klefki,클레피,Imprison,봉인
Klefki,클레피,Iron Defense,철벽
Klefki,클레피,Last Resort,뒀다쓰기
Klefki,클레피,Light Screen,빛의장막
Klefki,클레피,Magic Room,매직룸
Klefki,클레피,Magnet Rise,전자부유
Klefki,클레피,Metal Sound,금속음
Klefki,클레피,Misty Terrain,미스트필드
Klefki,클레피,Play Rough,치근거리기
Klefki,클레피,Protect,방어
Klefki,클레피,Psych Up,자기암시
Klefki,클레피,Psychic,사이코키네시스
Klefki,클레피,Psyshock,사이코쇼크
Klefki,클레피,Rain Dance,비바라기
Klefki,클레피,Recycle,리사이클
Klefki,클레피,Reflect,리플렉터
Klefki,클레피,Rest,잠자기
Klefki,클레피,Round,돌림노래
Klefki,클레피,Safeguard,신비의부적
Klefki,클레피,Sandstorm,모래바람
Klefki,클레피,Skitter Smack,엄습하는일격
Klefki,클레피,Sleep Talk,잠꼬대
Klefki,클레피,Snore,코골기
Klefki,클레피,Spikes,압정뿌리기
Klefki,클레피,Steel Beam,철제광선
Klefki,클레피,Stored Power,어시스트파워
Klefki,클레피,Substitute,대타출동
Klefki,클레피,Sunny Day,쾌청
Klefki,클레피,Switcheroo,바꿔치기
Klefki,클레피,Thief,도둑질
Klefki,클레피,Thunder Wave,전기자석파
Klefki,클레피,Torment,트집
Klefki,클레피,Trick Room,트릭룸
Trevenant,대로트,Ally Switch,사이드체인지
Trevenant,대로트,Brutal Swing,세차게휘두르기
Trevenant,대로트,Bulldoze,땅고르기
Trevenant,대로트,Burning Jealousy,질투의불꽃
Trevenant,대로트,Calm Mind,명상
Trevenant,대로트,Confuse Ray,이상한빛
Trevenant,대로트,Curse,저주
Trevenant,대로트,Dark Pulse,악의파동
Trevenant,대로트,Destiny Bond,길동무
Trevenant,대로트,Dig,구멍파기
Trevenant,대로트,Disable,사슬묶기
Trevenant,대로트,Drain Punch,드레인펀치
Trevenant,대로트,Earthquake,지진
Trevenant,대로트,Endure,버티기
Trevenant,대로트,Energy Ball,에너지볼
Trevenant,대로트,Facade,객기
Trevenant,대로트,Focus Blast,기합구슬
Trevenant,대로트,Forest's Curse,숲의저주
Trevenant,대로트,Foul Play,속임수
Trevenant,대로트,Giga Drain,기가드레인
Trevenant,대로트,Giga Impact,기가임팩트
Trevenant,대로트,Grass Knot,풀묶기
Trevenant,대로트,Grassy Glide,그래스슬라이더
Trevenant,대로트,Grassy Terrain,그래스필드
Trevenant,대로트,Growth,성장
Trevenant,대로트,Haze,흑안개
Trevenant,대로트,Hex,병상첨병
Trevenant,대로트,Horn Leech,우드호른
Trevenant,대로트,Hyper Beam,파괴광선
Trevenant,대로트,Imprison,봉인
Trevenant,대로트,Ingrain,뿌리박기
Trevenant,대로트,Knock Off,탁쳐서떨구기
Trevenant,대로트,Lash Out,분풀이
Trevenant,대로트,Leaf Storm,리프스톰
Trevenant,대로트,Leech Seed,씨뿌리기
Trevenant,대로트,Night Shade,나이트헤드
Trevenant,대로트,Pain Split,아픔나누기
Trevenant,대로트,Phantom Force,고스트다이브
Trevenant,대로트,Poison Jab,독찌르기
Trevenant,대로트,Poltergeist,폴터가이스트
Trevenant,대로트,Protect,방어
Trevenant,대로트,Psych Up,자기암시
Trevenant,대로트,Psychic,사이코키네시스
Trevenant,대로트,Psychic Noise,사이코노이즈
Trevenant,대로트,Rain Dance,비바라기
Trevenant,대로트,Reflect,리플렉터
Trevenant,대로트,Rest,잠자기
Trevenant,대로트,Rock Slide,스톤샤워
Trevenant,대로트,Round,돌림노래
Trevenant,대로트,Safeguard,신비의부적
Trevenant,대로트,Scary Face,겁나는얼굴
Trevenant,대로트,Seed Bomb,씨폭탄
Trevenant,대로트,Shadow Ball,섀도볼
Trevenant,대로트,Shadow Claw,섀도크루
Trevenant,대로트,Shadow Punch,섀도펀치
Trevenant,대로트,Skill Swap,스킬스웹
Trevenant,대로트,Skitter Smack,엄습하는일격
Trevenant,대로트,Sleep Talk,잠꼬대
Trevenant,대로트,Snore,코골기
Trevenant,대로트,Solar Beam,솔라빔
Trevenant,대로트,Spite,원한
Trevenant,대로트,Substitute,대타출동
Trevenant,대로트,Sucker Punch,기습
Trevenant,대로트,Sunny Day,쾌청
Trevenant,대로트,Swagger,뽐내기
Trevenant,대로트,Thief,도둑질
Trevenant,대로트,Toxic,맹독
Trevenant,대로트,Trailblaze,개척하기
Trevenant,대로트,Trick,트릭
Trevenant,대로트,Trick Room,트릭룸
Trevenant,대로트,Will-O-Wisp,도깨비불
Trevenant,대로트,Wood Hammer,우드해머
Trevenant,대로트,X-Scissor,시저크로스
Gourgeist,펌킨인,Ally Switch,사이드체인지
Gourgeist,펌킨인,Attract,헤롱헤롱
Gourgeist,펌킨인,Brutal Swing,세차게휘두르기
Gourgeist,펌킨인,Bullet Seed,기관총
Gourgeist,펌킨인,Confuse Ray,이상한빛
Gourgeist,펌킨인,Curse,저주
Gourgeist,펌킨인,Dark Pulse,악의파동
Gourgeist,펌킨인,Destiny Bond,길동무
Gourgeist,펌킨인,Disable,사슬묶기
Gourgeist,펌킨인,Endure,버티기
Gourgeist,펌킨인,Energy Ball,에너지볼
Gourgeist,펌킨인,Explosion,대폭발
Gourgeist,펌킨인,Facade,객기
Gourgeist,펌킨인,Fire Blast,불대문자
Gourgeist,펌킨인,Flamethrower,화염방사
Gourgeist,펌킨인,Focus Blast,기합구슬
Gourgeist,펌킨인,Foul Play,속임수
Gourgeist,펌킨인,Giga Drain,기가드레인
Gourgeist,펌킨인,Giga Impact,기가임팩트
Gourgeist,펌킨인,Grass Knot,풀묶기
Gourgeist,펌킨인,Grassy Glide,그래스슬라이더
Gourgeist,펌킨인,Gyro Ball,자이로볼
Gourgeist,펌킨인,Hex,병상첨병
Gourgeist,펌킨인,Hyper Beam,파괴광선
Gourgeist,펌킨인,Hypnosis,최면술
Gourgeist,펌킨인,Imprison,봉인
Gourgeist,펌킨인,Leech Seed,씨뿌리기
Gourgeist,펌킨인,Light Screen,빛의장막
Gourgeist,펌킨인,Moonblast,문포스
Gourgeist,펌킨인,Mystical Fire,매지컬플레임
Gourgeist,펌킨인,Nasty Plot,나쁜음모
Gourgeist,펌킨인,Pain Split,아픔나누기
Gourgeist,펌킨인,Phantom Force,고스트다이브
Gourgeist,펌킨인,Poltergeist,폴터가이스트
Gourgeist,펌킨인,Power Whip,파워휩
Gourgeist,펌킨인,Protect,방어
Gourgeist,펌킨인,Psychic,사이코키네시스
Gourgeist,펌킨인,Rest,잠자기
Gourgeist,펌킨인,Rock Slide,스톤샤워
Gourgeist,펌킨인,Round,돌림노래
Gourgeist,펌킨인,Safeguard,신비의부적
Gourgeist,펌킨인,Scary Face,겁나는얼굴
Gourgeist,펌킨인,Seed Bomb,씨폭탄
Gourgeist,펌킨인,Self-Destruct,자폭
Gourgeist,펌킨인,Shadow Ball,섀도볼
Gourgeist,펌킨인,Shadow Sneak,야습
Gourgeist,펌킨인,Skill Swap,스킬스웹
Gourgeist,펌킨인,Skitter Smack,엄습하는일격
Gourgeist,펌킨인,Sleep Talk,잠꼬대
Gourgeist,펌킨인,Sludge Bomb,오물폭탄
Gourgeist,펌킨인,Snore,코골기
Gourgeist,펌킨인,Solar Beam,솔라빔
Gourgeist,펌킨인,Substitute,대타출동
Gourgeist,펌킨인,Sunny Day,쾌청
Gourgeist,펌킨인,Thief,도둑질
Gourgeist,펌킨인,Trick,트릭
Gourgeist,펌킨인,Trick Room,트릭룸
Gourgeist,펌킨인,Trick-or-Treat,핼러윈
Gourgeist,펌킨인,Will-O-Wisp,도깨비불
Gourgeist,펌킨인,Worry Seed,고민씨
Gourgeist-Small,펌킨인 (작은 사이즈),Ally Switch,사이드체인지
Gourgeist-Small,펌킨인 (작은 사이즈),Attract,헤롱헤롱
Gourgeist-Small,펌킨인 (작은 사이즈),Brutal Swing,세차게휘두르기
Gourgeist-Small,펌킨인 (작은 사이즈),Bullet Seed,기관총
Gourgeist-Small,펌킨인 (작은 사이즈),Confuse Ray,이상한빛
Gourgeist-Small,펌킨인 (작은 사이즈),Curse,저주
Gourgeist-Small,펌킨인 (작은 사이즈),Dark Pulse,악의파동
Gourgeist-Small,펌킨인 (작은 사이즈),Destiny Bond,길동무
Gourgeist-Small,펌킨인 (작은 사이즈),Disable,사슬묶기
Gourgeist-Small,펌킨인 (작은 사이즈),Endure,버티기
Gourgeist-Small,펌킨인 (작은 사이즈),Energy Ball,에너지볼
Gourgeist-Small,펌킨인 (작은 사이즈),Explosion,대폭발
Gourgeist-Small,펌킨인 (작은 사이즈),Facade,객기
Gourgeist-Small,펌킨인 (작은 사이즈),Fire Blast,불대문자
Gourgeist-Small,펌킨인 (작은 사이즈),Flamethrower,화염방사
Gourgeist-Small,펌킨인 (작은 사이즈),Focus Blast,기합구슬
Gourgeist-Small,펌킨인 (작은 사이즈),Foul Play,속임수
Gourgeist-Small,펌킨인 (작은 사이즈),Giga Drain,기가드레인
Gourgeist-Small,펌킨인 (작은 사이즈),Giga Impact,기가임팩트
Gourgeist-Small,펌킨인 (작은 사이즈),Grass Knot,풀묶기
Gourgeist-Small,펌킨인 (작은 사이즈),Grassy Glide,그래스슬라이더
Gourgeist-Small,펌킨인 (작은 사이즈),Gyro Ball,자이로볼
Gourgeist-Small,펌킨인 (작은 사이즈),Hex,병상첨병
Gourgeist-Small,펌킨인 (작은 사이즈),Hyper Beam,파괴광선
Gourgeist-Small,펌킨인 (작은 사이즈),Hypnosis,최면술
Gourgeist-Small,펌킨인 (작은 사이즈),Imprison,봉인
Gourgeist-Small,펌킨인 (작은 사이즈),Leech Seed,씨뿌리기
Gourgeist-Small,펌킨인 (작은 사이즈),Light Screen,빛의장막
Gourgeist-Small,펌킨인 (작은 사이즈),Moonblast,문포스
Gourgeist-Small,펌킨인 (작은 사이즈),Mystical Fire,매지컬플레임
Gourgeist-Small,펌킨인 (작은 사이즈),Nasty Plot,나쁜음모
Gourgeist-Small,펌킨인 (작은 사이즈),Pain Split,아픔나누기
Gourgeist-Small,펌킨인 (작은 사이즈),Phantom Force,고스트다이브
Gourgeist-Small,펌킨인 (작은 사이즈),Poltergeist,폴터가이스트
Gourgeist-Small,펌킨인 (작은 사이즈),Power Whip,파워휩
Gourgeist-Small,펌킨인 (작은 사이즈),Protect,방어
Gourgeist-Small,펌킨인 (작은 사이즈),Psychic,사이코키네시스
Gourgeist-Small,펌킨인 (작은 사이즈),Rest,잠자기
Gourgeist-Small,펌킨인 (작은 사이즈),Rock Slide,스톤샤워
Gourgeist-Small,펌킨인 (작은 사이즈),Round,돌림노래
Gourgeist-Small,펌킨인 (작은 사이즈),Safeguard,신비의부적
Gourgeist-Small,펌킨인 (작은 사이즈),Scary Face,겁나는얼굴
Gourgeist-Small,펌킨인 (작은 사이즈),Seed Bomb,씨폭탄
Gourgeist-Small,펌킨인 (작은 사이즈),Self-Destruct,자폭
Gourgeist-Small,펌킨인 (작은 사이즈),Shadow Ball,섀도볼
Gourgeist-Small,펌킨인 (작은 사이즈),Shadow Sneak,야습
Gourgeist-Small,펌킨인 (작은 사이즈),Skill Swap,스킬스웹
Gourgeist-Small,펌킨인 (작은 사이즈),Skitter Smack,엄습하는일격
Gourgeist-Small,펌킨인 (작은 사이즈),Sleep Talk,잠꼬대
Gourgeist-Small,펌킨인 (작은 사이즈),Sludge Bomb,오물폭탄
Gourgeist-Small,펌킨인 (작은 사이즈),Snore,코골기
Gourgeist-Small,펌킨인 (작은 사이즈),Solar Beam,솔라빔
Gourgeist-Small,펌킨인 (작은 사이즈),Substitute,대타출동
Gourgeist-Small,펌킨인 (작은 사이즈),Sunny Day,쾌청
Gourgeist-Small,펌킨인 (작은 사이즈),Thief,도둑질
Gourgeist-Small,펌킨인 (작은 사이즈),Trick,트릭
Gourgeist-Small,펌킨인 (작은 사이즈),Trick Room,트릭룸
Gourgeist-Small,펌킨인 (작은 사이즈),Trick-or-Treat,핼러윈
Gourgeist-Small,펌킨인 (작은 사이즈),Will-O-Wisp,도깨비불
Gourgeist-Small,펌킨인 (작은 사이즈),Worry Seed,고민씨
Gourgeist-Large,펌킨인 (큰 사이즈),Ally Switch,사이드체인지
Gourgeist-Large,펌킨인 (큰 사이즈),Attract,헤롱헤롱
Gourgeist-Large,펌킨인 (큰 사이즈),Brutal Swing,세차게휘두르기
Gourgeist-Large,펌킨인 (큰 사이즈),Bullet Seed,기관총
Gourgeist-Large,펌킨인 (큰 사이즈),Confuse Ray,이상한빛
Gourgeist-Large,펌킨인 (큰 사이즈),Curse,저주
Gourgeist-Large,펌킨인 (큰 사이즈),Dark Pulse,악의파동
Gourgeist-Large,펌킨인 (큰 사이즈),Destiny Bond,길동무
Gourgeist-Large,펌킨인 (큰 사이즈),Disable,사슬묶기
Gourgeist-Large,펌킨인 (큰 사이즈),Endure,버티기
Gourgeist-Large,펌킨인 (큰 사이즈),Energy Ball,에너지볼
Gourgeist-Large,펌킨인 (큰 사이즈),Explosion,대폭발
Gourgeist-Large,펌킨인 (큰 사이즈),Facade,객기
Gourgeist-Large,펌킨인 (큰 사이즈),Fire Blast,불대문자
Gourgeist-Large,펌킨인 (큰 사이즈),Flamethrower,화염방사
Gourgeist-Large,펌킨인 (큰 사이즈),Focus Blast,기합구슬
Gourgeist-Large,펌킨인 (큰 사이즈),Foul Play,속임수
Gourgeist-Large,펌킨인 (큰 사이즈),Giga Drain,기가드레인
Gourgeist-Large,펌킨인 (큰 사이즈),Giga Impact,기가임팩트
Gourgeist-Large,펌킨인 (큰 사이즈),Grass Knot,풀묶기
Gourgeist-Large,펌킨인 (큰 사이즈),Grassy Glide,그래스슬라이더
Gourgeist-Large,펌킨인 (큰 사이즈),Gyro Ball,자이로볼
Gourgeist-Large,펌킨인 (큰 사이즈),Hex,병상첨병
Gourgeist-Large,펌킨인 (큰 사이즈),Hyper Beam,파괴광선
Gourgeist-Large,펌킨인 (큰 사이즈),Hypnosis,최면술
Gourgeist-Large,펌킨인 (큰 사이즈),Imprison,봉인
Gourgeist-Large,펌킨인 (큰 사이즈),Leech Seed,씨뿌리기
Gourgeist-Large,펌킨인 (큰 사이즈),Light Screen,빛의장막
Gourgeist-Large,펌킨인 (큰 사이즈),Moonblast,문포스
Gourgeist-Large,펌킨인 (큰 사이즈),Mystical Fire,매지컬플레임
Gourgeist-Large,펌킨인 (큰 사이즈),Nasty Plot,나쁜음모
Gourgeist-Large,펌킨인 (큰 사이즈),Pain Split,아픔나누기
Gourgeist-Large,펌킨인 (큰 사이즈),Phantom Force,고스트다이브
Gourgeist-Large,펌킨인 (큰 사이즈),Poltergeist,폴터가이스트
Gourgeist-Large,펌킨인 (큰 사이즈),Power Whip,파워휩
Gourgeist-Large,펌킨인 (큰 사이즈),Protect,방어
Gourgeist-Large,펌킨인 (큰 사이즈),Psychic,사이코키네시스
Gourgeist-Large,펌킨인 (큰 사이즈),Rest,잠자기
Gourgeist-Large,펌킨인 (큰 사이즈),Rock Slide,스톤샤워
Gourgeist-Large,펌킨인 (큰 사이즈),Round,돌림노래
Gourgeist-Large,펌킨인 (큰 사이즈),Safeguard,신비의부적
Gourgeist-Large,펌킨인 (큰 사이즈),Scary Face,겁나는얼굴
Gourgeist-Large,펌킨인 (큰 사이즈),Seed Bomb,씨폭탄
Gourgeist-Large,펌킨인 (큰 사이즈),Self-Destruct,자폭
Gourgeist-Large,펌킨인 (큰 사이즈),Shadow Ball,섀도볼
Gourgeist-Large,펌킨인 (큰 사이즈),Shadow Sneak,야습
Gourgeist-Large,펌킨인 (큰 사이즈),Skill Swap,스킬스웹
Gourgeist-Large,펌킨인 (큰 사이즈),Skitter Smack,엄습하는일격
Gourgeist-Large,펌킨인 (큰 사이즈),Sleep Talk,잠꼬대
Gourgeist-Large,펌킨인 (큰 사이즈),Sludge Bomb,오물폭탄
Gourgeist-Large,펌킨인 (큰 사이즈),Snore,코골기
Gourgeist-Large,펌킨인 (큰 사이즈),Solar Beam,솔라빔
Gourgeist-Large,펌킨인 (큰 사이즈),Substitute,대타출동
Gourgeist-Large,펌킨인 (큰 사이즈),Sunny Day,쾌청
Gourgeist-Large,펌킨인 (큰 사이즈),Thief,도둑질
Gourgeist-Large,펌킨인 (큰 사이즈),Trick,트릭
Gourgeist-Large,펌킨인 (큰 사이즈),Trick Room,트릭룸
Gourgeist-Large,펌킨인 (큰 사이즈),Trick-or-Treat,핼러윈
Gourgeist-Large,펌킨인 (큰 사이즈),Will-O-Wisp,도깨비불
Gourgeist-Large,펌킨인 (큰 사이즈),Worry Seed,고민씨
Gourgeist-Super,펌킨인 (특대 사이즈),Ally Switch,사이드체인지
Gourgeist-Super,펌킨인 (특대 사이즈),Attract,헤롱헤롱
Gourgeist-Super,펌킨인 (특대 사이즈),Brutal Swing,세차게휘두르기
Gourgeist-Super,펌킨인 (특대 사이즈),Bullet Seed,기관총
Gourgeist-Super,펌킨인 (특대 사이즈),Confuse Ray,이상한빛
Gourgeist-Super,펌킨인 (특대 사이즈),Curse,저주
Gourgeist-Super,펌킨인 (특대 사이즈),Dark Pulse,악의파동
Gourgeist-Super,펌킨인 (특대 사이즈),Destiny Bond,길동무
Gourgeist-Super,펌킨인 (특대 사이즈),Disable,사슬묶기
Gourgeist-Super,펌킨인 (특대 사이즈),Endure,버티기
Gourgeist-Super,펌킨인 (특대 사이즈),Energy Ball,에너지볼
Gourgeist-Super,펌킨인 (특대 사이즈),Explosion,대폭발
Gourgeist-Super,펌킨인 (특대 사이즈),Facade,객기
Gourgeist-Super,펌킨인 (특대 사이즈),Fire Blast,불대문자
Gourgeist-Super,펌킨인 (특대 사이즈),Flamethrower,화염방사
Gourgeist-Super,펌킨인 (특대 사이즈),Focus Blast,기합구슬
Gourgeist-Super,펌킨인 (특대 사이즈),Foul Play,속임수
Gourgeist-Super,펌킨인 (특대 사이즈),Giga Drain,기가드레인
Gourgeist-Super,펌킨인 (특대 사이즈),Giga Impact,기가임팩트
Gourgeist-Super,펌킨인 (특대 사이즈),Grass Knot,풀묶기
Gourgeist-Super,펌킨인 (특대 사이즈),Grassy Glide,그래스슬라이더
Gourgeist-Super,펌킨인 (특대 사이즈),Gyro Ball,자이로볼
Gourgeist-Super,펌킨인 (특대 사이즈),Hex,병상첨병
Gourgeist-Super,펌킨인 (특대 사이즈),Hyper Beam,파괴광선
Gourgeist-Super,펌킨인 (특대 사이즈),Hypnosis,최면술
Gourgeist-Super,펌킨인 (특대 사이즈),Imprison,봉인
Gourgeist-Super,펌킨인 (특대 사이즈),Leech Seed,씨뿌리기
Gourgeist-Super,펌킨인 (특대 사이즈),Light Screen,빛의장막
Gourgeist-Super,펌킨인 (특대 사이즈),Moonblast,문포스
Gourgeist-Super,펌킨인 (특대 사이즈),Mystical Fire,매지컬플레임
Gourgeist-Super,펌킨인 (특대 사이즈),Nasty Plot,나쁜음모
Gourgeist-Super,펌킨인 (특대 사이즈),Pain Split,아픔나누기
Gourgeist-Super,펌킨인 (특대 사이즈),Phantom Force,고스트다이브
Gourgeist-Super,펌킨인 (특대 사이즈),Poltergeist,폴터가이스트
Gourgeist-Super,펌킨인 (특대 사이즈),Power Whip,파워휩
Gourgeist-Super,펌킨인 (특대 사이즈),Protect,방어
Gourgeist-Super,펌킨인 (특대 사이즈),Psychic,사이코키네시스
Gourgeist-Super,펌킨인 (특대 사이즈),Rest,잠자기
Gourgeist-Super,펌킨인 (특대 사이즈),Rock Slide,스톤샤워
Gourgeist-Super,펌킨인 (특대 사이즈),Round,돌림노래
Gourgeist-Super,펌킨인 (특대 사이즈),Safeguard,신비의부적
Gourgeist-Super,펌킨인 (특대 사이즈),Scary Face,겁나는얼굴
Gourgeist-Super,펌킨인 (특대 사이즈),Seed Bomb,씨폭탄
Gourgeist-Super,펌킨인 (특대 사이즈),Self-Destruct,자폭
Gourgeist-Super,펌킨인 (특대 사이즈),Shadow Ball,섀도볼
Gourgeist-Super,펌킨인 (특대 사이즈),Shadow Sneak,야습
Gourgeist-Super,펌킨인 (특대 사이즈),Skill Swap,스킬스웹
Gourgeist-Super,펌킨인 (특대 사이즈),Skitter Smack,엄습하는일격
Gourgeist-Super,펌킨인 (특대 사이즈),Sleep Talk,잠꼬대
Gourgeist-Super,펌킨인 (특대 사이즈),Sludge Bomb,오물폭탄
Gourgeist-Super,펌킨인 (특대 사이즈),Snore,코골기
Gourgeist-Super,펌킨인 (특대 사이즈),Solar Beam,솔라빔
Gourgeist-Super,펌킨인 (특대 사이즈),Substitute,대타출동
Gourgeist-Super,펌킨인 (특대 사이즈),Sunny Day,쾌청
Gourgeist-Super,펌킨인 (특대 사이즈),Thief,도둑질
Gourgeist-Super,펌킨인 (특대 사이즈),Trick,트릭
Gourgeist-Super,펌킨인 (특대 사이즈),Trick Room,트릭룸
Gourgeist-Super,펌킨인 (특대 사이즈),Trick-or-Treat,핼러윈
Gourgeist-Super,펌킨인 (특대 사이즈),Will-O-Wisp,도깨비불
Gourgeist-Super,펌킨인 (특대 사이즈),Worry Seed,고민씨
Avalugg,크레베이스,Aurora Veil,오로라베일
Avalugg,크레베이스,Avalanche,눈사태
Avalugg,크레베이스,Bite,물기
Avalugg,크레베이스,Blizzard,눈보라
Avalugg,크레베이스,Body Press,바디프레스
Avalugg,크레베이스,Body Slam,누르기
Avalugg,크레베이스,Bulldoze,땅고르기
Avalugg,크레베이스,Chilling Water,찬물끼얹기
Avalugg,크레베이스,Crunch,깨물어부수기
Avalugg,크레베이스,Curse,저주
Avalugg,크레베이스,Double-Edge,이판사판태클
Avalugg,크레베이스,Earthquake,지진
Avalugg,크레베이스,Endure,버티기
Avalugg,크레베이스,Facade,객기
Avalugg,크레베이스,Flash Cannon,러스터캐논
Avalugg,크레베이스,Frost Breath,얼음숨결
Avalugg,크레베이스,Giga Impact,기가임팩트
Avalugg,크레베이스,Gyro Ball,자이로볼
Avalugg,크레베이스,Heavy Slam,헤비봄버
Avalugg,크레베이스,High Horsepower,10만마력
Avalugg,크레베이스,Hydro Pump,하이드로펌프
Avalugg,크레베이스,Hyper Beam,파괴광선
Avalugg,크레베이스,Ice Beam,냉동빔
Avalugg,크레베이스,Ice Fang,얼음엄니
Avalugg,크레베이스,Ice Spinner,아이스스피너
Avalugg,크레베이스,Icicle Crash,고드름떨구기
Avalugg,크레베이스,Icicle Spear,고드름침
Avalugg,크레베이스,Icy Wind,얼다바람
Avalugg,크레베이스,Iron Defense,철벽
Avalugg,크레베이스,Iron Head,아이언헤드
Avalugg,크레베이스,Mirror Coat,미러코트
Avalugg,크레베이스,Protect,방어
Avalugg,크레베이스,Rain Dance,비바라기
Avalugg,크레베이스,Rapid Spin,고속스핀
Avalugg,크레베이스,Recover,HP회복
Avalugg,크레베이스,Rest,잠자기
Avalugg,크레베이스,Rock Slide,스톤샤워
Avalugg,크레베이스,Rock Tomb,암석봉인
Avalugg,크레베이스,Round,돌림노래
Avalugg,크레베이스,Scary Face,겁나는얼굴
Avalugg,크레베이스,Sleep Talk,잠꼬대
Avalugg,크레베이스,Snore,코골기
Avalugg,크레베이스,Snowscape,설경
Avalugg,크레베이스,Stomping Tantrum,분함의발구르기
Avalugg,크레베이스,Stone Edge,스톤에지
Avalugg,크레베이스,Substitute,대타출동
Avalugg,크레베이스,Superpower,엄청난힘
Avalugg,크레베이스,Surf,파도타기
Avalugg,크레베이스,Wide Guard,와이드가드
Avalugg-Hisui,히스이 크레베이스,Ancient Power,원시의힘
Avalugg-Hisui,히스이 크레베이스,Aurora Veil,오로라베일
Avalugg-Hisui,히스이 크레베이스,Avalanche,눈사태
Avalugg-Hisui,히스이 크레베이스,Bite,물기
Avalugg-Hisui,히스이 크레베이스,Blizzard,눈보라
Avalugg-Hisui,히스이 크레베이스,Body Press,바디프레스
Avalugg-Hisui,히스이 크레베이스,Body Slam,누르기
Avalugg-Hisui,히스이 크레베이스,Bulldoze,땅고르기
Avalugg-Hisui,히스이 크레베이스,Chilling Water,찬물끼얹기
Avalugg-Hisui,히스이 크레베이스,Crunch,깨물어부수기
Avalugg-Hisui,히스이 크레베이스,Curse,저주
Avalugg-Hisui,히스이 크레베이스,Dig,구멍파기
Avalugg-Hisui,히스이 크레베이스,Double-Edge,이판사판태클
Avalugg-Hisui,히스이 크레베이스,Earthquake,지진
Avalugg-Hisui,히스이 크레베이스,Endure,버티기
Avalugg-Hisui,히스이 크레베이스,Facade,객기
Avalugg-Hisui,히스이 크레베이스,Giga Impact,기가임팩트
Avalugg-Hisui,히스이 크레베이스,Gyro Ball,자이로볼
Avalugg-Hisui,히스이 크레베이스,Hard Press,하드프레스
Avalugg-Hisui,히스이 크레베이스,Heavy Slam,헤비봄버
Avalugg-Hisui,히스이 크레베이스,High Horsepower,10만마력
Avalugg-Hisui,히스이 크레베이스,Hyper Beam,파괴광선
Avalugg-Hisui,히스이 크레베이스,Ice Beam,냉동빔
Avalugg-Hisui,히스이 크레베이스,Ice Fang,얼음엄니
Avalugg-Hisui,히스이 크레베이스,Ice Spinner,아이스스피너
Avalugg-Hisui,히스이 크레베이스,Icicle Spear,고드름침
Avalugg-Hisui,히스이 크레베이스,Icy Wind,얼다바람
Avalugg-Hisui,히스이 크레베이스,Iron Defense,철벽
Avalugg-Hisui,히스이 크레베이스,Iron Head,아이언헤드
Avalugg-Hisui,히스이 크레베이스,Meteor Beam,메테오빔
Avalugg-Hisui,히스이 크레베이스,Mirror Coat,미러코트
Avalugg-Hisui,히스이 크레베이스,Mountain Gale,빙산바람
Avalugg-Hisui,히스이 크레베이스,Protect,방어
Avalugg-Hisui,히스이 크레베이스,Rain Dance,비바라기
Avalugg-Hisui,히스이 크레베이스,Rapid Spin,고속스핀
Avalugg-Hisui,히스이 크레베이스,Recover,HP회복
Avalugg-Hisui,히스이 크레베이스,Rest,잠자기
Avalugg-Hisui,히스이 크레베이스,Rock Blast,락블레스트
Avalugg-Hisui,히스이 크레베이스,Rock Slide,스톤샤워
Avalugg-Hisui,히스이 크레베이스,Rock Tomb,암석봉인
Avalugg-Hisui,히스이 크레베이스,Sandstorm,모래바람
Avalugg-Hisui,히스이 크레베이스,Scary Face,겁나는얼굴
Avalugg-Hisui,히스이 크레베이스,Sleep Talk,잠꼬대
Avalugg-Hisui,히스이 크레베이스,Snowscape,설경
Avalugg-Hisui,히스이 크레베이스,Stealth Rock,스텔스록
Avalugg-Hisui,히스이 크레베이스,Stomping Tantrum,분함의발구르기
Avalugg-Hisui,히스이 크레베이스,Stone Edge,스톤에지
Avalugg-Hisui,히스이 크레베이스,Substitute,대타출동
Avalugg-Hisui,히스이 크레베이스,Wide Guard,와이드가드
Noivern,음번,Acrobatics,애크러뱃
Noivern,음번,Aerial Ace,제비반환
Noivern,음번,Agility,고속이동
Noivern,음번,Air Cutter,에어컷터
Noivern,음번,Air Slash,에어슬래시
Noivern,음번,Bite,물기
Noivern,음번,Body Slam,누르기
Noivern,음번,Boomburst,폭음파
Noivern,음번,Breaking Swipe,와이드브레이커
Noivern,음번,Brick Break,깨트리다
Noivern,음번,Dark Pulse,악의파동
Noivern,음번,Defog,안개제거
Noivern,음번,Double Team,그림자분신
Noivern,음번,Double-Edge,이판사판태클
Noivern,음번,Draco Meteor,용성군
Noivern,음번,Dragon Cheer,드래곤옐
Noivern,음번,Dragon Claw,드래곤크루
Noivern,음번,Dragon Dance,용의춤
Noivern,음번,Dragon Pulse,용의파동
Noivern,음번,Dragon Rush,드래곤다이브
Noivern,음번,Dragon Tail,드래곤테일
Noivern,음번,Dual Wingbeat,더블윙
Noivern,음번,Endure,버티기
Noivern,음번,Facade,객기
Noivern,음번,Flamethrower,화염방사
Noivern,음번,Fly,공중날기
Noivern,음번,Focus Blast,기합구슬
Noivern,음번,Giga Impact,기가임팩트
Noivern,음번,Heat Wave,열풍
Noivern,음번,Hurricane,폭풍
Noivern,음번,Hyper Beam,파괴광선
Noivern,음번,Hyper Voice,하이퍼보이스
Noivern,음번,Iron Tail,아이언테일
Noivern,음번,Leech Life,흡혈
Noivern,음번,Moonlight,달의불빛
Noivern,음번,Outrage,역린
Noivern,음번,Protect,방어
Noivern,음번,Psychic,사이코키네시스
Noivern,음번,Psychic Noise,사이코노이즈
Noivern,음번,Rest,잠자기
Noivern,음번,Roost,날개쉬기
Noivern,음번,Round,돌림노래
Noivern,음번,Scary Face,겁나는얼굴
Noivern,음번,Screech,싫은소리
Noivern,음번,Shadow Ball,섀도볼
Noivern,음번,Shadow Claw,섀도크루
Noivern,음번,Sky Attack,불새
Noivern,음번,Sleep Talk,잠꼬대
Noivern,음번,Snore,코골기
Noivern,음번,Solar Beam,솔라빔
Noivern,음번,Steel Wing,강철날개
Noivern,음번,Substitute,대타출동
Noivern,음번,Sunny Day,쾌청
Noivern,음번,Super Fang,분노의앞니
Noivern,음번,Switcheroo,바꿔치기
Noivern,음번,Tailwind,순풍
Noivern,음번,Taunt,도발
Noivern,음번,Thief,도둑질
Noivern,음번,U-turn,유턴
Noivern,음번,Uproar,소란피기
Noivern,음번,Water Pulse,물의파동
Noivern,음번,Whirlwind,날려버리기
Noivern,음번,Wild Charge,와일드볼트
Noivern,음번,X-Scissor,시저크로스
Decidueye,모크나이퍼,Acrobatics,애크러뱃
Decidueye,모크나이퍼,Aerial Ace,제비반환
Decidueye,모크나이퍼,Air Cutter,에어컷터
Decidueye,모크나이퍼,Air Slash,에어슬래시
Decidueye,모크나이퍼,Baton Pass,바톤터치
Decidueye,모크나이퍼,Brave Bird,브레이브버드
Decidueye,모크나이퍼,Bullet Seed,기관총
Decidueye,모크나이퍼,Confuse Ray,이상한빛
Decidueye,모크나이퍼,Curse,저주
Decidueye,모크나이퍼,Defog,안개제거
Decidueye,모크나이퍼,Double Team,그림자분신
Decidueye,모크나이퍼,Dual Wingbeat,더블윙
Decidueye,모크나이퍼,Endure,버티기
Decidueye,모크나이퍼,Energy Ball,에너지볼
Decidueye,모크나이퍼,Facade,객기
Decidueye,모크나이퍼,Feather Dance,깃털댄스
Decidueye,모크나이퍼,Frenzy Plant,하드플랜트
Decidueye,모크나이퍼,Giga Drain,기가드레인
Decidueye,모크나이퍼,Giga Impact,기가임팩트
Decidueye,모크나이퍼,Grass Knot,풀묶기
Decidueye,모크나이퍼,Grassy Glide,그래스슬라이더
Decidueye,모크나이퍼,Grassy Terrain,그래스필드
Decidueye,모크나이퍼,Haze,흑안개
Decidueye,모크나이퍼,Helping Hand,도우미
Decidueye,모크나이퍼,Hex,병상첨병
Decidueye,모크나이퍼,Hurricane,폭풍
Decidueye,모크나이퍼,Hyper Beam,파괴광선
Decidueye,모크나이퍼,Imprison,봉인
Decidueye,모크나이퍼,Knock Off,탁쳐서떨구기
Decidueye,모크나이퍼,Leaf Blade,리프블레이드
Decidueye,모크나이퍼,Leaf Storm,리프스톰
Decidueye,모크나이퍼,Light Screen,빛의장막
Decidueye,모크나이퍼,Low Kick,안다리걸기
Decidueye,모크나이퍼,Low Sweep,로킥
Decidueye,모크나이퍼,Nasty Plot,나쁜음모
Decidueye,모크나이퍼,Night Shade,나이트헤드
Decidueye,모크나이퍼,Phantom Force,고스트다이브
Decidueye,모크나이퍼,Pluck,쪼아대기
Decidueye,모크나이퍼,Poltergeist,폴터가이스트
Decidueye,모크나이퍼,Protect,방어
Decidueye,모크나이퍼,Psycho Cut,사이코커터
Decidueye,모크나이퍼,Rain Dance,비바라기
Decidueye,모크나이퍼,Rest,잠자기
Decidueye,모크나이퍼,Roost,날개쉬기
Decidueye,모크나이퍼,Round,돌림노래
Decidueye,모크나이퍼,Seed Bomb,씨폭탄
Decidueye,모크나이퍼,Shadow Ball,섀도볼
Decidueye,모크나이퍼,Shadow Claw,섀도크루
Decidueye,모크나이퍼,Shadow Sneak,야습
Decidueye,모크나이퍼,Skitter Smack,엄습하는일격
Decidueye,모크나이퍼,Sleep Talk,잠꼬대
Decidueye,모크나이퍼,Smack Down,떨어뜨리기
Decidueye,모크나이퍼,Snore,코골기
Decidueye,모크나이퍼,Solar Beam,솔라빔
Decidueye,모크나이퍼,Solar Blade,솔라블레이드
Decidueye,모크나이퍼,Spirit Shackle,그림자꿰매기
Decidueye,모크나이퍼,Spite,원한
Decidueye,모크나이퍼,Steel Wing,강철날개
Decidueye,모크나이퍼,Substitute,대타출동
Decidueye,모크나이퍼,Sucker Punch,기습
Decidueye,모크나이퍼,Sunny Day,쾌청
Decidueye,모크나이퍼,Swords Dance,칼춤
Decidueye,모크나이퍼,Synthesis,광합성
Decidueye,모크나이퍼,Tailwind,순풍
Decidueye,모크나이퍼,Trailblaze,개척하기
Decidueye,모크나이퍼,U-turn,유턴
Decidueye-Hisui,히스이 모크나이퍼,Aerial Ace,제비반환
Decidueye-Hisui,히스이 모크나이퍼,Air Cutter,에어컷터
Decidueye-Hisui,히스이 모크나이퍼,Air Slash,에어슬래시
Decidueye-Hisui,히스이 모크나이퍼,Aura Sphere,파동탄
Decidueye-Hisui,히스이 모크나이퍼,Baton Pass,바톤터치
Decidueye-Hisui,히스이 모크나이퍼,Brave Bird,브레이브버드
Decidueye-Hisui,히스이 모크나이퍼,Brick Break,깨트리다
Decidueye-Hisui,히스이 모크나이퍼,Bulk Up,벌크업
Decidueye-Hisui,히스이 모크나이퍼,Bullet Seed,기관총
Decidueye-Hisui,히스이 모크나이퍼,Close Combat,인파이트
Decidueye-Hisui,히스이 모크나이퍼,Coaching,코칭
Decidueye-Hisui,히스이 모크나이퍼,Confuse Ray,이상한빛
Decidueye-Hisui,히스이 모크나이퍼,Defog,안개제거
Decidueye-Hisui,히스이 모크나이퍼,Double Team,그림자분신
Decidueye-Hisui,히스이 모크나이퍼,Dual Wingbeat,더블윙
Decidueye-Hisui,히스이 모크나이퍼,Endure,버티기
Decidueye-Hisui,히스이 모크나이퍼,Energy Ball,에너지볼
Decidueye-Hisui,히스이 모크나이퍼,Facade,객기
Decidueye-Hisui,히스이 모크나이퍼,Feather Dance,깃털댄스
Decidueye-Hisui,히스이 모크나이퍼,Focus Blast,기합구슬
Decidueye-Hisui,히스이 모크나이퍼,Focus Punch,힘껏펀치
Decidueye-Hisui,히스이 모크나이퍼,Frenzy Plant,하드플랜트
Decidueye-Hisui,히스이 모크나이퍼,Giga Drain,기가드레인
Decidueye-Hisui,히스이 모크나이퍼,Giga Impact,기가임팩트
Decidueye-Hisui,히스이 모크나이퍼,Grass Knot,풀묶기
Decidueye-Hisui,히스이 모크나이퍼,Grassy Glide,그래스슬라이더
Decidueye-Hisui,히스이 모크나이퍼,Grassy Terrain,그래스필드
Decidueye-Hisui,히스이 모크나이퍼,Haze,흑안개
Decidueye-Hisui,히스이 모크나이퍼,Helping Hand,도우미
Decidueye-Hisui,히스이 모크나이퍼,Hyper Beam,파괴광선
Decidueye-Hisui,히스이 모크나이퍼,Knock Off,탁쳐서떨구기
Decidueye-Hisui,히스이 모크나이퍼,Leaf Blade,리프블레이드
Decidueye-Hisui,히스이 모크나이퍼,Leaf Storm,리프스톰
Decidueye-Hisui,히스이 모크나이퍼,Light Screen,빛의장막
Decidueye-Hisui,히스이 모크나이퍼,Low Kick,안다리걸기
Decidueye-Hisui,히스이 모크나이퍼,Low Sweep,로킥
Decidueye-Hisui,히스이 모크나이퍼,Nasty Plot,나쁜음모
Decidueye-Hisui,히스이 모크나이퍼,Night Shade,나이트헤드
Decidueye-Hisui,히스이 모크나이퍼,Pluck,쪼아대기
Decidueye-Hisui,히스이 모크나이퍼,Protect,방어
Decidueye-Hisui,히스이 모크나이퍼,Rain Dance,비바라기
Decidueye-Hisui,히스이 모크나이퍼,Rest,잠자기
Decidueye-Hisui,히스이 모크나이퍼,Reversal,기사회생
Decidueye-Hisui,히스이 모크나이퍼,Rock Tomb,암석봉인
Decidueye-Hisui,히스이 모크나이퍼,Roost,날개쉬기
Decidueye-Hisui,히스이 모크나이퍼,Round,돌림노래
Decidueye-Hisui,히스이 모크나이퍼,Scary Face,겁나는얼굴
Decidueye-Hisui,히스이 모크나이퍼,Seed Bomb,씨폭탄
Decidueye-Hisui,히스이 모크나이퍼,Shadow Claw,섀도크루
Decidueye-Hisui,히스이 모크나이퍼,Shadow Sneak,야습
Decidueye-Hisui,히스이 모크나이퍼,Sleep Talk,잠꼬대
Decidueye-Hisui,히스이 모크나이퍼,Smack Down,떨어뜨리기
Decidueye-Hisui,히스이 모크나이퍼,Snore,코골기
Decidueye-Hisui,히스이 모크나이퍼,Solar Beam,솔라빔
Decidueye-Hisui,히스이 모크나이퍼,Steel Wing,강철날개
Decidueye-Hisui,히스이 모크나이퍼,Substitute,대타출동
Decidueye-Hisui,히스이 모크나이퍼,Sucker Punch,기습
Decidueye-Hisui,히스이 모크나이퍼,Sunny Day,쾌청
Decidueye-Hisui,히스이 모크나이퍼,Swords Dance,칼춤
Decidueye-Hisui,히스이 모크나이퍼,Synthesis,광합성
Decidueye-Hisui,히스이 모크나이퍼,Tailwind,순풍
Decidueye-Hisui,히스이 모크나이퍼,Taunt,도발
Decidueye-Hisui,히스이 모크나이퍼,Trailblaze,개척하기
Decidueye-Hisui,히스이 모크나이퍼,Triple Arrows,3연화살
Decidueye-Hisui,히스이 모크나이퍼,U-turn,유턴
Decidueye-Hisui,히스이 모크나이퍼,Upper Hand,기선제압
Incineroar,어흥염,Acrobatics,애크러뱃
Incineroar,어흥염,Aerial Ace,제비반환
Incineroar,어흥염,Assurance,승부굳히기
Incineroar,어흥염,Attract,헤롱헤롱
Incineroar,어흥염,Baton Pass,바톤터치
Incineroar,어흥염,Bite,물기
Incineroar,어흥염,Blast Burn,블러스트번
Incineroar,어흥염,Blaze Kick,브레이즈킥
Incineroar,어흥염,Body Slam,누르기
Incineroar,어흥염,Brick Break,깨트리다
Incineroar,어흥염,Brutal Swing,세차게휘두르기
Incineroar,어흥염,Bulk Up,벌크업
Incineroar,어흥염,Bulldoze,땅고르기
Incineroar,어흥염,Burning Jealousy,질투의불꽃
Incineroar,어흥염,Close Combat,인파이트
Incineroar,어흥염,Cross Chop,크로스촙
Incineroar,어흥염,Crunch,깨물어부수기
Incineroar,어흥염,Dark Pulse,악의파동
Incineroar,어흥염,Darkest Lariat,DD래리어트
Incineroar,어흥염,Double-Edge,이판사판태클
Incineroar,어흥염,Drain Punch,드레인펀치
Incineroar,어흥염,Earthquake,지진
Incineroar,어흥염,Endeavor,죽기살기
Incineroar,어흥염,Endure,버티기
Incineroar,어흥염,Facade,객기
Incineroar,어흥염,Fake Out,속이다
Incineroar,어흥염,Fire Blast,불대문자
Incineroar,어흥염,Fire Fang,불꽃엄니
Incineroar,어흥염,Fire Punch,불꽃펀치
Incineroar,어흥염,Fire Spin,회오리불꽃
Incineroar,어흥염,Flame Charge,니트로차지
Incineroar,어흥염,Flamethrower,화염방사
Incineroar,어흥염,Flare Blitz,플레어드라이브
Incineroar,어흥염,Fling,내던지기
Incineroar,어흥염,Focus Blast,기합구슬
Incineroar,어흥염,Focus Punch,힘껏펀치
Incineroar,어흥염,Giga Impact,기가임팩트
Incineroar,어흥염,Heat Crash,히트스탬프
Incineroar,어흥염,Heat Wave,열풍
Incineroar,어흥염,Helping Hand,도우미
Incineroar,어흥염,Hyper Beam,파괴광선
Incineroar,어흥염,Iron Head,아이언헤드
Incineroar,어흥염,Lash Out,분풀이
Incineroar,어흥염,Leech Life,흡혈
Incineroar,어흥염,Low Kick,안다리걸기
Incineroar,어흥염,Low Sweep,로킥
Incineroar,어흥염,Mega Kick,메가톤킥
Incineroar,어흥염,Nasty Plot,나쁜음모
Incineroar,어흥염,Outrage,역린
Incineroar,어흥염,Overheat,오버히트
Incineroar,어흥염,Parting Shot,막말내뱉기
Incineroar,어흥염,Power Trip,기어오르기
Incineroar,어흥염,Protect,방어
Incineroar,어흥염,Rest,잠자기
Incineroar,어흥염,Reversal,기사회생
Incineroar,어흥염,Roar,울부짖기
Incineroar,어흥염,Round,돌림노래
Incineroar,어흥염,Scary Face,겁나는얼굴
Incineroar,어흥염,Scorching Sands,열사의대지
Incineroar,어흥염,Shadow Claw,섀도크루
Incineroar,어흥염,Sleep Talk,잠꼬대
Incineroar,어흥염,Snarl,바크아웃
Incineroar,어흥염,Snore,코골기
Incineroar,어흥염,Stomping Tantrum,분함의발구르기
Incineroar,어흥염,Substitute,대타출동
Incineroar,어흥염,Sunny Day,쾌청
Incineroar,어흥염,Superpower,엄청난힘
Incineroar,어흥염,Swagger,뽐내기
Incineroar,어흥염,Swords Dance,칼춤
Incineroar,어흥염,Taunt,도발
Incineroar,어흥염,Temper Flare,열불내기
Incineroar,어흥염,Thief,도둑질
Incineroar,어흥염,Thrash,난동부리기
Incineroar,어흥염,Throat Chop,지옥찌르기
Incineroar,어흥염,Thunder Punch,번개펀치
Incineroar,어흥염,Trailblaze,개척하기
Incineroar,어흥염,Will-O-Wisp,도깨비불
Primarina,누리레느,Acrobatics,애크러뱃
Primarina,누리레느,Alluring Voice,매혹의보이스
Primarina,누리레느,Amnesia,망각술
Primarina,누리레느,Aqua Jet,아쿠아제트
Primarina,누리레느,Aqua Ring,아쿠아링
Primarina,누리레느,Attract,헤롱헤롱
Primarina,누리레느,Baby-Doll Eyes,초롱초롱눈동자
Primarina,누리레느,Blizzard,눈보라
Primarina,누리레느,Body Slam,누르기
Primarina,누리레느,Calm Mind,명상
Primarina,누리레느,Charm,애교부리기
Primarina,누리레느,Chilling Water,찬물끼얹기
Primarina,누리레느,Dazzling Gleam,매지컬샤인
Primarina,누리레느,Dive,다이빙
Primarina,누리레느,Draining Kiss,드레인키스
Primarina,누리레느,Encore,앵콜
Primarina,누리레느,Endure,버티기
Primarina,누리레느,Energy Ball,에너지볼
Primarina,누리레느,Facade,객기
Primarina,누리레느,Flip Turn,퀵턴
Primarina,누리레느,Giga Impact,기가임팩트
Primarina,누리레느,Haze,흑안개
Primarina,누리레느,Helping Hand,도우미
Primarina,누리레느,Hydro Cannon,하이드로캐논
Primarina,누리레느,Hydro Pump,하이드로펌프
Primarina,누리레느,Hyper Beam,파괴광선
Primarina,누리레느,Hyper Voice,하이퍼보이스
Primarina,누리레느,Ice Beam,냉동빔
Primarina,누리레느,Ice Spinner,아이스스피너
Primarina,누리레느,Icy Wind,얼다바람
Primarina,누리레느,Iron Tail,아이언테일
Primarina,누리레느,Life Dew,생명의물방울
Primarina,누리레느,Light Screen,빛의장막
Primarina,누리레느,Liquidation,아쿠아브레이크
Primarina,누리레느,Misty Explosion,미스트버스트
Primarina,누리레느,Misty Terrain,미스트필드
Primarina,누리레느,Moonblast,문포스
Primarina,누리레느,Perish Song,멸망의노래
Primarina,누리레느,Play Rough,치근거리기
Primarina,누리레느,Protect,방어
Primarina,누리레느,Psych Up,자기암시
Primarina,누리레느,Psychic,사이코키네시스
Primarina,누리레느,Psychic Noise,사이코노이즈
Primarina,누리레느,Rain Dance,비바라기
Primarina,누리레느,Reflect,리플렉터
Primarina,누리레느,Rest,잠자기
Primarina,누리레느,Round,돌림노래
Primarina,누리레느,Shadow Ball,섀도볼
Primarina,누리레느,Sing,노래하기
Primarina,누리레느,Sleep Talk,잠꼬대
Primarina,누리레느,Snore,코골기
Primarina,누리레느,Snowscape,설경
Primarina,누리레느,Sparkling Aria,물거품아리아
Primarina,누리레느,Stored Power,어시스트파워
Primarina,누리레느,Substitute,대타출동
Primarina,누리레느,Surf,파도타기
Primarina,누리레느,Triple Axel,트리플악셀
Primarina,누리레느,Uproar,소란피기
Primarina,누리레느,Water Pulse,물의파동
Primarina,누리레느,Waterfall,폭포오르기
Primarina,누리레느,Weather Ball,웨더볼
Primarina,누리레느,Whirlpool,바다회오리
Primarina,누리레느,Wonder Room,원더룸
Toucannon,왕큰부리,Acrobatics,애크러뱃
Toucannon,왕큰부리,Aerial Ace,제비반환
Toucannon,왕큰부리,Air Cutter,에어컷터
Toucannon,왕큰부리,Air Slash,에어슬래시
Toucannon,왕큰부리,Attract,헤롱헤롱
Toucannon,왕큰부리,Beak Blast,부리캐논
Toucannon,왕큰부리,Boomburst,폭음파
Toucannon,왕큰부리,Brave Bird,브레이브버드
Toucannon,왕큰부리,Brick Break,깨트리다
Toucannon,왕큰부리,Bullet Seed,기관총
Toucannon,왕큰부리,Drill Peck,회전부리
Toucannon,왕큰부리,Dual Wingbeat,더블윙
Toucannon,왕큰부리,Encore,앵콜
Toucannon,왕큰부리,Endeavor,죽기살기
Toucannon,왕큰부리,Endure,버티기
Toucannon,왕큰부리,Facade,객기
Toucannon,왕큰부리,Feather Dance,깃털댄스
Toucannon,왕큰부리,Flame Charge,니트로차지
Toucannon,왕큰부리,Flash Cannon,러스터캐논
Toucannon,왕큰부리,Fly,공중날기
Toucannon,왕큰부리,Giga Impact,기가임팩트
Toucannon,왕큰부리,Gunk Shot,더스트슈트
Toucannon,왕큰부리,Heat Wave,열풍
Toucannon,왕큰부리,Helping Hand,도우미
Toucannon,왕큰부리,Hurricane,폭풍
Toucannon,왕큰부리,Hyper Beam,파괴광선
Toucannon,왕큰부리,Hyper Voice,하이퍼보이스
Toucannon,왕큰부리,Knock Off,탁쳐서떨구기
Toucannon,왕큰부리,Overheat,오버히트
Toucannon,왕큰부리,Pluck,쪼아대기
Toucannon,왕큰부리,Protect,방어
Toucannon,왕큰부리,Psych Up,자기암시
Toucannon,왕큰부리,Rest,잠자기
Toucannon,왕큰부리,Rock Blast,락블레스트
Toucannon,왕큰부리,Roost,날개쉬기
Toucannon,왕큰부리,Round,돌림노래
Toucannon,왕큰부리,Scary Face,겁나는얼굴
Toucannon,왕큰부리,Screech,싫은소리
Toucannon,왕큰부리,Seed Bomb,씨폭탄
Toucannon,왕큰부리,Sky Attack,불새
Toucannon,왕큰부리,Sleep Talk,잠꼬대
Toucannon,왕큰부리,Smack Down,떨어뜨리기
Toucannon,왕큰부리,Snore,코골기
Toucannon,왕큰부리,Steel Wing,강철날개
Toucannon,왕큰부리,Substitute,대타출동
Toucannon,왕큰부리,Sunny Day,쾌청
Toucannon,왕큰부리,Swords Dance,칼춤
Toucannon,왕큰부리,Tailwind,순풍
Toucannon,왕큰부리,Temper Flare,열불내기
Toucannon,왕큰부리,Thief,도둑질
Toucannon,왕큰부리,Throat Chop,지옥찌르기
Toucannon,왕큰부리,U-turn,유턴
Toucannon,왕큰부리,Uproar,소란피기
Crabominable,모단단게,Amnesia,망각술
Crabominable,모단단게,Avalanche,눈사태
Crabominable,모단단게,Blizzard,눈보라
Crabominable,모단단게,Body Press,바디프레스
Crabominable,모단단게,Body Slam,누르기
Crabominable,모단단게,Brick Break,깨트리다
Crabominable,모단단게,Brutal Swing,세차게휘두르기
Crabominable,모단단게,Bulk Up,벌크업
Crabominable,모단단게,Bulldoze,땅고르기
Crabominable,모단단게,Chilling Water,찬물끼얹기
Crabominable,모단단게,Close Combat,인파이트
Crabominable,모단단게,Coaching,코칭
Crabominable,모단단게,Crabhammer,찝게햄머
Crabominable,모단단게,Dig,구멍파기
Crabominable,모단단게,Drain Punch,드레인펀치
Crabominable,모단단게,Dynamic Punch,폭발펀치
Crabominable,모단단게,Earthquake,지진
Crabominable,모단단게,Endeavor,죽기살기
Crabominable,모단단게,Endure,버티기
Crabominable,모단단게,Facade,객기
Crabominable,모단단게,Fling,내던지기
Crabominable,모단단게,Focus Blast,기합구슬
Crabominable,모단단게,Focus Punch,힘껏펀치
Crabominable,모단단게,Giga Impact,기가임팩트
Crabominable,모단단게,Gunk Shot,더스트슈트
Crabominable,모단단게,Hard Press,하드프레스
Crabominable,모단단게,Helping Hand,도우미
Crabominable,모단단게,Hyper Beam,파괴광선
Crabominable,모단단게,Ice Beam,냉동빔
Crabominable,모단단게,Ice Hammer,아이스해머
Crabominable,모단단게,Ice Punch,냉동펀치
Crabominable,모단단게,Ice Spinner,아이스스피너
Crabominable,모단단게,Icicle Spear,고드름침
Crabominable,모단단게,Icy Wind,얼다바람
Crabominable,모단단게,Iron Defense,철벽
Crabominable,모단단게,Iron Head,아이언헤드
Crabominable,모단단게,Knock Off,탁쳐서떨구기
Crabominable,모단단게,Liquidation,아쿠아브레이크
Crabominable,모단단게,Mach Punch,마하펀치
Crabominable,모단단게,Mud Shot,머드숏
Crabominable,모단단게,Mud-Slap,진흙뿌리기
Crabominable,모단단게,Payback,보복
Crabominable,모단단게,Protect,방어
Crabominable,모단단게,Rain Dance,비바라기
Crabominable,모단단게,Rest,잠자기
Crabominable,모단단게,Reversal,기사회생
Crabominable,모단단게,Rock Slide,스톤샤워
Crabominable,모단단게,Rock Tomb,암석봉인
Crabominable,모단단게,Round,돌림노래
Crabominable,모단단게,Scary Face,겁나는얼굴
Crabominable,모단단게,Sleep Talk,잠꼬대
Crabominable,모단단게,Snore,코골기
Crabominable,모단단게,Snowscape,설경
Crabominable,모단단게,Stomping Tantrum,분함의발구르기
Crabominable,모단단게,Substitute,대타출동
Crabominable,모단단게,Sunny Day,쾌청
Crabominable,모단단게,Superpower,엄청난힘
Crabominable,모단단게,Swagger,뽐내기
Crabominable,모단단게,Thief,도둑질
Crabominable,모단단게,Thunder Punch,번개펀치
Crabominable,모단단게,Upper Hand,기선제압
Crabominable,모단단게,Wide Guard,와이드가드
Crabominable,모단단게,Zen Headbutt,사념의박치기
Lycanroc,루가루암 (한낮의 모습),Accelerock,액셀록
Lycanroc,루가루암 (한낮의 모습),Agility,고속이동
Lycanroc,루가루암 (한낮의 모습),Assurance,승부굳히기
Lycanroc,루가루암 (한낮의 모습),Bite,물기
Lycanroc,루가루암 (한낮의 모습),Body Slam,누르기
Lycanroc,루가루암 (한낮의 모습),Brick Break,깨트리다
Lycanroc,루가루암 (한낮의 모습),Bulk Up,벌크업
Lycanroc,루가루암 (한낮의 모습),Bulldoze,땅고르기
Lycanroc,루가루암 (한낮의 모습),Charm,애교부리기
Lycanroc,루가루암 (한낮의 모습),Close Combat,인파이트
Lycanroc,루가루암 (한낮의 모습),Crunch,깨물어부수기
Lycanroc,루가루암 (한낮의 모습),Dig,구멍파기
Lycanroc,루가루암 (한낮의 모습),Double Team,그림자분신
Lycanroc,루가루암 (한낮의 모습),Double-Edge,이판사판태클
Lycanroc,루가루암 (한낮의 모습),Drill Run,드릴라이너
Lycanroc,루가루암 (한낮의 모습),Earth Power,대지의힘
Lycanroc,루가루암 (한낮의 모습),Endeavor,죽기살기
Lycanroc,루가루암 (한낮의 모습),Endure,버티기
Lycanroc,루가루암 (한낮의 모습),Facade,객기
Lycanroc,루가루암 (한낮의 모습),Fire Fang,불꽃엄니
Lycanroc,루가루암 (한낮의 모습),Giga Impact,기가임팩트
Lycanroc,루가루암 (한낮의 모습),Helping Hand,도우미
Lycanroc,루가루암 (한낮의 모습),Howl,멀리짖음
Lycanroc,루가루암 (한낮의 모습),Hyper Voice,하이퍼보이스
Lycanroc,루가루암 (한낮의 모습),Iron Defense,철벽
Lycanroc,루가루암 (한낮의 모습),Iron Head,아이언헤드
Lycanroc,루가루암 (한낮의 모습),Iron Tail,아이언테일
Lycanroc,루가루암 (한낮의 모습),Last Resort,뒀다쓰기
Lycanroc,루가루암 (한낮의 모습),Mud-Slap,진흙뿌리기
Lycanroc,루가루암 (한낮의 모습),Play Rough,치근거리기
Lycanroc,루가루암 (한낮의 모습),Protect,방어
Lycanroc,루가루암 (한낮의 모습),Psychic Fangs,사이코팽
Lycanroc,루가루암 (한낮의 모습),Quick Attack,전광석화
Lycanroc,루가루암 (한낮의 모습),Quick Guard,퍼스트가드
Lycanroc,루가루암 (한낮의 모습),Rest,잠자기
Lycanroc,루가루암 (한낮의 모습),Roar,울부짖기
Lycanroc,루가루암 (한낮의 모습),Rock Blast,락블레스트
Lycanroc,루가루암 (한낮의 모습),Rock Slide,스톤샤워
Lycanroc,루가루암 (한낮의 모습),Rock Tomb,암석봉인
Lycanroc,루가루암 (한낮의 모습),Round,돌림노래
Lycanroc,루가루암 (한낮의 모습),Sandstorm,모래바람
Lycanroc,루가루암 (한낮의 모습),Scary Face,겁나는얼굴
Lycanroc,루가루암 (한낮의 모습),Sleep Talk,잠꼬대
Lycanroc,루가루암 (한낮의 모습),Snarl,바크아웃
Lycanroc,루가루암 (한낮의 모습),Snore,코골기
Lycanroc,루가루암 (한낮의 모습),Stealth Rock,스텔스록
Lycanroc,루가루암 (한낮의 모습),Stomping Tantrum,분함의발구르기
Lycanroc,루가루암 (한낮의 모습),Stone Edge,스톤에지
Lycanroc,루가루암 (한낮의 모습),Substitute,대타출동
Lycanroc,루가루암 (한낮의 모습),Sucker Punch,기습
Lycanroc,루가루암 (한낮의 모습),Sunny Day,쾌청
Lycanroc,루가루암 (한낮의 모습),Swords Dance,칼춤
Lycanroc,루가루암 (한낮의 모습),Tail Slap,스위프뺨치기
Lycanroc,루가루암 (한낮의 모습),Taunt,도발
Lycanroc,루가루암 (한낮의 모습),Thrash,난동부리기
Lycanroc,루가루암 (한낮의 모습),Thunder Fang,번개엄니
Lycanroc,루가루암 (한낮의 모습),Trailblaze,개척하기
Lycanroc,루가루암 (한낮의 모습),Zen Headbutt,사념의박치기
Lycanroc-Midnight,루가루암 (한밤중의 모습),Bite,물기
Lycanroc-Midnight,루가루암 (한밤중의 모습),Body Slam,누르기
Lycanroc-Midnight,루가루암 (한밤중의 모습),Brick Break,깨트리다
Lycanroc-Midnight,루가루암 (한밤중의 모습),Bulk Up,벌크업
Lycanroc-Midnight,루가루암 (한밤중의 모습),Bulldoze,땅고르기
Lycanroc-Midnight,루가루암 (한밤중의 모습),Charm,애교부리기
Lycanroc-Midnight,루가루암 (한밤중의 모습),Close Combat,인파이트
Lycanroc-Midnight,루가루암 (한밤중의 모습),Counter,카운터
Lycanroc-Midnight,루가루암 (한밤중의 모습),Crunch,깨물어부수기
Lycanroc-Midnight,루가루암 (한밤중의 모습),Dig,구멍파기
Lycanroc-Midnight,루가루암 (한밤중의 모습),Double Team,그림자분신
Lycanroc-Midnight,루가루암 (한밤중의 모습),Double-Edge,이판사판태클
Lycanroc-Midnight,루가루암 (한밤중의 모습),Earth Power,대지의힘
Lycanroc-Midnight,루가루암 (한밤중의 모습),Endeavor,죽기살기
Lycanroc-Midnight,루가루암 (한밤중의 모습),Endure,버티기
Lycanroc-Midnight,루가루암 (한밤중의 모습),Facade,객기
Lycanroc-Midnight,루가루암 (한밤중의 모습),Fire Fang,불꽃엄니
Lycanroc-Midnight,루가루암 (한밤중의 모습),Fire Punch,불꽃펀치
Lycanroc-Midnight,루가루암 (한밤중의 모습),Fling,내던지기
Lycanroc-Midnight,루가루암 (한밤중의 모습),Focus Punch,힘껏펀치
Lycanroc-Midnight,루가루암 (한밤중의 모습),Foul Play,속임수
Lycanroc-Midnight,루가루암 (한밤중의 모습),Giga Impact,기가임팩트
Lycanroc-Midnight,루가루암 (한밤중의 모습),Helping Hand,도우미
Lycanroc-Midnight,루가루암 (한밤중의 모습),Howl,멀리짖음
Lycanroc-Midnight,루가루암 (한밤중의 모습),Hyper Voice,하이퍼보이스
Lycanroc-Midnight,루가루암 (한밤중의 모습),Iron Defense,철벽
Lycanroc-Midnight,루가루암 (한밤중의 모습),Iron Head,아이언헤드
Lycanroc-Midnight,루가루암 (한밤중의 모습),Iron Tail,아이언테일
Lycanroc-Midnight,루가루암 (한밤중의 모습),Knock Off,탁쳐서떨구기
Lycanroc-Midnight,루가루암 (한밤중의 모습),Lash Out,분풀이
Lycanroc-Midnight,루가루암 (한밤중의 모습),Last Resort,뒀다쓰기
Lycanroc-Midnight,루가루암 (한밤중의 모습),Low Sweep,로킥
Lycanroc-Midnight,루가루암 (한밤중의 모습),Mega Kick,메가톤킥
Lycanroc-Midnight,루가루암 (한밤중의 모습),Mud-Slap,진흙뿌리기
Lycanroc-Midnight,루가루암 (한밤중의 모습),Outrage,역린
Lycanroc-Midnight,루가루암 (한밤중의 모습),Payback,보복
Lycanroc-Midnight,루가루암 (한밤중의 모습),Play Rough,치근거리기
Lycanroc-Midnight,루가루암 (한밤중의 모습),Protect,방어
Lycanroc-Midnight,루가루암 (한밤중의 모습),Psychic Fangs,사이코팽
Lycanroc-Midnight,루가루암 (한밤중의 모습),Rest,잠자기
Lycanroc-Midnight,루가루암 (한밤중의 모습),Reversal,기사회생
Lycanroc-Midnight,루가루암 (한밤중의 모습),Roar,울부짖기
Lycanroc-Midnight,루가루암 (한밤중의 모습),Rock Blast,락블레스트
Lycanroc-Midnight,루가루암 (한밤중의 모습),Rock Slide,스톤샤워
Lycanroc-Midnight,루가루암 (한밤중의 모습),Rock Tomb,암석봉인
Lycanroc-Midnight,루가루암 (한밤중의 모습),Round,돌림노래
Lycanroc-Midnight,루가루암 (한밤중의 모습),Sandstorm,모래바람
Lycanroc-Midnight,루가루암 (한밤중의 모습),Scary Face,겁나는얼굴
Lycanroc-Midnight,루가루암 (한밤중의 모습),Shadow Claw,섀도크루
Lycanroc-Midnight,루가루암 (한밤중의 모습),Sleep Talk,잠꼬대
Lycanroc-Midnight,루가루암 (한밤중의 모습),Snarl,바크아웃
Lycanroc-Midnight,루가루암 (한밤중의 모습),Snore,코골기
Lycanroc-Midnight,루가루암 (한밤중의 모습),Stealth Rock,스텔스록
Lycanroc-Midnight,루가루암 (한밤중의 모습),Stomping Tantrum,분함의발구르기
Lycanroc-Midnight,루가루암 (한밤중의 모습),Stone Edge,스톤에지
Lycanroc-Midnight,루가루암 (한밤중의 모습),Substitute,대타출동
Lycanroc-Midnight,루가루암 (한밤중의 모습),Sucker Punch,기습
Lycanroc-Midnight,루가루암 (한밤중의 모습),Sunny Day,쾌청
Lycanroc-Midnight,루가루암 (한밤중의 모습),Swords Dance,칼춤
Lycanroc-Midnight,루가루암 (한밤중의 모습),Taunt,도발
Lycanroc-Midnight,루가루암 (한밤중의 모습),Thrash,난동부리기
Lycanroc-Midnight,루가루암 (한밤중의 모습),Throat Chop,지옥찌르기
Lycanroc-Midnight,루가루암 (한밤중의 모습),Thunder Fang,번개엄니
Lycanroc-Midnight,루가루암 (한밤중의 모습),Thunder Punch,번개펀치
Lycanroc-Midnight,루가루암 (한밤중의 모습),Trailblaze,개척하기
Lycanroc-Midnight,루가루암 (한밤중의 모습),Upper Hand,기선제압
Lycanroc-Midnight,루가루암 (한밤중의 모습),Uproar,소란피기
Lycanroc-Midnight,루가루암 (한밤중의 모습),Zen Headbutt,사념의박치기
Lycanroc-Dusk,루가루암 (황혼의 모습),Accelerock,액셀록
Lycanroc-Dusk,루가루암 (황혼의 모습),Bite,물기
Lycanroc-Dusk,루가루암 (황혼의 모습),Body Slam,누르기
Lycanroc-Dusk,루가루암 (황혼의 모습),Brick Break,깨트리다
Lycanroc-Dusk,루가루암 (황혼의 모습),Bulk Up,벌크업
Lycanroc-Dusk,루가루암 (황혼의 모습),Bulldoze,땅고르기
Lycanroc-Dusk,루가루암 (황혼의 모습),Charm,애교부리기
Lycanroc-Dusk,루가루암 (황혼의 모습),Close Combat,인파이트
Lycanroc-Dusk,루가루암 (황혼의 모습),Counter,카운터
Lycanroc-Dusk,루가루암 (황혼의 모습),Crunch,깨물어부수기
Lycanroc-Dusk,루가루암 (황혼의 모습),Crush Claw,브레이크크루
Lycanroc-Dusk,루가루암 (황혼의 모습),Dig,구멍파기
Lycanroc-Dusk,루가루암 (황혼의 모습),Double Team,그림자분신
Lycanroc-Dusk,루가루암 (황혼의 모습),Double-Edge,이판사판태클
Lycanroc-Dusk,루가루암 (황혼의 모습),Drill Run,드릴라이너
Lycanroc-Dusk,루가루암 (황혼의 모습),Earth Power,대지의힘
Lycanroc-Dusk,루가루암 (황혼의 모습),Endeavor,죽기살기
Lycanroc-Dusk,루가루암 (황혼의 모습),Endure,버티기
Lycanroc-Dusk,루가루암 (황혼의 모습),Facade,객기
Lycanroc-Dusk,루가루암 (황혼의 모습),Fire Fang,불꽃엄니
Lycanroc-Dusk,루가루암 (황혼의 모습),Focus Energy,기충전
Lycanroc-Dusk,루가루암 (황혼의 모습),Giga Impact,기가임팩트
Lycanroc-Dusk,루가루암 (황혼의 모습),Helping Hand,도우미
Lycanroc-Dusk,루가루암 (황혼의 모습),Howl,멀리짖음
Lycanroc-Dusk,루가루암 (황혼의 모습),Hyper Voice,하이퍼보이스
Lycanroc-Dusk,루가루암 (황혼의 모습),Iron Defense,철벽
Lycanroc-Dusk,루가루암 (황혼의 모습),Iron Head,아이언헤드
Lycanroc-Dusk,루가루암 (황혼의 모습),Iron Tail,아이언테일
Lycanroc-Dusk,루가루암 (황혼의 모습),Last Resort,뒀다쓰기
Lycanroc-Dusk,루가루암 (황혼의 모습),Mud-Slap,진흙뿌리기
Lycanroc-Dusk,루가루암 (황혼의 모습),Outrage,역린
Lycanroc-Dusk,루가루암 (황혼의 모습),Play Rough,치근거리기
Lycanroc-Dusk,루가루암 (황혼의 모습),Protect,방어
Lycanroc-Dusk,루가루암 (황혼의 모습),Psychic Fangs,사이코팽
Lycanroc-Dusk,루가루암 (황혼의 모습),Quick Attack,전광석화
Lycanroc-Dusk,루가루암 (황혼의 모습),Quick Guard,퍼스트가드
Lycanroc-Dusk,루가루암 (황혼의 모습),Rest,잠자기
Lycanroc-Dusk,루가루암 (황혼의 모습),Reversal,기사회생
Lycanroc-Dusk,루가루암 (황혼의 모습),Roar,울부짖기
Lycanroc-Dusk,루가루암 (황혼의 모습),Rock Blast,락블레스트
Lycanroc-Dusk,루가루암 (황혼의 모습),Rock Slide,스톤샤워
Lycanroc-Dusk,루가루암 (황혼의 모습),Rock Tomb,암석봉인
Lycanroc-Dusk,루가루암 (황혼의 모습),Round,돌림노래
Lycanroc-Dusk,루가루암 (황혼의 모습),Sandstorm,모래바람
Lycanroc-Dusk,루가루암 (황혼의 모습),Scary Face,겁나는얼굴
Lycanroc-Dusk,루가루암 (황혼의 모습),Sleep Talk,잠꼬대
Lycanroc-Dusk,루가루암 (황혼의 모습),Snarl,바크아웃
Lycanroc-Dusk,루가루암 (황혼의 모습),Snore,코골기
Lycanroc-Dusk,루가루암 (황혼의 모습),Stealth Rock,스텔스록
Lycanroc-Dusk,루가루암 (황혼의 모습),Stomping Tantrum,분함의발구르기
Lycanroc-Dusk,루가루암 (황혼의 모습),Stone Edge,스톤에지
Lycanroc-Dusk,루가루암 (황혼의 모습),Substitute,대타출동
Lycanroc-Dusk,루가루암 (황혼의 모습),Sucker Punch,기습
Lycanroc-Dusk,루가루암 (황혼의 모습),Swords Dance,칼춤
Lycanroc-Dusk,루가루암 (황혼의 모습),Tail Slap,스위프뺨치기
Lycanroc-Dusk,루가루암 (황혼의 모습),Taunt,도발
Lycanroc-Dusk,루가루암 (황혼의 모습),Thrash,난동부리기
Lycanroc-Dusk,루가루암 (황혼의 모습),Throat Chop,지옥찌르기
Lycanroc-Dusk,루가루암 (황혼의 모습),Thunder Fang,번개엄니
Lycanroc-Dusk,루가루암 (황혼의 모습),Trailblaze,개척하기
Lycanroc-Dusk,루가루암 (황혼의 모습),Zen Headbutt,사념의박치기
Toxapex,더시마사리,Acid Spray,애시드봄
Toxapex,더시마사리,Baneful Bunker,토치카
Toxapex,더시마사리,Bite,물기
Toxapex,더시마사리,Blizzard,눈보라
Toxapex,더시마사리,Body Slam,누르기
Toxapex,더시마사리,Chilling Water,찬물끼얹기
Toxapex,더시마사리,Cross Poison,크로스포이즌
Toxapex,더시마사리,Endure,버티기
Toxapex,더시마사리,Facade,객기
Toxapex,더시마사리,Giga Impact,기가임팩트
Toxapex,더시마사리,Gunk Shot,더스트슈트
Toxapex,더시마사리,Haze,흑안개
Toxapex,더시마사리,Hex,병상첨병
Toxapex,더시마사리,Hydro Pump,하이드로펌프
Toxapex,더시마사리,Hyper Beam,파괴광선
Toxapex,더시마사리,Ice Beam,냉동빔
Toxapex,더시마사리,Ice Spinner,아이스스피너
Toxapex,더시마사리,Icy Wind,얼다바람
Toxapex,더시마사리,Infestation,엉겨붙기
Toxapex,더시마사리,Iron Defense,철벽
Toxapex,더시마사리,Light Screen,빛의장막
Toxapex,더시마사리,Liquidation,아쿠아브레이크
Toxapex,더시마사리,Lunge,덤벼들기
Toxapex,더시마사리,Mud Shot,머드숏
Toxapex,더시마사리,Muddy Water,탁류
Toxapex,더시마사리,Pain Split,아픔나누기
Toxapex,더시마사리,Payback,보복
Toxapex,더시마사리,Pin Missile,바늘미사일
Toxapex,더시마사리,Poison Jab,독찌르기
Toxapex,더시마사리,Pounce,달려들기
Toxapex,더시마사리,Protect,방어
Toxapex,더시마사리,Rain Dance,비바라기
Toxapex,더시마사리,Recover,HP회복
Toxapex,더시마사리,Rest,잠자기
Toxapex,더시마사리,Round,돌림노래
Toxapex,더시마사리,Scary Face,겁나는얼굴
Toxapex,더시마사리,Sleep Talk,잠꼬대
Toxapex,더시마사리,Sludge Bomb,오물폭탄
Toxapex,더시마사리,Sludge Wave,오물웨이브
Toxapex,더시마사리,Smack Down,떨어뜨리기
Toxapex,더시마사리,Snore,코골기
Toxapex,더시마사리,Spit Up,토해내기
Toxapex,더시마사리,Stockpile,비축하기
Toxapex,더시마사리,Substitute,대타출동
Toxapex,더시마사리,Surf,파도타기
Toxapex,더시마사리,Swallow,꿀꺽
Toxapex,더시마사리,Toxic,맹독
Toxapex,더시마사리,Toxic Spikes,독압정
Toxapex,더시마사리,Venoshock,베놈쇼크
Toxapex,더시마사리,Water Pulse,물의파동
Toxapex,더시마사리,Wide Guard,와이드가드
Mudsdale,만마드,Body Press,바디프레스
Mudsdale,만마드,Body Slam,누르기
Mudsdale,만마드,Bulldoze,땅고르기
Mudsdale,만마드,Close Combat,인파이트
Mudsdale,만마드,Counter,카운터
Mudsdale,만마드,Curse,저주
Mudsdale,만마드,Double-Edge,이판사판태클
Mudsdale,만마드,Earth Power,대지의힘
Mudsdale,만마드,Earthquake,지진
Mudsdale,만마드,Endeavor,죽기살기
Mudsdale,만마드,Endure,버티기
Mudsdale,만마드,Facade,객기
Mudsdale,만마드,Fissure,땅가르기
Mudsdale,만마드,Focus Blast,기합구슬
Mudsdale,만마드,Giga Impact,기가임팩트
Mudsdale,만마드,Heavy Slam,헤비봄버
Mudsdale,만마드,High Horsepower,10만마력
Mudsdale,만마드,Hyper Beam,파괴광선
Mudsdale,만마드,Iron Defense,철벽
Mudsdale,만마드,Iron Head,아이언헤드
Mudsdale,만마드,Lash Out,분풀이
Mudsdale,만마드,Low Kick,안다리걸기
Mudsdale,만마드,Low Sweep,로킥
Mudsdale,만마드,Mega Kick,메가톤킥
Mudsdale,만마드,Mud Shot,머드숏
Mudsdale,만마드,Mud-Slap,진흙뿌리기
Mudsdale,만마드,Payback,보복
Mudsdale,만마드,Protect,방어
Mudsdale,만마드,Rest,잠자기
Mudsdale,만마드,Roar,울부짖기
Mudsdale,만마드,Rock Slide,스톤샤워
Mudsdale,만마드,Rock Tomb,암석봉인
Mudsdale,만마드,Round,돌림노래
Mudsdale,만마드,Sand Tomb,모래지옥
Mudsdale,만마드,Sandstorm,모래바람
Mudsdale,만마드,Scary Face,겁나는얼굴
Mudsdale,만마드,Sleep Talk,잠꼬대
Mudsdale,만마드,Smack Down,떨어뜨리기
Mudsdale,만마드,Snore,코골기
Mudsdale,만마드,Stealth Rock,스텔스록
Mudsdale,만마드,Stomping Tantrum,분함의발구르기
Mudsdale,만마드,Stone Edge,스톤에지
Mudsdale,만마드,Substitute,대타출동
Mudsdale,만마드,Sunny Day,쾌청
Mudsdale,만마드,Superpower,엄청난힘
Araquanid,깨비물거미,Aqua Ring,아쿠아링
Araquanid,깨비물거미,Attract,헤롱헤롱
Araquanid,깨비물거미,Bite,물기
Araquanid,깨비물거미,Blizzard,눈보라
Araquanid,깨비물거미,Body Slam,누르기
Araquanid,깨비물거미,Bug Bite,벌레먹음
Araquanid,깨비물거미,Bug Buzz,벌레의야단법석
Araquanid,깨비물거미,Chilling Water,찬물끼얹기
Araquanid,깨비물거미,Crunch,깨물어부수기
Araquanid,깨비물거미,Dive,다이빙
Araquanid,깨비물거미,Endeavor,죽기살기
Araquanid,깨비물거미,Endure,버티기
Araquanid,깨비물거미,Entrainment,동료만들기
Araquanid,깨비물거미,Facade,객기
Araquanid,깨비물거미,Giga Drain,기가드레인
Araquanid,깨비물거미,Giga Impact,기가임팩트
Araquanid,깨비물거미,Hydro Pump,하이드로펌프
Araquanid,깨비물거미,Hyper Beam,파괴광선
Araquanid,깨비물거미,Ice Beam,냉동빔
Araquanid,깨비물거미,Icy Wind,얼다바람
Araquanid,깨비물거미,Infestation,엉겨붙기
Araquanid,깨비물거미,Iron Defense,철벽
Araquanid,깨비물거미,Leech Life,흡혈
Araquanid,깨비물거미,Liquidation,아쿠아브레이크
Araquanid,깨비물거미,Lunge,덤벼들기
Araquanid,깨비물거미,Magic Room,매직룸
Araquanid,깨비물거미,Mirror Coat,미러코트
Araquanid,깨비물거미,Poison Jab,독찌르기
Araquanid,깨비물거미,Pounce,달려들기
Araquanid,깨비물거미,Power Split,파워셰어
Araquanid,깨비물거미,Protect,방어
Araquanid,깨비물거미,Rain Dance,비바라기
Araquanid,깨비물거미,Reflect,리플렉터
Araquanid,깨비물거미,Rest,잠자기
Araquanid,깨비물거미,Round,돌림노래
Araquanid,깨비물거미,Scary Face,겁나는얼굴
Araquanid,깨비물거미,Skitter Smack,엄습하는일격
Araquanid,깨비물거미,Sleep Talk,잠꼬대
Araquanid,깨비물거미,Snore,코골기
Araquanid,깨비물거미,Soak,물붓기
Araquanid,깨비물거미,Spit Up,토해내기
Araquanid,깨비물거미,Sticky Web,끈적끈적네트
Araquanid,깨비물거미,Stockpile,비축하기
Araquanid,깨비물거미,Substitute,대타출동
Araquanid,깨비물거미,Surf,파도타기
Araquanid,깨비물거미,Trailblaze,개척하기
Araquanid,깨비물거미,Water Pulse,물의파동
Araquanid,깨비물거미,Waterfall,폭포오르기
Araquanid,깨비물거미,Wide Guard,와이드가드
Araquanid,깨비물거미,Wonder Room,원더룸
Araquanid,깨비물거미,X-Scissor,시저크로스
Salazzle,염뉴트,Acid Spray,애시드봄
Salazzle,염뉴트,Acrobatics,애크러뱃
Salazzle,염뉴트,Agility,고속이동
Salazzle,염뉴트,Beat Up,집단구타
Salazzle,염뉴트,Belch,트림
Salazzle,염뉴트,Body Slam,누르기
Salazzle,염뉴트,Breaking Swipe,와이드브레이커
Salazzle,염뉴트,Burning Jealousy,질투의불꽃
Salazzle,염뉴트,Corrosive Gas,부식가스
Salazzle,염뉴트,Cross Poison,크로스포이즌
Salazzle,염뉴트,Disable,사슬묶기
Salazzle,염뉴트,Dragon Cheer,드래곤옐
Salazzle,염뉴트,Dragon Claw,드래곤크루
Salazzle,염뉴트,Dragon Dance,용의춤
Salazzle,염뉴트,Dragon Pulse,용의파동
Salazzle,염뉴트,Dragon Tail,드래곤테일
Salazzle,염뉴트,Encore,앵콜
Salazzle,염뉴트,Endeavor,죽기살기
Salazzle,염뉴트,Endure,버티기
Salazzle,염뉴트,Facade,객기
Salazzle,염뉴트,Fake Out,속이다
Salazzle,염뉴트,Fake Tears,거짓울음
Salazzle,염뉴트,Fire Blast,불대문자
Salazzle,염뉴트,Fire Fang,불꽃엄니
Salazzle,염뉴트,Fire Lash,불꽃채찍
Salazzle,염뉴트,Flame Charge,니트로차지
Salazzle,염뉴트,Flamethrower,화염방사
Salazzle,염뉴트,Flare Blitz,플레어드라이브
Salazzle,염뉴트,Fling,내던지기
Salazzle,염뉴트,Foul Play,속임수
Salazzle,염뉴트,Giga Impact,기가임팩트
Salazzle,염뉴트,Gunk Shot,더스트슈트
Salazzle,염뉴트,Heat Wave,열풍
Salazzle,염뉴트,Helping Hand,도우미
Salazzle,염뉴트,Hyper Beam,파괴광선
Salazzle,염뉴트,Hyper Voice,하이퍼보이스
Salazzle,염뉴트,Iron Tail,아이언테일
Salazzle,염뉴트,Knock Off,탁쳐서떨구기
Salazzle,염뉴트,Leech Life,흡혈
Salazzle,염뉴트,Mud-Slap,진흙뿌리기
Salazzle,염뉴트,Nasty Plot,나쁜음모
Salazzle,염뉴트,Overheat,오버히트
Salazzle,염뉴트,Payback,보복
Salazzle,염뉴트,Poison Fang,독엄니
Salazzle,염뉴트,Poison Jab,독찌르기
Salazzle,염뉴트,Protect,방어
Salazzle,염뉴트,Rest,잠자기
Salazzle,염뉴트,Round,돌림노래
Salazzle,염뉴트,Scale Shot,스케일샷
Salazzle,염뉴트,Scary Face,겁나는얼굴
Salazzle,염뉴트,Shadow Claw,섀도크루
Salazzle,염뉴트,Skitter Smack,엄습하는일격
Salazzle,염뉴트,Sleep Talk,잠꼬대
Salazzle,염뉴트,Sludge Bomb,오물폭탄
Salazzle,염뉴트,Sludge Wave,오물웨이브
Salazzle,염뉴트,Snore,코골기
Salazzle,염뉴트,Substitute,대타출동
Salazzle,염뉴트,Sunny Day,쾌청
Salazzle,염뉴트,Swagger,뽐내기
Salazzle,염뉴트,Sweet Scent,달콤한향기
Salazzle,염뉴트,Taunt,도발
Salazzle,염뉴트,Temper Flare,열불내기
Salazzle,염뉴트,Thief,도둑질
Salazzle,염뉴트,Thunder Wave,전기자석파
Salazzle,염뉴트,Torment,트집
Salazzle,염뉴트,Toxic,맹독
Salazzle,염뉴트,Toxic Spikes,독압정
Salazzle,염뉴트,Trailblaze,개척하기
Salazzle,염뉴트,Venoshock,베놈쇼크
Salazzle,염뉴트,Will-O-Wisp,도깨비불
Tsareena,달코퀸,Acrobatics,애크러뱃
Tsareena,달코퀸,Acupressure,경혈찌르기
Tsareena,달코퀸,Aromatic Mist,아로마미스트
Tsareena,달코퀸,Bounce,뛰어오르다
Tsareena,달코퀸,Bullet Seed,기관총
Tsareena,달코퀸,Charm,애교부리기
Tsareena,달코퀸,Dazzling Gleam,매지컬샤인
Tsareena,달코퀸,Draining Kiss,드레인키스
Tsareena,달코퀸,Endeavor,죽기살기
Tsareena,달코퀸,Endure,버티기
Tsareena,달코퀸,Energy Ball,에너지볼
Tsareena,달코퀸,Facade,객기
Tsareena,달코퀸,Flail,바둥바둥
Tsareena,달코퀸,Fling,내던지기
Tsareena,달코퀸,Giga Drain,기가드레인
Tsareena,달코퀸,Giga Impact,기가임팩트
Tsareena,달코퀸,Grass Knot,풀묶기
Tsareena,달코퀸,Grassy Glide,그래스슬라이더
Tsareena,달코퀸,Grassy Terrain,그래스필드
Tsareena,달코퀸,Helping Hand,도우미
Tsareena,달코퀸,High Jump Kick,무릎차기
Tsareena,달코퀸,Hyper Beam,파괴광선
Tsareena,달코퀸,Knock Off,탁쳐서떨구기
Tsareena,달코퀸,Leaf Storm,리프스톰
Tsareena,달코퀸,Light Screen,빛의장막
Tsareena,달코퀸,Low Kick,안다리걸기
Tsareena,달코퀸,Low Sweep,로킥
Tsareena,달코퀸,Mega Kick,메가톤킥
Tsareena,달코퀸,Payback,보복
Tsareena,달코퀸,Petal Blizzard,꽃보라
Tsareena,달코퀸,Play Rough,치근거리기
Tsareena,달코퀸,Power Whip,파워휩
Tsareena,달코퀸,Protect,방어
Tsareena,달코퀸,Rapid Spin,고속스핀
Tsareena,달코퀸,Reflect,리플렉터
Tsareena,달코퀸,Rest,잠자기
Tsareena,달코퀸,Round,돌림노래
Tsareena,달코퀸,Seed Bomb,씨폭탄
Tsareena,달코퀸,Sleep Talk,잠꼬대
Tsareena,달코퀸,Snore,코골기
Tsareena,달코퀸,Solar Beam,솔라빔
Tsareena,달코퀸,Solar Blade,솔라블레이드
Tsareena,달코퀸,Substitute,대타출동
Tsareena,달코퀸,Sunny Day,쾌청
Tsareena,달코퀸,Swagger,뽐내기
Tsareena,달코퀸,Sweet Scent,달콤한향기
Tsareena,달코퀸,Synthesis,광합성
Tsareena,달코퀸,Taunt,도발
Tsareena,달코퀸,Teeter Dance,흔들흔들댄스
Tsareena,달코퀸,Trailblaze,개척하기
Tsareena,달코퀸,Triple Axel,트리플악셀
Tsareena,달코퀸,Trop Kick,트로피컬킥
Tsareena,달코퀸,U-turn,유턴
Tsareena,달코퀸,Zen Headbutt,사념의박치기
Oranguru,하랑우탄,After You,당신먼저
Oranguru,하랑우탄,Body Slam,누르기
Oranguru,하랑우탄,Brick Break,깨트리다
Oranguru,하랑우탄,Bulldoze,땅고르기
Oranguru,하랑우탄,Calm Mind,명상
Oranguru,하랑우탄,Charge Beam,차지빔
Oranguru,하랑우탄,Chilling Water,찬물끼얹기
Oranguru,하랑우탄,Earthquake,지진
Oranguru,하랑우탄,Encore,앵콜
Oranguru,하랑우탄,Endeavor,죽기살기
Oranguru,하랑우탄,Endure,버티기
Oranguru,하랑우탄,Energy Ball,에너지볼
Oranguru,하랑우탄,Expanding Force,와이드포스
Oranguru,하랑우탄,Extrasensory,신통력
Oranguru,하랑우탄,Facade,객기
Oranguru,하랑우탄,Fling,내던지기
Oranguru,하랑우탄,Focus Blast,기합구슬
Oranguru,하랑우탄,Foul Play,속임수
Oranguru,하랑우탄,Future Sight,미래예지
Oranguru,하랑우탄,Giga Impact,기가임팩트
Oranguru,하랑우탄,Gravity,중력
Oranguru,하랑우탄,Hyper Beam,파괴광선
Oranguru,하랑우탄,Hyper Voice,하이퍼보이스
Oranguru,하랑우탄,Imprison,봉인
Oranguru,하랑우탄,Instruct,지휘
Oranguru,하랑우탄,Knock Off,탁쳐서떨구기
Oranguru,하랑우탄,Last Resort,뒀다쓰기
Oranguru,하랑우탄,Light Screen,빛의장막
Oranguru,하랑우탄,Magic Room,매직룸
Oranguru,하랑우탄,Mega Kick,메가톤킥
Oranguru,하랑우탄,Nasty Plot,나쁜음모
Oranguru,하랑우탄,Pain Split,아픔나누기
Oranguru,하랑우탄,Payback,보복
Oranguru,하랑우탄,Protect,방어
Oranguru,하랑우탄,Psych Up,자기암시
Oranguru,하랑우탄,Psychic,사이코키네시스
Oranguru,하랑우탄,Psychic Noise,사이코노이즈
Oranguru,하랑우탄,Psychic Terrain,사이코필드
Oranguru,하랑우탄,Psyshock,사이코쇼크
Oranguru,하랑우탄,Quash,순서미루기
Oranguru,하랑우탄,Rain Dance,비바라기
Oranguru,하랑우탄,Reflect,리플렉터
Oranguru,하랑우탄,Rest,잠자기
Oranguru,하랑우탄,Rock Slide,스톤샤워
Oranguru,하랑우탄,Round,돌림노래
Oranguru,하랑우탄,Safeguard,신비의부적
Oranguru,하랑우탄,Scary Face,겁나는얼굴
Oranguru,하랑우탄,Shadow Ball,섀도볼
Oranguru,하랑우탄,Skill Swap,스킬스웹
Oranguru,하랑우탄,Sleep Talk,잠꼬대
Oranguru,하랑우탄,Snore,코골기
Oranguru,하랑우탄,Stored Power,어시스트파워
Oranguru,하랑우탄,Substitute,대타출동
Oranguru,하랑우탄,Sunny Day,쾌청
Oranguru,하랑우탄,Taunt,도발
Oranguru,하랑우탄,Terrain Pulse,대지의파동
Oranguru,하랑우탄,Thunder,번개
Oranguru,하랑우탄,Thunderbolt,10만볼트
Oranguru,하랑우탄,Trailblaze,개척하기
Oranguru,하랑우탄,Trick,트릭
Oranguru,하랑우탄,Trick Room,트릭룸
Oranguru,하랑우탄,Wonder Room,원더룸
Oranguru,하랑우탄,Yawn,하품
Oranguru,하랑우탄,Zen Headbutt,사념의박치기
Passimian,내던숭이,Acrobatics,애크러뱃
Passimian,내던숭이,Assurance,승부굳히기
Passimian,내던숭이,Baton Pass,바톤터치
Passimian,내던숭이,Beat Up,집단구타
Passimian,내던숭이,Body Slam,누르기
Passimian,내던숭이,Brick Break,깨트리다
Passimian,내던숭이,Brutal Swing,세차게휘두르기
Passimian,내던숭이,Bulk Up,벌크업
Passimian,내던숭이,Bulldoze,땅고르기
Passimian,내던숭이,Chilling Water,찬물끼얹기
Passimian,내던숭이,Close Combat,인파이트
Passimian,내던숭이,Coaching,코칭
Passimian,내던숭이,Counter,카운터
Passimian,내던숭이,Curse,저주
Passimian,내던숭이,Double-Edge,이판사판태클
Passimian,내던숭이,Drain Punch,드레인펀치
Passimian,내던숭이,Earthquake,지진
Passimian,내던숭이,Electroweb,일렉트릭네트
Passimian,내던숭이,Endure,버티기
Passimian,내던숭이,Energy Ball,에너지볼
Passimian,내던숭이,Facade,객기
Passimian,내던숭이,Feint,페인트
Passimian,내던숭이,Fling,내던지기
Passimian,내던숭이,Focus Blast,기합구슬
Passimian,내던숭이,Focus Energy,기충전
Passimian,내던숭이,Focus Punch,힘껏펀치
Passimian,내던숭이,Giga Impact,기가임팩트
Passimian,내던숭이,Grass Knot,풀묶기
Passimian,내던숭이,Gunk Shot,더스트슈트
Passimian,내던숭이,Gyro Ball,자이로볼
Passimian,내던숭이,Hyper Beam,파괴광선
Passimian,내던숭이,Iron Head,아이언헤드
Passimian,내던숭이,Iron Tail,아이언테일
Passimian,내던숭이,Knock Off,탁쳐서떨구기
Passimian,내던숭이,Low Kick,안다리걸기
Passimian,내던숭이,Low Sweep,로킥
Passimian,내던숭이,Mega Kick,메가톤킥
Passimian,내던숭이,Pain Split,아픔나누기
Passimian,내던숭이,Payback,보복
Passimian,내던숭이,Protect,방어
Passimian,내던숭이,Quick Attack,전광석화
Passimian,내던숭이,Quick Guard,퍼스트가드
Passimian,내던숭이,Rain Dance,비바라기
Passimian,내던숭이,Rest,잠자기
Passimian,내던숭이,Reversal,기사회생
Passimian,내던숭이,Rock Slide,스톤샤워
Passimian,내던숭이,Rock Tomb,암석봉인
Passimian,내던숭이,Round,돌림노래
Passimian,내던숭이,Scary Face,겁나는얼굴
Passimian,내던숭이,Seed Bomb,씨폭탄
Passimian,내던숭이,Seismic Toss,지구던지기
Passimian,내던숭이,Shadow Ball,섀도볼
Passimian,내던숭이,Sleep Talk,잠꼬대
Passimian,내던숭이,Smack Down,떨어뜨리기
Passimian,내던숭이,Snore,코골기
Passimian,내던숭이,Substitute,대타출동
Passimian,내던숭이,Sunny Day,쾌청
Passimian,내던숭이,Superpower,엄청난힘
Passimian,내던숭이,Taunt,도발
Passimian,내던숭이,Thief,도둑질
Passimian,내던숭이,Thrash,난동부리기
Passimian,내던숭이,Trailblaze,개척하기
Passimian,내던숭이,U-turn,유턴
Passimian,내던숭이,Upper Hand,기선제압
Passimian,내던숭이,Uproar,소란피기
Passimian,내던숭이,Vacuum Wave,진공파
Golisopod,갑주무사,Agility,고속이동
Golisopod,갑주무사,Aqua Jet,아쿠아제트
Golisopod,갑주무사,Assurance,승부굳히기
Golisopod,갑주무사,Attract,헤롱헤롱
Golisopod,갑주무사,Blizzard,눈보라
Golisopod,갑주무사,Brick Break,깨트리다
Golisopod,갑주무사,Bug Bite,벌레먹음
Golisopod,갑주무사,Bug Buzz,벌레의야단법석
Golisopod,갑주무사,Bulk Up,벌크업
Golisopod,갑주무사,Chilling Water,찬물끼얹기
Golisopod,갑주무사,Close Combat,인파이트
Golisopod,갑주무사,Dark Pulse,악의파동
Golisopod,갑주무사,Dive,다이빙
Golisopod,갑주무사,Double Hit,더블어택
Golisopod,갑주무사,Drill Run,드릴라이너
Golisopod,갑주무사,Endure,버티기
Golisopod,갑주무사,Facade,객기
Golisopod,갑주무사,First Impression,만나자마자
Golisopod,갑주무사,Fling,내던지기
Golisopod,갑주무사,Focus Blast,기합구슬
Golisopod,갑주무사,Giga Impact,기가임팩트
Golisopod,갑주무사,Gunk Shot,더스트슈트
Golisopod,갑주무사,Hyper Beam,파괴광선
Golisopod,갑주무사,Ice Beam,냉동빔
Golisopod,갑주무사,Icy Wind,얼다바람
Golisopod,갑주무사,Iron Defense,철벽
Golisopod,갑주무사,Iron Head,아이언헤드
Golisopod,갑주무사,Leech Life,흡혈
Golisopod,갑주무사,Liquidation,아쿠아브레이크
Golisopod,갑주무사,Mud Shot,머드숏
Golisopod,갑주무사,Muddy Water,탁류
Golisopod,갑주무사,Night Slash,깜짝베기
Golisopod,갑주무사,Payback,보복
Golisopod,갑주무사,Pin Missile,바늘미사일
Golisopod,갑주무사,Poison Jab,독찌르기
Golisopod,갑주무사,Pounce,달려들기
Golisopod,갑주무사,Protect,방어
Golisopod,갑주무사,Rain Dance,비바라기
Golisopod,갑주무사,Razor Shell,셸블레이드
Golisopod,갑주무사,Rest,잠자기
Golisopod,갑주무사,Rock Slide,스톤샤워
Golisopod,갑주무사,Rock Tomb,암석봉인
Golisopod,갑주무사,Round,돌림노래
Golisopod,갑주무사,Scald,열탕
Golisopod,갑주무사,Screech,싫은소리
Golisopod,갑주무사,Shadow Claw,섀도크루
Golisopod,갑주무사,Skitter Smack,엄습하는일격
Golisopod,갑주무사,Slash,베어가르기
Golisopod,갑주무사,Sleep Talk,잠꼬대
Golisopod,갑주무사,Sludge Bomb,오물폭탄
Golisopod,갑주무사,Sludge Wave,오물웨이브
Golisopod,갑주무사,Snarl,바크아웃
Golisopod,갑주무사,Snore,코골기
Golisopod,갑주무사,Spikes,압정뿌리기
Golisopod,갑주무사,Spite,원한
Golisopod,갑주무사,Struggle Bug,벌레의저항
Golisopod,갑주무사,Substitute,대타출동
Golisopod,갑주무사,Sucker Punch,기습
Golisopod,갑주무사,Surf,파도타기
Golisopod,갑주무사,Swords Dance,칼춤
Golisopod,갑주무사,Taunt,도발
Golisopod,갑주무사,Throat Chop,지옥찌르기
Golisopod,갑주무사,U-turn,유턴
Golisopod,갑주무사,Venoshock,베놈쇼크
Golisopod,갑주무사,Waterfall,폭포오르기
Golisopod,갑주무사,Wide Guard,와이드가드
Golisopod,갑주무사,X-Scissor,시저크로스
Mimikyu,따라큐,Baby-Doll Eyes,초롱초롱눈동자
Mimikyu,따라큐,Beat Up,집단구타
Mimikyu,따라큐,Bulk Up,벌크업
Mimikyu,따라큐,Burning Jealousy,질투의불꽃
Mimikyu,따라큐,Charm,애교부리기
Mimikyu,따라큐,Confuse Ray,이상한빛
Mimikyu,따라큐,Copycat,흉내쟁이
Mimikyu,따라큐,Curse,저주
Mimikyu,따라큐,Dark Pulse,악의파동
Mimikyu,따라큐,Dazzling Gleam,매지컬샤인
Mimikyu,따라큐,Destiny Bond,길동무
Mimikyu,따라큐,Double Team,그림자분신
Mimikyu,따라큐,Drain Punch,드레인펀치
Mimikyu,따라큐,Draining Kiss,드레인키스
Mimikyu,따라큐,Endure,버티기
Mimikyu,따라큐,Facade,객기
Mimikyu,따라큐,Fling,내던지기
Mimikyu,따라큐,Giga Drain,기가드레인
Mimikyu,따라큐,Giga Impact,기가임팩트
Mimikyu,따라큐,Hex,병상첨병
Mimikyu,따라큐,Hyper Beam,파괴광선
Mimikyu,따라큐,Leech Life,흡혈
Mimikyu,따라큐,Light Screen,빛의장막
Mimikyu,따라큐,Magic Room,매직룸
Mimikyu,따라큐,Misty Terrain,미스트필드
Mimikyu,따라큐,Night Shade,나이트헤드
Mimikyu,따라큐,Night Slash,깜짝베기
Mimikyu,따라큐,Pain Split,아픔나누기
Mimikyu,따라큐,Payback,보복
Mimikyu,따라큐,Phantom Force,고스트다이브
Mimikyu,따라큐,Play Rough,치근거리기
Mimikyu,따라큐,Pounce,달려들기
Mimikyu,따라큐,Protect,방어
Mimikyu,따라큐,Psych Up,자기암시
Mimikyu,따라큐,Psychic,사이코키네시스
Mimikyu,따라큐,Rain Dance,비바라기
Mimikyu,따라큐,Rest,잠자기
Mimikyu,따라큐,Round,돌림노래
Mimikyu,따라큐,Safeguard,신비의부적
Mimikyu,따라큐,Screech,싫은소리
Mimikyu,따라큐,Shadow Ball,섀도볼
Mimikyu,따라큐,Shadow Claw,섀도크루
Mimikyu,따라큐,Shadow Sneak,야습
Mimikyu,따라큐,Slash,베어가르기
Mimikyu,따라큐,Sleep Talk,잠꼬대
Mimikyu,따라큐,Snore,코골기
Mimikyu,따라큐,Spite,원한
Mimikyu,따라큐,Substitute,대타출동
Mimikyu,따라큐,Sunny Day,쾌청
Mimikyu,따라큐,Swords Dance,칼춤
Mimikyu,따라큐,Taunt,도발
Mimikyu,따라큐,Thief,도둑질
Mimikyu,따라큐,Thunder,번개
Mimikyu,따라큐,Thunder Wave,전기자석파
Mimikyu,따라큐,Thunderbolt,10만볼트
Mimikyu,따라큐,Trailblaze,개척하기
Mimikyu,따라큐,Trick,트릭
Mimikyu,따라큐,Trick Room,트릭룸
Mimikyu,따라큐,Will-O-Wisp,도깨비불
Mimikyu,따라큐,Wood Hammer,우드해머
Mimikyu,따라큐,X-Scissor,시저크로스
Drampa,할비롱,Amnesia,망각술
Drampa,할비롱,Attract,헤롱헤롱
Drampa,할비롱,Blizzard,눈보라
Drampa,할비롱,Body Slam,누르기
Drampa,할비롱,Breaking Swipe,와이드브레이커
Drampa,할비롱,Bulldoze,땅고르기
Drampa,할비롱,Calm Mind,명상
Drampa,할비롱,Draco Meteor,용성군
Drampa,할비롱,Dragon Cheer,드래곤옐
Drampa,할비롱,Dragon Claw,드래곤크루
Drampa,할비롱,Dragon Dance,용의춤
Drampa,할비롱,Dragon Pulse,용의파동
Drampa,할비롱,Dragon Rush,드래곤다이브
Drampa,할비롱,Earth Power,대지의힘
Drampa,할비롱,Earthquake,지진
Drampa,할비롱,Endure,버티기
Drampa,할비롱,Energy Ball,에너지볼
Drampa,할비롱,Extrasensory,신통력
Drampa,할비롱,Facade,객기
Drampa,할비롱,Fire Blast,불대문자
Drampa,할비롱,Flamethrower,화염방사
Drampa,할비롱,Fling,내던지기
Drampa,할비롱,Fly,공중날기
Drampa,할비롱,Focus Blast,기합구슬
Drampa,할비롱,Giga Impact,기가임팩트
Drampa,할비롱,Glare,뱀눈초리
Drampa,할비롱,Grass Knot,풀묶기
Drampa,할비롱,Heat Wave,열풍
Drampa,할비롱,Helping Hand,도우미
Drampa,할비롱,Hurricane,폭풍
Drampa,할비롱,Hydro Pump,하이드로펌프
Drampa,할비롱,Hyper Beam,파괴광선
Drampa,할비롱,Hyper Voice,하이퍼보이스
Drampa,할비롱,Ice Beam,냉동빔
Drampa,할비롱,Icy Wind,얼다바람
Drampa,할비롱,Lash Out,분풀이
Drampa,할비롱,Light Screen,빛의장막
Drampa,할비롱,Outrage,역린
Drampa,할비롱,Play Rough,치근거리기
Drampa,할비롱,Protect,방어
Drampa,할비롱,Rain Dance,비바라기
Drampa,할비롱,Rest,잠자기
Drampa,할비롱,Rock Slide,스톤샤워
Drampa,할비롱,Roost,날개쉬기
Drampa,할비롱,Round,돌림노래
Drampa,할비롱,Safeguard,신비의부적
Drampa,할비롱,Scale Shot,스케일샷
Drampa,할비롱,Shadow Ball,섀도볼
Drampa,할비롱,Shadow Claw,섀도크루
Drampa,할비롱,Sleep Talk,잠꼬대
Drampa,할비롱,Snarl,바크아웃
Drampa,할비롱,Snore,코골기
Drampa,할비롱,Solar Beam,솔라빔
Drampa,할비롱,Steel Wing,강철날개
Drampa,할비롱,Stomping Tantrum,분함의발구르기
Drampa,할비롱,Substitute,대타출동
Drampa,할비롱,Sunny Day,쾌청
Drampa,할비롱,Superpower,엄청난힘
Drampa,할비롱,Surf,파도타기
Drampa,할비롱,Thunder,번개
Drampa,할비롱,Thunder Wave,전기자석파
Drampa,할비롱,Thunderbolt,10만볼트
Drampa,할비롱,Tickle,간지르기
Drampa,할비롱,Tri Attack,트라이어택
Drampa,할비롱,Uproar,소란피기
Drampa,할비롱,Whirlwind,날려버리기
Kommo-o,짜랑고우거,Aerial Ace,제비반환
Kommo-o,짜랑고우거,Attract,헤롱헤롱
Kommo-o,짜랑고우거,Aura Sphere,파동탄
Kommo-o,짜랑고우거,Belly Drum,배북
Kommo-o,짜랑고우거,Body Press,바디프레스
Kommo-o,짜랑고우거,Body Slam,누르기
Kommo-o,짜랑고우거,Boomburst,폭음파
Kommo-o,짜랑고우거,Breaking Swipe,와이드브레이커
Kommo-o,짜랑고우거,Brick Break,깨트리다
Kommo-o,짜랑고우거,Brutal Swing,세차게휘두르기
Kommo-o,짜랑고우거,Bulk Up,벌크업
Kommo-o,짜랑고우거,Bulldoze,땅고르기
Kommo-o,짜랑고우거,Clanging Scales,스케일노이즈
Kommo-o,짜랑고우거,Clangorous Soul,소울비트
Kommo-o,짜랑고우거,Close Combat,인파이트
Kommo-o,짜랑고우거,Coaching,코칭
Kommo-o,짜랑고우거,Counter,카운터
Kommo-o,짜랑고우거,Double-Edge,이판사판태클
Kommo-o,짜랑고우거,Draco Meteor,용성군
Kommo-o,짜랑고우거,Dragon Cheer,드래곤옐
Kommo-o,짜랑고우거,Dragon Claw,드래곤크루
Kommo-o,짜랑고우거,Dragon Dance,용의춤
Kommo-o,짜랑고우거,Dragon Pulse,용의파동
Kommo-o,짜랑고우거,Dragon Tail,드래곤테일
Kommo-o,짜랑고우거,Drain Punch,드레인펀치
Kommo-o,짜랑고우거,Earthquake,지진
Kommo-o,짜랑고우거,Endeavor,죽기살기
Kommo-o,짜랑고우거,Endure,버티기
Kommo-o,짜랑고우거,Facade,객기
Kommo-o,짜랑고우거,Fire Punch,불꽃펀치
Kommo-o,짜랑고우거,Flamethrower,화염방사
Kommo-o,짜랑고우거,Flash Cannon,러스터캐논
Kommo-o,짜랑고우거,Fling,내던지기
Kommo-o,짜랑고우거,Focus Blast,기합구슬
Kommo-o,짜랑고우거,Focus Punch,힘껏펀치
Kommo-o,짜랑고우거,Giga Impact,기가임팩트
Kommo-o,짜랑고우거,Helping Hand,도우미
Kommo-o,짜랑고우거,Hyper Beam,파괴광선
Kommo-o,짜랑고우거,Hyper Voice,하이퍼보이스
Kommo-o,짜랑고우거,Ice Punch,냉동펀치
Kommo-o,짜랑고우거,Iron Defense,철벽
Kommo-o,짜랑고우거,Iron Head,아이언헤드
Kommo-o,짜랑고우거,Iron Tail,아이언테일
Kommo-o,짜랑고우거,Low Kick,안다리걸기
Kommo-o,짜랑고우거,Mega Kick,메가톤킥
Kommo-o,짜랑고우거,Metal Sound,금속음
Kommo-o,짜랑고우거,Noble Roar,부르짖기
Kommo-o,짜랑고우거,Outrage,역린
Kommo-o,짜랑고우거,Payback,보복
Kommo-o,짜랑고우거,Poison Jab,독찌르기
Kommo-o,짜랑고우거,Protect,방어
Kommo-o,짜랑고우거,Rain Dance,비바라기
Kommo-o,짜랑고우거,Rest,잠자기
Kommo-o,짜랑고우거,Reversal,기사회생
Kommo-o,짜랑고우거,Roar,울부짖기
Kommo-o,짜랑고우거,Rock Slide,스톤샤워
Kommo-o,짜랑고우거,Rock Tomb,암석봉인
Kommo-o,짜랑고우거,Round,돌림노래
Kommo-o,짜랑고우거,Sandstorm,모래바람
Kommo-o,짜랑고우거,Scale Shot,스케일샷
Kommo-o,짜랑고우거,Scary Face,겁나는얼굴
Kommo-o,짜랑고우거,Screech,싫은소리
Kommo-o,짜랑고우거,Shadow Claw,섀도크루
Kommo-o,짜랑고우거,Sleep Talk,잠꼬대
Kommo-o,짜랑고우거,Snore,코골기
Kommo-o,짜랑고우거,Stealth Rock,스텔스록
Kommo-o,짜랑고우거,Stomping Tantrum,분함의발구르기
Kommo-o,짜랑고우거,Substitute,대타출동
Kommo-o,짜랑고우거,Sunny Day,쾌청
Kommo-o,짜랑고우거,Superpower,엄청난힘
Kommo-o,짜랑고우거,Swords Dance,칼춤
Kommo-o,짜랑고우거,Taunt,도발
Kommo-o,짜랑고우거,Throat Chop,지옥찌르기
Kommo-o,짜랑고우거,Thunder Punch,번개펀치
Kommo-o,짜랑고우거,Upper Hand,기선제압
Kommo-o,짜랑고우거,Uproar,소란피기
Kommo-o,짜랑고우거,Vacuum Wave,진공파
Kommo-o,짜랑고우거,X-Scissor,시저크로스
Rillaboom,고릴타,Acrobatics,애크러뱃
Rillaboom,고릴타,Assurance,승부굳히기
Rillaboom,고릴타,Body Press,바디프레스
Rillaboom,고릴타,Body Slam,누르기
Rillaboom,고릴타,Boomburst,폭음파
Rillaboom,고릴타,Brick Break,깨트리다
Rillaboom,고릴타,Brutal Swing,세차게휘두르기
Rillaboom,고릴타,Bulk Up,벌크업
Rillaboom,고릴타,Bulldoze,땅고르기
Rillaboom,고릴타,Bullet Seed,기관총
Rillaboom,고릴타,Double Hit,더블어택
Rillaboom,고릴타,Double-Edge,이판사판태클
Rillaboom,고릴타,Drain Punch,드레인펀치
Rillaboom,고릴타,Drum Beating,드럼어택
Rillaboom,고릴타,Earth Power,대지의힘
Rillaboom,고릴타,Earthquake,지진
Rillaboom,고릴타,Endeavor,죽기살기
Rillaboom,고릴타,Endure,버티기
Rillaboom,고릴타,Energy Ball,에너지볼
Rillaboom,고릴타,Facade,객기
Rillaboom,고릴타,Fake Out,속이다
Rillaboom,고릴타,Fling,내던지기
Rillaboom,고릴타,Focus Blast,기합구슬
Rillaboom,고릴타,Focus Energy,기충전
Rillaboom,고릴타,Focus Punch,힘껏펀치
Rillaboom,고릴타,Frenzy Plant,하드플랜트
Rillaboom,고릴타,Giga Drain,기가드레인
Rillaboom,고릴타,Giga Impact,기가임팩트
Rillaboom,고릴타,Grass Knot,풀묶기
Rillaboom,고릴타,Grassy Glide,그래스슬라이더
Rillaboom,고릴타,Grassy Terrain,그래스필드
Rillaboom,고릴타,Growth,성장
Rillaboom,고릴타,Hammer Arm,암해머
Rillaboom,고릴타,High Horsepower,10만마력
Rillaboom,고릴타,Hyper Beam,파괴광선
Rillaboom,고릴타,Hyper Voice,하이퍼보이스
Rillaboom,고릴타,Knock Off,탁쳐서떨구기
Rillaboom,고릴타,Leaf Storm,리프스톰
Rillaboom,고릴타,Leech Seed,씨뿌리기
Rillaboom,고릴타,Low Kick,안다리걸기
Rillaboom,고릴타,Low Sweep,로킥
Rillaboom,고릴타,Mega Kick,메가톤킥
Rillaboom,고릴타,Mud Shot,머드숏
Rillaboom,고릴타,Noble Roar,부르짖기
Rillaboom,고릴타,Protect,방어
Rillaboom,고릴타,Rest,잠자기
Rillaboom,고릴타,Round,돌림노래
Rillaboom,고릴타,Scary Face,겁나는얼굴
Rillaboom,고릴타,Screech,싫은소리
Rillaboom,고릴타,Seed Bomb,씨폭탄
Rillaboom,고릴타,Sleep Talk,잠꼬대
Rillaboom,고릴타,Snarl,바크아웃
Rillaboom,고릴타,Snore,코골기
Rillaboom,고릴타,Solar Beam,솔라빔
Rillaboom,고릴타,Solar Blade,솔라블레이드
Rillaboom,고릴타,Stomping Tantrum,분함의발구르기
Rillaboom,고릴타,Substitute,대타출동
Rillaboom,고릴타,Sunny Day,쾌청
Rillaboom,고릴타,Superpower,엄청난힘
Rillaboom,고릴타,Swords Dance,칼춤
Rillaboom,고릴타,Taunt,도발
Rillaboom,고릴타,Thief,도둑질
Rillaboom,고릴타,Trailblaze,개척하기
Rillaboom,고릴타,U-turn,유턴
Rillaboom,고릴타,Uproar,소란피기
Rillaboom,고릴타,Wood Hammer,우드해머
Rillaboom,고릴타,Worry Seed,고민씨
Cinderace,에이스번,Acrobatics,애크러뱃
Cinderace,에이스번,Agility,고속이동
Cinderace,에이스번,Assurance,승부굳히기
Cinderace,에이스번,Baton Pass,바톤터치
Cinderace,에이스번,Blast Burn,블러스트번
Cinderace,에이스번,Blaze Kick,브레이즈킥
Cinderace,에이스번,Bounce,뛰어오르다
Cinderace,에이스번,Bulk Up,벌크업
Cinderace,에이스번,Burning Jealousy,질투의불꽃
Cinderace,에이스번,Coaching,코칭
Cinderace,에이스번,Counter,카운터
Cinderace,에이스번,Court Change,코트체인지
Cinderace,에이스번,Double-Edge,이판사판태클
Cinderace,에이스번,Electro Ball,일렉트릭볼
Cinderace,에이스번,Endure,버티기
Cinderace,에이스번,Facade,객기
Cinderace,에이스번,Feint,페인트
Cinderace,에이스번,Fire Blast,불대문자
Cinderace,에이스번,Fire Fang,불꽃엄니
Cinderace,에이스번,Fire Punch,불꽃펀치
Cinderace,에이스번,Fire Spin,회오리불꽃
Cinderace,에이스번,Flame Charge,니트로차지
Cinderace,에이스번,Flamethrower,화염방사
Cinderace,에이스번,Flare Blitz,플레어드라이브
Cinderace,에이스번,Fling,내던지기
Cinderace,에이스번,Focus Blast,기합구슬
Cinderace,에이스번,Focus Energy,기충전
Cinderace,에이스번,Giga Impact,기가임팩트
Cinderace,에이스번,Gunk Shot,더스트슈트
Cinderace,에이스번,Heat Wave,열풍
Cinderace,에이스번,Helping Hand,도우미
Cinderace,에이스번,High Jump Kick,무릎차기
Cinderace,에이스번,Hyper Beam,파괴광선
Cinderace,에이스번,Iron Head,아이언헤드
Cinderace,에이스번,Low Kick,안다리걸기
Cinderace,에이스번,Low Sweep,로킥
Cinderace,에이스번,Mega Kick,메가톤킥
Cinderace,에이스번,Mud Shot,머드숏
Cinderace,에이스번,Mud-Slap,진흙뿌리기
Cinderace,에이스번,Overheat,오버히트
Cinderace,에이스번,Protect,방어
Cinderace,에이스번,Pyro Ball,화염볼
Cinderace,에이스번,Quick Attack,전광석화
Cinderace,에이스번,Rest,잠자기
Cinderace,에이스번,Reversal,기사회생
Cinderace,에이스번,Round,돌림노래
Cinderace,에이스번,Scorching Sands,열사의대지
Cinderace,에이스번,Shadow Ball,섀도볼
Cinderace,에이스번,Sleep Talk,잠꼬대
Cinderace,에이스번,Smack Down,떨어뜨리기
Cinderace,에이스번,Snarl,바크아웃
Cinderace,에이스번,Snore,코골기
Cinderace,에이스번,Substitute,대타출동
Cinderace,에이스번,Sucker Punch,기습
Cinderace,에이스번,Sunny Day,쾌청
Cinderace,에이스번,Super Fang,분노의앞니
Cinderace,에이스번,Swords Dance,칼춤
Cinderace,에이스번,Taunt,도발
Cinderace,에이스번,Temper Flare,열불내기
Cinderace,에이스번,Trailblaze,개척하기
Cinderace,에이스번,U-turn,유턴
Cinderace,에이스번,Weather Ball,웨더볼
Cinderace,에이스번,Will-O-Wisp,도깨비불
Cinderace,에이스번,Zen Headbutt,사념의박치기
Inteleon,인텔리레온,Acrobatics,애크러뱃
Inteleon,인텔리레온,Agility,고속이동
Inteleon,인텔리레온,Air Cutter,에어컷터
Inteleon,인텔리레온,Air Slash,에어슬래시
Inteleon,인텔리레온,Aqua Jet,아쿠아제트
Inteleon,인텔리레온,Aqua Ring,아쿠아링
Inteleon,인텔리레온,Baton Pass,바톤터치
Inteleon,인텔리레온,Bind,조이기
Inteleon,인텔리레온,Blizzard,눈보라
Inteleon,인텔리레온,Bounce,뛰어오르다
Inteleon,인텔리레온,Breaking Swipe,와이드브레이커
Inteleon,인텔리레온,Chilling Water,찬물끼얹기
Inteleon,인텔리레온,Dark Pulse,악의파동
Inteleon,인텔리레온,Dive,다이빙
Inteleon,인텔리레온,Double Team,그림자분신
Inteleon,인텔리레온,Endure,버티기
Inteleon,인텔리레온,Facade,객기
Inteleon,인텔리레온,Fell Stinger,마지막일침
Inteleon,인텔리레온,Fling,내던지기
Inteleon,인텔리레온,Flip Turn,퀵턴
Inteleon,인텔리레온,Focus Energy,기충전
Inteleon,인텔리레온,Giga Impact,기가임팩트
Inteleon,인텔리레온,Haze,흑안개
Inteleon,인텔리레온,Hydro Cannon,하이드로캐논
Inteleon,인텔리레온,Hydro Pump,하이드로펌프
Inteleon,인텔리레온,Hyper Beam,파괴광선
Inteleon,인텔리레온,Ice Beam,냉동빔
Inteleon,인텔리레온,Ice Shard,얼음뭉치
Inteleon,인텔리레온,Icicle Spear,고드름침
Inteleon,인텔리레온,Icy Wind,얼다바람
Inteleon,인텔리레온,Light Screen,빛의장막
Inteleon,인텔리레온,Liquidation,아쿠아브레이크
Inteleon,인텔리레온,Mud Shot,머드숏
Inteleon,인텔리레온,Muddy Water,탁류
Inteleon,인텔리레온,Protect,방어
Inteleon,인텔리레온,Psych Up,자기암시
Inteleon,인텔리레온,Rain Dance,비바라기
Inteleon,인텔리레온,Reflect,리플렉터
Inteleon,인텔리레온,Rest,잠자기
Inteleon,인텔리레온,Round,돌림노래
Inteleon,인텔리레온,Scald,열탕
Inteleon,인텔리레온,Scale Shot,스케일샷
Inteleon,인텔리레온,Shadow Ball,섀도볼
Inteleon,인텔리레온,Skitter Smack,엄습하는일격
Inteleon,인텔리레온,Sleep Talk,잠꼬대
Inteleon,인텔리레온,Smack Down,떨어뜨리기
Inteleon,인텔리레온,Snipe Shot,노려맞히기
Inteleon,인텔리레온,Snore,코골기
Inteleon,인텔리레온,Snowscape,설경
Inteleon,인텔리레온,Soak,물붓기
Inteleon,인텔리레온,Substitute,대타출동
Inteleon,인텔리레온,Sucker Punch,기습
Inteleon,인텔리레온,Surf,파도타기
Inteleon,인텔리레온,Swords Dance,칼춤
Inteleon,인텔리레온,Taunt,도발
Inteleon,인텔리레온,Tearful Look,눈물그렁그렁
Inteleon,인텔리레온,U-turn,유턴
Inteleon,인텔리레온,Vacuum Wave,진공파
Inteleon,인텔리레온,Water Pulse,물의파동
Inteleon,인텔리레온,Waterfall,폭포오르기
Inteleon,인텔리레온,Weather Ball,웨더볼
Inteleon,인텔리레온,Whirlpool,바다회오리
Corviknight,아머까오,Aerial Ace,제비반환
Corviknight,아머까오,Agility,고속이동
Corviknight,아머까오,Air Cutter,에어컷터
Corviknight,아머까오,Air Slash,에어슬래시
Corviknight,아머까오,Assurance,승부굳히기
Corviknight,아머까오,Body Press,바디프레스
Corviknight,아머까오,Body Slam,누르기
Corviknight,아머까오,Brave Bird,브레이브버드
Corviknight,아머까오,Bulk Up,벌크업
Corviknight,아머까오,Curse,저주
Corviknight,아머까오,Defog,안개제거
Corviknight,아머까오,Double-Edge,이판사판태클
Corviknight,아머까오,Drill Peck,회전부리
Corviknight,아머까오,Dual Wingbeat,더블윙
Corviknight,아머까오,Endure,버티기
Corviknight,아머까오,Facade,객기
Corviknight,아머까오,Fake Tears,거짓울음
Corviknight,아머까오,Feather Dance,깃털댄스
Corviknight,아머까오,Flash Cannon,러스터캐논
Corviknight,아머까오,Fly,공중날기
Corviknight,아머까오,Focus Energy,기충전
Corviknight,아머까오,Giga Impact,기가임팩트
Corviknight,아머까오,Heavy Slam,헤비봄버
Corviknight,아머까오,Hurricane,폭풍
Corviknight,아머까오,Hyper Beam,파괴광선
Corviknight,아머까오,Iron Defense,철벽
Corviknight,아머까오,Iron Head,아이언헤드
Corviknight,아머까오,Light Screen,빛의장막
Corviknight,아머까오,Metal Sound,금속음
Corviknight,아머까오,Nasty Plot,나쁜음모
Corviknight,아머까오,Payback,보복
Corviknight,아머까오,Pluck,쪼아대기
Corviknight,아머까오,Power Trip,기어오르기
Corviknight,아머까오,Protect,방어
Corviknight,아머까오,Rain Dance,비바라기
Corviknight,아머까오,Reflect,리플렉터
Corviknight,아머까오,Rest,잠자기
Corviknight,아머까오,Reversal,기사회생
Corviknight,아머까오,Roost,날개쉬기
Corviknight,아머까오,Round,돌림노래
Corviknight,아머까오,Scary Face,겁나는얼굴
Corviknight,아머까오,Screech,싫은소리
Corviknight,아머까오,Sky Attack,불새
Corviknight,아머까오,Sleep Talk,잠꼬대
Corviknight,아머까오,Snore,코골기
Corviknight,아머까오,Spite,원한
Corviknight,아머까오,Steel Beam,철제광선
Corviknight,아머까오,Steel Wing,강철날개
Corviknight,아머까오,Substitute,대타출동
Corviknight,아머까오,Sunny Day,쾌청
Corviknight,아머까오,Swagger,뽐내기
Corviknight,아머까오,Tailwind,순풍
Corviknight,아머까오,Taunt,도발
Corviknight,아머까오,Thief,도둑질
Corviknight,아머까오,U-turn,유턴
Thievul,폭슬라이,Acrobatics,애크러뱃
Thievul,폭슬라이,Agility,고속이동
Thievul,폭슬라이,Assurance,승부굳히기
Thievul,폭슬라이,Attract,헤롱헤롱
Thievul,폭슬라이,Baton Pass,바톤터치
Thievul,폭슬라이,Beat Up,집단구타
Thievul,폭슬라이,Burning Jealousy,질투의불꽃
Thievul,폭슬라이,Crunch,깨물어부수기
Thievul,폭슬라이,Dark Pulse,악의파동
Thievul,폭슬라이,Dig,구멍파기
Thievul,폭슬라이,Double Team,그림자분신
Thievul,폭슬라이,Endure,버티기
Thievul,폭슬라이,Facade,객기
Thievul,폭슬라이,Fake Tears,거짓울음
Thievul,폭슬라이,Fire Fang,불꽃엄니
Thievul,폭슬라이,First Impression,만나자마자
Thievul,폭슬라이,Foul Play,속임수
Thievul,폭슬라이,Giga Impact,기가임팩트
Thievul,폭슬라이,Grass Knot,풀묶기
Thievul,폭슬라이,Howl,멀리짖음
Thievul,폭슬라이,Hyper Beam,파괴광선
Thievul,폭슬라이,Ice Fang,얼음엄니
Thievul,폭슬라이,Knock Off,탁쳐서떨구기
Thievul,폭슬라이,Lash Out,분풀이
Thievul,폭슬라이,Mud Shot,머드숏
Thievul,폭슬라이,Nasty Plot,나쁜음모
Thievul,폭슬라이,Night Slash,깜짝베기
Thievul,폭슬라이,Parting Shot,막말내뱉기
Thievul,폭슬라이,Play Rough,치근거리기
Thievul,폭슬라이,Protect,방어
Thievul,폭슬라이,Psychic,사이코키네시스
Thievul,폭슬라이,Quick Attack,전광석화
Thievul,폭슬라이,Quick Guard,퍼스트가드
Thievul,폭슬라이,Rest,잠자기
Thievul,폭슬라이,Roar,울부짖기
Thievul,폭슬라이,Round,돌림노래
Thievul,폭슬라이,Screech,싫은소리
Thievul,폭슬라이,Shadow Ball,섀도볼
Thievul,폭슬라이,Shadow Claw,섀도크루
Thievul,폭슬라이,Sleep Talk,잠꼬대
Thievul,폭슬라이,Snarl,바크아웃
Thievul,폭슬라이,Snore,코골기
Thievul,폭슬라이,Substitute,대타출동
Thievul,폭슬라이,Sucker Punch,기습
Thievul,폭슬라이,Tail Slap,스위프뺨치기
Thievul,폭슬라이,Taunt,도발
Thievul,폭슬라이,Thief,도둑질
Thievul,폭슬라이,Thunder Fang,번개엄니
Thievul,폭슬라이,Torment,트집
Thievul,폭슬라이,Trailblaze,개척하기
Thievul,폭슬라이,U-turn,유턴
Flapple,애프룡,Acid Spray,애시드봄
Flapple,애프룡,Acrobatics,애크러뱃
Flapple,애프룡,Aerial Ace,제비반환
Flapple,애프룡,Air Slash,에어슬래시
Flapple,애프룡,Bullet Seed,기관총
Flapple,애프룡,Draco Meteor,용성군
Flapple,애프룡,Dragon Dance,용의춤
Flapple,애프룡,Dragon Pulse,용의파동
Flapple,애프룡,Dragon Rush,드래곤다이브
Flapple,애프룡,Dual Wingbeat,더블윙
Flapple,애프룡,Endeavor,죽기살기
Flapple,애프룡,Endure,버티기
Flapple,애프룡,Energy Ball,에너지볼
Flapple,애프룡,Facade,객기
Flapple,애프룡,Fly,공중날기
Flapple,애프룡,Focus Energy,기충전
Flapple,애프룡,Giga Drain,기가드레인
Flapple,애프룡,Giga Impact,기가임팩트
Flapple,애프룡,Grass Knot,풀묶기
Flapple,애프룡,Grassy Glide,그래스슬라이더
Flapple,애프룡,Grassy Terrain,그래스필드
Flapple,애프룡,Grav Apple,G의힘
Flapple,애프룡,Growth,성장
Flapple,애프룡,Heavy Slam,헤비봄버
Flapple,애프룡,Hyper Beam,파괴광선
Flapple,애프룡,Iron Defense,철벽
Flapple,애프룡,Leaf Storm,리프스톰
Flapple,애프룡,Leech Seed,씨뿌리기
Flapple,애프룡,Outrage,역린
Flapple,애프룡,Pounce,달려들기
Flapple,애프룡,Protect,방어
Flapple,애프룡,Recycle,리사이클
Flapple,애프룡,Rest,잠자기
Flapple,애프룡,Round,돌림노래
Flapple,애프룡,Scary Face,겁나는얼굴
Flapple,애프룡,Seed Bomb,씨폭탄
Flapple,애프룡,Sleep Talk,잠꼬대
Flapple,애프룡,Snore,코골기
Flapple,애프룡,Solar Beam,솔라빔
Flapple,애프룡,Substitute,대타출동
Flapple,애프룡,Sucker Punch,기습
Flapple,애프룡,Sunny Day,쾌청
Flapple,애프룡,Trailblaze,개척하기
Flapple,애프룡,U-turn,유턴
Appletun,단지래플,Amnesia,망각술
Appletun,단지래플,Apple Acid,사과산
Appletun,단지래플,Body Press,바디프레스
Appletun,단지래플,Body Slam,누르기
Appletun,단지래플,Bulldoze,땅고르기
Appletun,단지래플,Bullet Seed,기관총
Appletun,단지래플,Curse,저주
Appletun,단지래플,Draco Meteor,용성군
Appletun,단지래플,Dragon Pulse,용의파동
Appletun,단지래플,Dragon Tail,드래곤테일
Appletun,단지래플,Earthquake,지진
Appletun,단지래플,Endure,버티기
Appletun,단지래플,Energy Ball,에너지볼
Appletun,단지래플,Facade,객기
Appletun,단지래플,Giga Drain,기가드레인
Appletun,단지래플,Giga Impact,기가임팩트
Appletun,단지래플,Grass Knot,풀묶기
Appletun,단지래플,Grassy Glide,그래스슬라이더
Appletun,단지래플,Grassy Terrain,그래스필드
Appletun,단지래플,Growth,성장
Appletun,단지래플,Gyro Ball,자이로볼
Appletun,단지래플,Heavy Slam,헤비봄버
Appletun,단지래플,Helping Hand,도우미
Appletun,단지래플,High Horsepower,10만마력
Appletun,단지래플,Hyper Beam,파괴광선
Appletun,단지래플,Iron Defense,철벽
Appletun,단지래플,Iron Head,아이언헤드
Appletun,단지래플,Leaf Storm,리프스톰
Appletun,단지래플,Leech Seed,씨뿌리기
Appletun,단지래플,Light Screen,빛의장막
Appletun,단지래플,Outrage,역린
Appletun,단지래플,Pounce,달려들기
Appletun,단지래플,Protect,방어
Appletun,단지래플,Rain Dance,비바라기
Appletun,단지래플,Recover,HP회복
Appletun,단지래플,Recycle,리사이클
Appletun,단지래플,Reflect,리플렉터
Appletun,단지래플,Rest,잠자기
Appletun,단지래플,Round,돌림노래
Appletun,단지래플,Seed Bomb,씨폭탄
Appletun,단지래플,Sleep Talk,잠꼬대
Appletun,단지래플,Snore,코골기
Appletun,단지래플,Solar Beam,솔라빔
Appletun,단지래플,Stomping Tantrum,분함의발구르기
Appletun,단지래플,Substitute,대타출동
Appletun,단지래플,Sucker Punch,기습
Appletun,단지래플,Sunny Day,쾌청
Appletun,단지래플,Superpower,엄청난힘
Appletun,단지래플,Sweet Scent,달콤한향기
Appletun,단지래플,Trailblaze,개척하기
Appletun,단지래플,Zen Headbutt,사념의박치기
Sandaconda,사다이사,Belch,트림
Sandaconda,사다이사,Body Press,바디프레스
Sandaconda,사다이사,Body Slam,누르기
Sandaconda,사다이사,Brutal Swing,세차게휘두르기
Sandaconda,사다이사,Bulldoze,땅고르기
Sandaconda,사다이사,Coil,똬리틀기
Sandaconda,사다이사,Dig,구멍파기
Sandaconda,사다이사,Dragon Rush,드래곤다이브
Sandaconda,사다이사,Drill Run,드릴라이너
Sandaconda,사다이사,Earth Power,대지의힘
Sandaconda,사다이사,Earthquake,지진
Sandaconda,사다이사,Endeavor,죽기살기
Sandaconda,사다이사,Endure,버티기
Sandaconda,사다이사,Facade,객기
Sandaconda,사다이사,Fire Fang,불꽃엄니
Sandaconda,사다이사,Giga Impact,기가임팩트
Sandaconda,사다이사,Glare,뱀눈초리
Sandaconda,사다이사,High Horsepower,10만마력
Sandaconda,사다이사,Hurricane,폭풍
Sandaconda,사다이사,Hyper Beam,파괴광선
Sandaconda,사다이사,Iron Defense,철벽
Sandaconda,사다이사,Iron Head,아이언헤드
Sandaconda,사다이사,Last Resort,뒀다쓰기
Sandaconda,사다이사,Minimize,작아지기
Sandaconda,사다이사,Mud Shot,머드숏
Sandaconda,사다이사,Mud-Slap,진흙뿌리기
Sandaconda,사다이사,Outrage,역린
Sandaconda,사다이사,Protect,방어
Sandaconda,사다이사,Rest,잠자기
Sandaconda,사다이사,Rock Blast,락블레스트
Sandaconda,사다이사,Rock Slide,스톤샤워
Sandaconda,사다이사,Rock Tomb,암석봉인
Sandaconda,사다이사,Round,돌림노래
Sandaconda,사다이사,Sand Tomb,모래지옥
Sandaconda,사다이사,Sandstorm,모래바람
Sandaconda,사다이사,Scale Shot,스케일샷
Sandaconda,사다이사,Scary Face,겁나는얼굴
Sandaconda,사다이사,Scorching Sands,열사의대지
Sandaconda,사다이사,Screech,싫은소리
Sandaconda,사다이사,Skitter Smack,엄습하는일격
Sandaconda,사다이사,Sleep Talk,잠꼬대
Sandaconda,사다이사,Snore,코골기
Sandaconda,사다이사,Stealth Rock,스텔스록
Sandaconda,사다이사,Stone Edge,스톤에지
Sandaconda,사다이사,Substitute,대타출동
Sandaconda,사다이사,Thunder Fang,번개엄니
Sandaconda,사다이사,Wrap,김밥말이
Sandaconda,사다이사,Zen Headbutt,사념의박치기
Toxtricity,스트린더,Acid Spray,애시드봄
Toxtricity,스트린더,Belch,트림
Toxtricity,스트린더,Boomburst,폭음파
Toxtricity,스트린더,Brick Break,깨트리다
Toxtricity,스트린더,Charge,충전
Toxtricity,스트린더,Charge Beam,차지빔
Toxtricity,스트린더,Charm,애교부리기
Toxtricity,스트린더,Discharge,방전
Toxtricity,스트린더,Drain Punch,드레인펀치
Toxtricity,스트린더,Eerie Impulse,괴전파
Toxtricity,스트린더,Electric Terrain,일렉트릭필드
Toxtricity,스트린더,Electro Ball,일렉트릭볼
Toxtricity,스트린더,Electroweb,일렉트릭네트
Toxtricity,스트린더,Encore,앵콜
Toxtricity,스트린더,Endeavor,죽기살기
Toxtricity,스트린더,Endure,버티기
Toxtricity,스트린더,Facade,객기
Toxtricity,스트린더,Fire Punch,불꽃펀치
Toxtricity,스트린더,Flail,바둥바둥
Toxtricity,스트린더,Fling,내던지기
Toxtricity,스트린더,Giga Impact,기가임팩트
Toxtricity,스트린더,Gunk Shot,더스트슈트
Toxtricity,스트린더,Helping Hand,도우미
Toxtricity,스트린더,Hex,병상첨병
Toxtricity,스트린더,Hyper Beam,파괴광선
Toxtricity,스트린더,Hyper Voice,하이퍼보이스
Toxtricity,스트린더,Mega Kick,메가톤킥
Toxtricity,스트린더,Metal Sound,금속음
Toxtricity,스트린더,Noble Roar,부르짖기
Toxtricity,스트린더,Nuzzle,볼부비부비
Toxtricity,스트린더,Overdrive,오버드라이브
Toxtricity,스트린더,Payback,보복
Toxtricity,스트린더,Poison Jab,독찌르기
Toxtricity,스트린더,Protect,방어
Toxtricity,스트린더,Psychic Noise,사이코노이즈
Toxtricity,스트린더,Rain Dance,비바라기
Toxtricity,스트린더,Rest,잠자기
Toxtricity,스트린더,Rising Voltage,라이징볼트
Toxtricity,스트린더,Round,돌림노래
Toxtricity,스트린더,Scary Face,겁나는얼굴
Toxtricity,스트린더,Screech,싫은소리
Toxtricity,스트린더,Shift Gear,기어체인지
Toxtricity,스트린더,Sleep Talk,잠꼬대
Toxtricity,스트린더,Sludge Bomb,오물폭탄
Toxtricity,스트린더,Sludge Wave,오물웨이브
Toxtricity,스트린더,Snarl,바크아웃
Toxtricity,스트린더,Snore,코골기
Toxtricity,스트린더,Stored Power,어시스트파워
Toxtricity,스트린더,Substitute,대타출동
Toxtricity,스트린더,Sunny Day,쾌청
Toxtricity,스트린더,Swagger,뽐내기
Toxtricity,스트린더,Taunt,도발
Toxtricity,스트린더,Tearful Look,눈물그렁그렁
Toxtricity,스트린더,Thief,도둑질
Toxtricity,스트린더,Throat Chop,지옥찌르기
Toxtricity,스트린더,Thunder,번개
Toxtricity,스트린더,Thunder Fang,번개엄니
Toxtricity,스트린더,Thunder Punch,번개펀치
Toxtricity,스트린더,Thunder Wave,전기자석파
Toxtricity,스트린더,Thunderbolt,10만볼트
Toxtricity,스트린더,Toxic,맹독
Toxtricity,스트린더,Toxic Spikes,독압정
Toxtricity,스트린더,Trailblaze,개척하기
Toxtricity,스트린더,Uproar,소란피기
Toxtricity,스트린더,Venoshock,베놈쇼크
Toxtricity,스트린더,Volt Switch,볼트체인지
Toxtricity,스트린더,Wild Charge,와일드볼트
Toxtricity,스트린더,Zap Cannon,전자포
Grapploct,케오퍼스,Attract,헤롱헤롱
Grapploct,케오퍼스,Bind,조이기
Grapploct,케오퍼스,Body Slam,누르기
Grapploct,케오퍼스,Brick Break,깨트리다
Grapploct,케오퍼스,Brutal Swing,세차게휘두르기
Grapploct,케오퍼스,Bulk Up,벌크업
Grapploct,케오퍼스,Chilling Water,찬물끼얹기
Grapploct,케오퍼스,Circle Throw,배대뒤치기
Grapploct,케오퍼스,Close Combat,인파이트
Grapploct,케오퍼스,Coaching,코칭
Grapploct,케오퍼스,Detect,판별
Grapploct,케오퍼스,Dig,구멍파기
Grapploct,케오퍼스,Dive,다이빙
Grapploct,케오퍼스,Drain Punch,드레인펀치
Grapploct,케오퍼스,Endure,버티기
Grapploct,케오퍼스,Facade,객기
Grapploct,케오퍼스,Feint,페인트
Grapploct,케오퍼스,Focus Blast,기합구슬
Grapploct,케오퍼스,Giga Impact,기가임팩트
Grapploct,케오퍼스,Hydro Pump,하이드로펌프
Grapploct,케오퍼스,Hyper Beam,파괴광선
Grapploct,케오퍼스,Ice Punch,냉동펀치
Grapploct,케오퍼스,Liquidation,아쿠아브레이크
Grapploct,케오퍼스,Mach Punch,마하펀치
Grapploct,케오퍼스,Mud Shot,머드숏
Grapploct,케오퍼스,Muddy Water,탁류
Grapploct,케오퍼스,Octolock,문어굳히기
Grapploct,케오퍼스,Pain Split,아픔나누기
Grapploct,케오퍼스,Payback,보복
Grapploct,케오퍼스,Protect,방어
Grapploct,케오퍼스,Rest,잠자기
Grapploct,케오퍼스,Reversal,기사회생
Grapploct,케오퍼스,Round,돌림노래
Grapploct,케오퍼스,Scary Face,겁나는얼굴
Grapploct,케오퍼스,Seismic Toss,지구던지기
Grapploct,케오퍼스,Skitter Smack,엄습하는일격
Grapploct,케오퍼스,Sleep Talk,잠꼬대
Grapploct,케오퍼스,Snore,코골기
Grapploct,케오퍼스,Soak,물붓기
Grapploct,케오퍼스,Stomping Tantrum,분함의발구르기
Grapploct,케오퍼스,Storm Throw,업어후리기
Grapploct,케오퍼스,Substitute,대타출동
Grapploct,케오퍼스,Sucker Punch,기습
Grapploct,케오퍼스,Superpower,엄청난힘
Grapploct,케오퍼스,Surf,파도타기
Grapploct,케오퍼스,Taunt,도발
Grapploct,케오퍼스,Topsy-Turvy,뒤집어엎기
Grapploct,케오퍼스,Waterfall,폭포오르기
Grapploct,케오퍼스,Whirlpool,바다회오리
Polteageist,포트데스,Ally Switch,사이드체인지
Polteageist,포트데스,Aromatic Mist,아로마미스트
Polteageist,포트데스,Baton Pass,바톤터치
Polteageist,포트데스,Calm Mind,명상
Polteageist,포트데스,Confuse Ray,이상한빛
Polteageist,포트데스,Curse,저주
Polteageist,포트데스,Dark Pulse,악의파동
Polteageist,포트데스,Endure,버티기
Polteageist,포트데스,Facade,객기
Polteageist,포트데스,Foul Play,속임수
Polteageist,포트데스,Giga Drain,기가드레인
Polteageist,포트데스,Giga Impact,기가임팩트
Polteageist,포트데스,Hex,병상첨병
Polteageist,포트데스,Hyper Beam,파괴광선
Polteageist,포트데스,Imprison,봉인
Polteageist,포트데스,Light Screen,빛의장막
Polteageist,포트데스,Memento,추억의선물
Polteageist,포트데스,Nasty Plot,나쁜음모
Polteageist,포트데스,Night Shade,나이트헤드
Polteageist,포트데스,Pain Split,아픔나누기
Polteageist,포트데스,Payback,보복
Polteageist,포트데스,Phantom Force,고스트다이브
Polteageist,포트데스,Poltergeist,폴터가이스트
Polteageist,포트데스,Protect,방어
Polteageist,포트데스,Psychic,사이코키네시스
Polteageist,포트데스,Psyshock,사이코쇼크
Polteageist,포트데스,Reflect,리플렉터
Polteageist,포트데스,Rest,잠자기
Polteageist,포트데스,Round,돌림노래
Polteageist,포트데스,Self-Destruct,자폭
Polteageist,포트데스,Shadow Ball,섀도볼
Polteageist,포트데스,Shell Smash,껍질깨기
Polteageist,포트데스,Skill Swap,스킬스웹
Polteageist,포트데스,Sleep Talk,잠꼬대
Polteageist,포트데스,Snore,코골기
Polteageist,포트데스,Spite,원한
Polteageist,포트데스,Stored Power,어시스트파워
Polteageist,포트데스,Strength Sap,힘흡수
Polteageist,포트데스,Substitute,대타출동
Polteageist,포트데스,Sucker Punch,기습
Polteageist,포트데스,Sweet Scent,달콤한향기
Polteageist,포트데스,Teatime,다과회
Polteageist,포트데스,Trick,트릭
Polteageist,포트데스,Trick Room,트릭룸
Polteageist,포트데스,Will-O-Wisp,도깨비불
Polteageist,포트데스,Wonder Room,원더룸
Hatterene,브리무음,After You,당신먼저
Hatterene,브리무음,Agility,고속이동
Hatterene,브리무음,Aromatic Mist,아로마미스트
Hatterene,브리무음,Baton Pass,바톤터치
Hatterene,브리무음,Brutal Swing,세차게휘두르기
Hatterene,브리무음,Calm Mind,명상
Hatterene,브리무음,Charm,애교부리기
Hatterene,브리무음,Dark Pulse,악의파동
Hatterene,브리무음,Dazzling Gleam,매지컬샤인
Hatterene,브리무음,Draining Kiss,드레인키스
Hatterene,브리무음,Endure,버티기
Hatterene,브리무음,Expanding Force,와이드포스
Hatterene,브리무음,Facade,객기
Hatterene,브리무음,Future Sight,미래예지
Hatterene,브리무음,Giga Drain,기가드레인
Hatterene,브리무음,Giga Impact,기가임팩트
Hatterene,브리무음,Gravity,중력
Hatterene,브리무음,Guard Swap,가드스웹
Hatterene,브리무음,Heal Pulse,치유파동
Hatterene,브리무음,Healing Wish,치유소원
Hatterene,브리무음,Helping Hand,도우미
Hatterene,브리무음,Hyper Beam,파괴광선
Hatterene,브리무음,Imprison,봉인
Hatterene,브리무음,Life Dew,생명의물방울
Hatterene,브리무음,Light Screen,빛의장막
Hatterene,브리무음,Magic Powder,마법가루
Hatterene,브리무음,Magic Room,매직룸
Hatterene,브리무음,Misty Explosion,미스트버스트
Hatterene,브리무음,Misty Terrain,미스트필드
Hatterene,브리무음,Mystical Fire,매지컬플레임
Hatterene,브리무음,Nuzzle,볼부비부비
Hatterene,브리무음,Pain Split,아픔나누기
Hatterene,브리무음,Play Rough,치근거리기
Hatterene,브리무음,Power Swap,파워스웹
Hatterene,브리무음,Power Whip,파워휩
Hatterene,브리무음,Protect,방어
Hatterene,브리무음,Psych Up,자기암시
Hatterene,브리무음,Psychic,사이코키네시스
Hatterene,브리무음,Psychic Noise,사이코노이즈
Hatterene,브리무음,Psychic Terrain,사이코필드
Hatterene,브리무음,Psycho Cut,사이코커터
Hatterene,브리무음,Psyshock,사이코쇼크
Hatterene,브리무음,Quash,순서미루기
Hatterene,브리무음,Reflect,리플렉터
Hatterene,브리무음,Rest,잠자기
Hatterene,브리무음,Round,돌림노래
Hatterene,브리무음,Safeguard,신비의부적
Hatterene,브리무음,Shadow Ball,섀도볼
Hatterene,브리무음,Shadow Claw,섀도크루
Hatterene,브리무음,Skill Swap,스킬스웹
Hatterene,브리무음,Sleep Talk,잠꼬대
Hatterene,브리무음,Snore,코골기
Hatterene,브리무음,Stored Power,어시스트파워
Hatterene,브리무음,Substitute,대타출동
Hatterene,브리무음,Swords Dance,칼춤
Hatterene,브리무음,Thunder Wave,전기자석파
Hatterene,브리무음,Trick,트릭
Hatterene,브리무음,Trick Room,트릭룸
Hatterene,브리무음,Wonder Room,원더룸
Grimmsnarl,오롱털,Assurance,승부굳히기
Grimmsnarl,오롱털,Bite,물기
Grimmsnarl,오롱털,Body Press,바디프레스
Grimmsnarl,오롱털,Body Slam,누르기
Grimmsnarl,오롱털,Brick Break,깨트리다
Grimmsnarl,오롱털,Bulk Up,벌크업
Grimmsnarl,오롱털,Burning Jealousy,질투의불꽃
Grimmsnarl,오롱털,Chilling Water,찬물끼얹기
Grimmsnarl,오롱털,Crunch,깨물어부수기
Grimmsnarl,오롱털,Dark Pulse,악의파동
Grimmsnarl,오롱털,Dazzling Gleam,매지컬샤인
Grimmsnarl,오롱털,Drain Punch,드레인펀치
Grimmsnarl,오롱털,Draining Kiss,드레인키스
Grimmsnarl,오롱털,Endure,버티기
Grimmsnarl,오롱털,Facade,객기
Grimmsnarl,오롱털,Fake Out,속이다
Grimmsnarl,오롱털,Fake Tears,거짓울음
Grimmsnarl,오롱털,Fire Punch,불꽃펀치
Grimmsnarl,오롱털,Flatter,부추기기
Grimmsnarl,오롱털,Fling,내던지기
Grimmsnarl,오롱털,Focus Blast,기합구슬
Grimmsnarl,오롱털,Focus Energy,기충전
Grimmsnarl,오롱털,Focus Punch,힘껏펀치
Grimmsnarl,오롱털,Foul Play,속임수
Grimmsnarl,오롱털,Giga Impact,기가임팩트
Grimmsnarl,오롱털,Hammer Arm,암해머
Grimmsnarl,오롱털,Hyper Beam,파괴광선
Grimmsnarl,오롱털,Ice Punch,냉동펀치
Grimmsnarl,오롱털,Imprison,봉인
Grimmsnarl,오롱털,Lash Out,분풀이
Grimmsnarl,오롱털,Leech Life,흡혈
Grimmsnarl,오롱털,Light Screen,빛의장막
Grimmsnarl,오롱털,Low Kick,안다리걸기
Grimmsnarl,오롱털,Low Sweep,로킥
Grimmsnarl,오롱털,Mega Kick,메가톤킥
Grimmsnarl,오롱털,Misty Terrain,미스트필드
Grimmsnarl,오롱털,Nasty Plot,나쁜음모
Grimmsnarl,오롱털,Parting Shot,막말내뱉기
Grimmsnarl,오롱털,Play Rough,치근거리기
Grimmsnarl,오롱털,Power Swap,파워스웹
Grimmsnarl,오롱털,Power Whip,파워휩
Grimmsnarl,오롱털,Protect,방어
Grimmsnarl,오롱털,Reflect,리플렉터
Grimmsnarl,오롱털,Rest,잠자기
Grimmsnarl,오롱털,Round,돌림노래
Grimmsnarl,오롱털,Scary Face,겁나는얼굴
Grimmsnarl,오롱털,Shadow Claw,섀도크루
Grimmsnarl,오롱털,Sleep Talk,잠꼬대
Grimmsnarl,오롱털,Snore,코골기
Grimmsnarl,오롱털,Spirit Break,소울크래시
Grimmsnarl,오롱털,Stomping Tantrum,분함의발구르기
Grimmsnarl,오롱털,Substitute,대타출동
Grimmsnarl,오롱털,Sucker Punch,기습
Grimmsnarl,오롱털,Superpower,엄청난힘
Grimmsnarl,오롱털,Swagger,뽐내기
Grimmsnarl,오롱털,Taunt,도발
Grimmsnarl,오롱털,Thief,도둑질
Grimmsnarl,오롱털,Throat Chop,지옥찌르기
Grimmsnarl,오롱털,Thunder Punch,번개펀치
Grimmsnarl,오롱털,Torment,트집
Grimmsnarl,오롱털,Trailblaze,개척하기
Grimmsnarl,오롱털,Trick,트릭
Grimmsnarl,오롱털,Uproar,소란피기
Grimmsnarl,오롱털,Wonder Room,원더룸
Perrserker,나이킹,Aerial Ace,제비반환
Perrserker,나이킹,Amnesia,망각술
Perrserker,나이킹,Assurance,승부굳히기
Perrserker,나이킹,Baton Pass,바톤터치
Perrserker,나이킹,Bite,물기
Perrserker,나이킹,Body Slam,누르기
Perrserker,나이킹,Brick Break,깨트리다
Perrserker,나이킹,Bulk Up,벌크업
Perrserker,나이킹,Charm,애교부리기
Perrserker,나이킹,Chilling Water,찬물끼얹기
Perrserker,나이킹,Close Combat,인파이트
Perrserker,나이킹,Covet,탐내다
Perrserker,나이킹,Crunch,깨물어부수기
Perrserker,나이킹,Curse,저주
Perrserker,나이킹,Dark Pulse,악의파동
Perrserker,나이킹,Dig,구멍파기
Perrserker,나이킹,Double-Edge,이판사판태클
Perrserker,나이킹,Endeavor,죽기살기
Perrserker,나이킹,Endure,버티기
Perrserker,나이킹,Facade,객기
Perrserker,나이킹,Fake Out,속이다
Perrserker,나이킹,Fake Tears,거짓울음
Perrserker,나이킹,Flail,바둥바둥
Perrserker,나이킹,Flash Cannon,러스터캐논
Perrserker,나이킹,Fling,내던지기
Perrserker,나이킹,Foul Play,속임수
Perrserker,나이킹,Giga Impact,기가임팩트
Perrserker,나이킹,Gunk Shot,더스트슈트
Perrserker,나이킹,Gyro Ball,자이로볼
Perrserker,나이킹,Heavy Slam,헤비봄버
Perrserker,나이킹,Helping Hand,도우미
Perrserker,나이킹,Hyper Beam,파괴광선
Perrserker,나이킹,Hyper Voice,하이퍼보이스
Perrserker,나이킹,Iron Defense,철벽
Perrserker,나이킹,Iron Head,아이언헤드
Perrserker,나이킹,Iron Tail,아이언테일
Perrserker,나이킹,Knock Off,탁쳐서떨구기
Perrserker,나이킹,Lash Out,분풀이
Perrserker,나이킹,Metal Burst,메탈버스트
Perrserker,나이킹,Metal Sound,금속음
Perrserker,나이킹,Nasty Plot,나쁜음모
Perrserker,나이킹,Night Slash,깜짝베기
Perrserker,나이킹,Payback,보복
Perrserker,나이킹,Play Rough,치근거리기
Perrserker,나이킹,Protect,방어
Perrserker,나이킹,Rain Dance,비바라기
Perrserker,나이킹,Rest,잠자기
Perrserker,나이킹,Round,돌림노래
Perrserker,나이킹,Screech,싫은소리
Perrserker,나이킹,Seed Bomb,씨폭탄
Perrserker,나이킹,Shadow Ball,섀도볼
Perrserker,나이킹,Shadow Claw,섀도크루
Perrserker,나이킹,Slash,베어가르기
Perrserker,나이킹,Sleep Talk,잠꼬대
Perrserker,나이킹,Snore,코골기
Perrserker,나이킹,Spikes,압정뿌리기
Perrserker,나이킹,Spite,원한
Perrserker,나이킹,Stealth Rock,스텔스록
Perrserker,나이킹,Steel Beam,철제광선
Perrserker,나이킹,Substitute,대타출동
Perrserker,나이킹,Sunny Day,쾌청
Perrserker,나이킹,Swagger,뽐내기
Perrserker,나이킹,Swords Dance,칼춤
Perrserker,나이킹,Taunt,도발
Perrserker,나이킹,Thief,도둑질
Perrserker,나이킹,Thrash,난동부리기
Perrserker,나이킹,Throat Chop,지옥찌르기
Perrserker,나이킹,Thunder,번개
Perrserker,나이킹,Thunder Wave,전기자석파
Perrserker,나이킹,Thunderbolt,10만볼트
Perrserker,나이킹,Trailblaze,개척하기
Perrserker,나이킹,U-turn,유턴
Perrserker,나이킹,Uproar,소란피기
Perrserker,나이킹,X-Scissor,시저크로스
Sirfetch'd,창파나이트,Aerial Ace,제비반환
Sirfetch'd,창파나이트,Assurance,승부굳히기
Sirfetch'd,창파나이트,Attract,헤롱헤롱
Sirfetch'd,창파나이트,Body Slam,누르기
Sirfetch'd,창파나이트,Brave Bird,브레이브버드
Sirfetch'd,창파나이트,Brick Break,깨트리다
Sirfetch'd,창파나이트,Brutal Swing,세차게휘두르기
Sirfetch'd,창파나이트,Close Combat,인파이트
Sirfetch'd,창파나이트,Coaching,코칭
Sirfetch'd,창파나이트,Counter,카운터
Sirfetch'd,창파나이트,Covet,탐내다
Sirfetch'd,창파나이트,Curse,저주
Sirfetch'd,창파나이트,Defog,안개제거
Sirfetch'd,창파나이트,Detect,판별
Sirfetch'd,창파나이트,Double-Edge,이판사판태클
Sirfetch'd,창파나이트,Dual Wingbeat,더블윙
Sirfetch'd,창파나이트,Endure,버티기
Sirfetch'd,창파나이트,Facade,객기
Sirfetch'd,창파나이트,Feather Dance,깃털댄스
Sirfetch'd,창파나이트,Feint,페인트
Sirfetch'd,창파나이트,Final Gambit,목숨걸기
Sirfetch'd,창파나이트,First Impression,만나자마자
Sirfetch'd,창파나이트,Flail,바둥바둥
Sirfetch'd,창파나이트,Focus Energy,기충전
Sirfetch'd,창파나이트,Grassy Glide,그래스슬라이더
Sirfetch'd,창파나이트,Helping Hand,도우미
Sirfetch'd,창파나이트,Iron Defense,철벽
Sirfetch'd,창파나이트,Knock Off,탁쳐서떨구기
Sirfetch'd,창파나이트,Leaf Blade,리프블레이드
Sirfetch'd,창파나이트,Meteor Assault,스타어설트
Sirfetch'd,창파나이트,Night Slash,깜짝베기
Sirfetch'd,창파나이트,Poison Jab,독찌르기
Sirfetch'd,창파나이트,Protect,방어
Sirfetch'd,창파나이트,Quick Attack,전광석화
Sirfetch'd,창파나이트,Quick Guard,퍼스트가드
Sirfetch'd,창파나이트,Rest,잠자기
Sirfetch'd,창파나이트,Round,돌림노래
Sirfetch'd,창파나이트,Simple Beam,심플빔
Sirfetch'd,창파나이트,Sky Attack,불새
Sirfetch'd,창파나이트,Slash,베어가르기
Sirfetch'd,창파나이트,Sleep Talk,잠꼬대
Sirfetch'd,창파나이트,Snore,코골기
Sirfetch'd,창파나이트,Solar Blade,솔라블레이드
Sirfetch'd,창파나이트,Steel Wing,강철날개
Sirfetch'd,창파나이트,Substitute,대타출동
Sirfetch'd,창파나이트,Sunny Day,쾌청
Sirfetch'd,창파나이트,Superpower,엄청난힘
Sirfetch'd,창파나이트,Swords Dance,칼춤
Sirfetch'd,창파나이트,Throat Chop,지옥찌르기
Mr. Rime,마임꽁꽁,After You,당신먼저
Mr. Rime,마임꽁꽁,Ally Switch,사이드체인지
Mr. Rime,마임꽁꽁,Attract,헤롱헤롱
Mr. Rime,마임꽁꽁,Avalanche,눈사태
Mr. Rime,마임꽁꽁,Baton Pass,바톤터치
Mr. Rime,마임꽁꽁,Blizzard,눈보라
Mr. Rime,마임꽁꽁,Block,블록
Mr. Rime,마임꽁꽁,Body Slam,누르기
Mr. Rime,마임꽁꽁,Brick Break,깨트리다
Mr. Rime,마임꽁꽁,Calm Mind,명상
Mr. Rime,마임꽁꽁,Charm,애교부리기
Mr. Rime,마임꽁꽁,Chilling Water,찬물끼얹기
Mr. Rime,마임꽁꽁,Confuse Ray,이상한빛
Mr. Rime,마임꽁꽁,Copycat,흉내쟁이
Mr. Rime,마임꽁꽁,Dazzling Gleam,매지컬샤인
Mr. Rime,마임꽁꽁,Drain Punch,드레인펀치
Mr. Rime,마임꽁꽁,Encore,앵콜
Mr. Rime,마임꽁꽁,Endure,버티기
Mr. Rime,마임꽁꽁,Energy Ball,에너지볼
Mr. Rime,마임꽁꽁,Expanding Force,와이드포스
Mr. Rime,마임꽁꽁,Facade,객기
Mr. Rime,마임꽁꽁,Fake Out,속이다
Mr. Rime,마임꽁꽁,Fake Tears,거짓울음
Mr. Rime,마임꽁꽁,Fling,내던지기
Mr. Rime,마임꽁꽁,Focus Blast,기합구슬
Mr. Rime,마임꽁꽁,Foul Play,속임수
Mr. Rime,마임꽁꽁,Freeze-Dry,프리즈드라이
Mr. Rime,마임꽁꽁,Frost Breath,얼음숨결
Mr. Rime,마임꽁꽁,Future Sight,미래예지
Mr. Rime,마임꽁꽁,Giga Impact,기가임팩트
Mr. Rime,마임꽁꽁,Grass Knot,풀묶기
Mr. Rime,마임꽁꽁,Guard Swap,가드스웹
Mr. Rime,마임꽁꽁,Haze,흑안개
Mr. Rime,마임꽁꽁,Helping Hand,도우미
Mr. Rime,마임꽁꽁,Hyper Beam,파괴광선
Mr. Rime,마임꽁꽁,Hypnosis,최면술
Mr. Rime,마임꽁꽁,Ice Beam,냉동빔
Mr. Rime,마임꽁꽁,Ice Punch,냉동펀치
Mr. Rime,마임꽁꽁,Ice Shard,얼음뭉치
Mr. Rime,마임꽁꽁,Ice Spinner,아이스스피너
Mr. Rime,마임꽁꽁,Icicle Spear,고드름침
Mr. Rime,마임꽁꽁,Icy Wind,얼다바람
Mr. Rime,마임꽁꽁,Iron Defense,철벽
Mr. Rime,마임꽁꽁,Light Screen,빛의장막
Mr. Rime,마임꽁꽁,Magic Room,매직룸
Mr. Rime,마임꽁꽁,Mega Kick,메가톤킥
Mr. Rime,마임꽁꽁,Mirror Coat,미러코트
Mr. Rime,마임꽁꽁,Misty Terrain,미스트필드
Mr. Rime,마임꽁꽁,Nasty Plot,나쁜음모
Mr. Rime,마임꽁꽁,Payback,보복
Mr. Rime,마임꽁꽁,Power Split,파워셰어
Mr. Rime,마임꽁꽁,Power Swap,파워스웹
Mr. Rime,마임꽁꽁,Protect,방어
Mr. Rime,마임꽁꽁,Psychic,사이코키네시스
Mr. Rime,마임꽁꽁,Psychic Terrain,사이코필드
Mr. Rime,마임꽁꽁,Psyshock,사이코쇼크
Mr. Rime,마임꽁꽁,Rain Dance,비바라기
Mr. Rime,마임꽁꽁,Rapid Spin,고속스핀
Mr. Rime,마임꽁꽁,Recycle,리사이클
Mr. Rime,마임꽁꽁,Reflect,리플렉터
Mr. Rime,마임꽁꽁,Rest,잠자기
Mr. Rime,마임꽁꽁,Role Play,역할
Mr. Rime,마임꽁꽁,Round,돌림노래
Mr. Rime,마임꽁꽁,Safeguard,신비의부적
Mr. Rime,마임꽁꽁,Screech,싫은소리
Mr. Rime,마임꽁꽁,Shadow Ball,섀도볼
Mr. Rime,마임꽁꽁,Sheer Cold,절대영도
Mr. Rime,마임꽁꽁,Skill Swap,스킬스웹
Mr. Rime,마임꽁꽁,Slack Off,태만함
Mr. Rime,마임꽁꽁,Sleep Talk,잠꼬대
Mr. Rime,마임꽁꽁,Snore,코골기
Mr. Rime,마임꽁꽁,Snowscape,설경
Mr. Rime,마임꽁꽁,Solar Beam,솔라빔
Mr. Rime,마임꽁꽁,Stomping Tantrum,분함의발구르기
Mr. Rime,마임꽁꽁,Stored Power,어시스트파워
Mr. Rime,마임꽁꽁,Substitute,대타출동
Mr. Rime,마임꽁꽁,Sucker Punch,기습
Mr. Rime,마임꽁꽁,Sunny Day,쾌청
Mr. Rime,마임꽁꽁,Swagger,뽐내기
Mr. Rime,마임꽁꽁,Taunt,도발
Mr. Rime,마임꽁꽁,Teeter Dance,흔들흔들댄스
Mr. Rime,마임꽁꽁,Thief,도둑질
Mr. Rime,마임꽁꽁,Thunder,번개
Mr. Rime,마임꽁꽁,Thunder Wave,전기자석파
Mr. Rime,마임꽁꽁,Thunderbolt,10만볼트
Mr. Rime,마임꽁꽁,Tickle,간지르기
Mr. Rime,마임꽁꽁,Torment,트집
Mr. Rime,마임꽁꽁,Trick,트릭
Mr. Rime,마임꽁꽁,Trick Room,트릭룸
Mr. Rime,마임꽁꽁,Triple Axel,트리플악셀
Mr. Rime,마임꽁꽁,Uproar,소란피기
Mr. Rime,마임꽁꽁,Wonder Room,원더룸
Mr. Rime,마임꽁꽁,Zen Headbutt,사념의박치기
Runerigus,데스판,Ally Switch,사이드체인지
Runerigus,데스판,Amnesia,망각술
Runerigus,데스판,Attract,헤롱헤롱
Runerigus,데스판,Body Press,바디프레스
Runerigus,데스판,Brutal Swing,세차게휘두르기
Runerigus,데스판,Bulldoze,땅고르기
Runerigus,데스판,Calm Mind,명상
Runerigus,데스판,Confuse Ray,이상한빛
Runerigus,데스판,Curse,저주
Runerigus,데스판,Dark Pulse,악의파동
Runerigus,데스판,Destiny Bond,길동무
Runerigus,데스판,Disable,사슬묶기
Runerigus,데스판,Dragon Pulse,용의파동
Runerigus,데스판,Earth Power,대지의힘
Runerigus,데스판,Earthquake,지진
Runerigus,데스판,Endure,버티기
Runerigus,데스판,Energy Ball,에너지볼
Runerigus,데스판,Facade,객기
Runerigus,데스판,Fake Tears,거짓울음
Runerigus,데스판,Giga Drain,기가드레인
Runerigus,데스판,Giga Impact,기가임팩트
Runerigus,데스판,Grass Knot,풀묶기
Runerigus,데스판,Guard Split,가드셰어
Runerigus,데스판,Guard Swap,가드스웹
Runerigus,데스판,Haze,흑안개
Runerigus,데스판,Hex,병상첨병
Runerigus,데스판,Hyper Beam,파괴광선
Runerigus,데스판,Imprison,봉인
Runerigus,데스판,Iron Defense,철벽
Runerigus,데스판,Mean Look,검은눈빛
Runerigus,데스판,Memento,추억의선물
Runerigus,데스판,Nasty Plot,나쁜음모
Runerigus,데스판,Night Shade,나이트헤드
Runerigus,데스판,Payback,보복
Runerigus,데스판,Phantom Force,고스트다이브
Runerigus,데스판,Poltergeist,폴터가이스트
Runerigus,데스판,Power Split,파워셰어
Runerigus,데스판,Power Swap,파워스웹
Runerigus,데스판,Protect,방어
Runerigus,데스판,Psychic,사이코키네시스
Runerigus,데스판,Psyshock,사이코쇼크
Runerigus,데스판,Rain Dance,비바라기
Runerigus,데스판,Rest,잠자기
Runerigus,데스판,Rock Blast,락블레스트
Runerigus,데스판,Rock Slide,스톤샤워
Runerigus,데스판,Rock Tomb,암석봉인
Runerigus,데스판,Round,돌림노래
Runerigus,데스판,Safeguard,신비의부적
Runerigus,데스판,Sand Tomb,모래지옥
Runerigus,데스판,Sandstorm,모래바람
Runerigus,데스판,Scary Face,겁나는얼굴
Runerigus,데스판,Self-Destruct,자폭
Runerigus,데스판,Shadow Ball,섀도볼
Runerigus,데스판,Shadow Claw,섀도크루
Runerigus,데스판,Shadow Punch,섀도펀치
Runerigus,데스판,Skill Swap,스킬스웹
Runerigus,데스판,Sleep Talk,잠꼬대
Runerigus,데스판,Snore,코골기
Runerigus,데스판,Stealth Rock,스텔스록
Runerigus,데스판,Stone Edge,스톤에지
Runerigus,데스판,Substitute,대타출동
Runerigus,데스판,Taunt,도발
Runerigus,데스판,Thief,도둑질
Runerigus,데스판,Toxic Spikes,독압정
Runerigus,데스판,Trick,트릭
Runerigus,데스판,Trick Room,트릭룸
Runerigus,데스판,Will-O-Wisp,도깨비불
Runerigus,데스판,Wonder Room,원더룸
Runerigus,데스판,Zen Headbutt,사념의박치기
Alcremie,마휘핑,Acid Armor,녹기
Alcremie,마휘핑,Alluring Voice,매혹의보이스
Alcremie,마휘핑,Aromatic Mist,아로마미스트
Alcremie,마휘핑,Attract,헤롱헤롱
Alcremie,마휘핑,Baby-Doll Eyes,초롱초롱눈동자
Alcremie,마휘핑,Calm Mind,명상
Alcremie,마휘핑,Charm,애교부리기
Alcremie,마휘핑,Dazzling Gleam,매지컬샤인
Alcremie,마휘핑,Decorate,데코레이션
Alcremie,마휘핑,Drain Punch,드레인펀치
Alcremie,마휘핑,Draining Kiss,드레인키스
Alcremie,마휘핑,Encore,앵콜
Alcremie,마휘핑,Endeavor,죽기살기
Alcremie,마휘핑,Endure,버티기
Alcremie,마휘핑,Energy Ball,에너지볼
Alcremie,마휘핑,Entrainment,동료만들기
Alcremie,마휘핑,Facade,객기
Alcremie,마휘핑,Fake Tears,거짓울음
Alcremie,마휘핑,Fling,내던지기
Alcremie,마휘핑,Giga Drain,기가드레인
Alcremie,마휘핑,Giga Impact,기가임팩트
Alcremie,마휘핑,Helping Hand,도우미
Alcremie,마휘핑,Hyper Beam,파괴광선
Alcremie,마휘핑,Imprison,봉인
Alcremie,마휘핑,Last Resort,뒀다쓰기
Alcremie,마휘핑,Light Screen,빛의장막
Alcremie,마휘핑,Magic Room,매직룸
Alcremie,마휘핑,Misty Explosion,미스트버스트
Alcremie,마휘핑,Misty Terrain,미스트필드
Alcremie,마휘핑,Mystical Fire,매지컬플레임
Alcremie,마휘핑,Pain Split,아픔나누기
Alcremie,마휘핑,Play Rough,치근거리기
Alcremie,마휘핑,Protect,방어
Alcremie,마휘핑,Psych Up,자기암시
Alcremie,마휘핑,Psychic,사이코키네시스
Alcremie,마휘핑,Psyshock,사이코쇼크
Alcremie,마휘핑,Recover,HP회복
Alcremie,마휘핑,Rest,잠자기
Alcremie,마휘핑,Round,돌림노래
Alcremie,마휘핑,Safeguard,신비의부적
Alcremie,마휘핑,Sleep Talk,잠꼬대
Alcremie,마휘핑,Snore,코골기
Alcremie,마휘핑,Solar Beam,솔라빔
Alcremie,마휘핑,Stored Power,어시스트파워
Alcremie,마휘핑,Substitute,대타출동
Alcremie,마휘핑,Sweet Kiss,천사의키스
Alcremie,마휘핑,Sweet Scent,달콤한향기
Alcremie,마휘핑,Tri Attack,트라이어택
Alcremie,마휘핑,Wonder Room,원더룸
Falinks,대여르,Agility,고속이동
Falinks,대여르,Assurance,승부굳히기
Falinks,대여르,Beat Up,집단구타
Falinks,대여르,Body Press,바디프레스
Falinks,대여르,Body Slam,누르기
Falinks,대여르,Brick Break,깨트리다
Falinks,대여르,Bulk Up,벌크업
Falinks,대여르,Close Combat,인파이트
Falinks,대여르,Coaching,코칭
Falinks,대여르,Counter,카운터
Falinks,대여르,Double Hit,더블어택
Falinks,대여르,Endeavor,죽기살기
Falinks,대여르,Endure,버티기
Falinks,대여르,Facade,객기
Falinks,대여르,First Impression,만나자마자
Falinks,대여르,Focus Blast,기합구슬
Falinks,대여르,Focus Energy,기충전
Falinks,대여르,Giga Impact,기가임팩트
Falinks,대여르,Helping Hand,도우미
Falinks,대여르,High Horsepower,10만마력
Falinks,대여르,Hyper Beam,파괴광선
Falinks,대여르,Iron Defense,철벽
Falinks,대여르,Iron Head,아이언헤드
Falinks,대여르,Knock Off,탁쳐서떨구기
Falinks,대여르,Lunge,덤벼들기
Falinks,대여르,Megahorn,메가폰
Falinks,대여르,No Retreat,배수의진
Falinks,대여르,Payback,보복
Falinks,대여르,Poison Jab,독찌르기
Falinks,대여르,Protect,방어
Falinks,대여르,Psych Up,자기암시
Falinks,대여르,Rain Dance,비바라기
Falinks,대여르,Rest,잠자기
Falinks,대여르,Reversal,기사회생
Falinks,대여르,Rock Slide,스톤샤워
Falinks,대여르,Rock Tomb,암석봉인
Falinks,대여르,Round,돌림노래
Falinks,대여르,Screech,싫은소리
Falinks,대여르,Seed Bomb,씨폭탄
Falinks,대여르,Sleep Talk,잠꼬대
Falinks,대여르,Smart Strike,스마트호른
Falinks,대여르,Snore,코골기
Falinks,대여르,Substitute,대타출동
Falinks,대여르,Sunny Day,쾌청
Falinks,대여르,Superpower,엄청난힘
Falinks,대여르,Swords Dance,칼춤
Falinks,대여르,Throat Chop,지옥찌르기
Falinks,대여르,Trailblaze,개척하기
Falinks,대여르,Upper Hand,기선제압
Falinks,대여르,Uproar,소란피기
Falinks,대여르,Zen Headbutt,사념의박치기
Pincurchin,찌르성게,Acupressure,경혈찌르기
Pincurchin,찌르성게,Assurance,승부굳히기
Pincurchin,찌르성게,Body Slam,누르기
Pincurchin,찌르성게,Charge,충전
Pincurchin,찌르성게,Charge Beam,차지빔
Pincurchin,찌르성게,Chilling Water,찬물끼얹기
Pincurchin,찌르성게,Curse,저주
Pincurchin,찌르성게,Discharge,방전
Pincurchin,찌르성게,Electric Terrain,일렉트릭필드
Pincurchin,찌르성게,Electro Ball,일렉트릭볼
Pincurchin,찌르성게,Electroweb,일렉트릭네트
Pincurchin,찌르성게,Endure,버티기
Pincurchin,찌르성게,Facade,객기
Pincurchin,찌르성게,Giga Impact,기가임팩트
Pincurchin,찌르성게,Hex,병상첨병
Pincurchin,찌르성게,Hydro Pump,하이드로펌프
Pincurchin,찌르성게,Hyper Beam,파괴광선
Pincurchin,찌르성게,Liquidation,아쿠아브레이크
Pincurchin,찌르성게,Memento,추억의선물
Pincurchin,찌르성게,Muddy Water,탁류
Pincurchin,찌르성게,Pain Split,아픔나누기
Pincurchin,찌르성게,Payback,보복
Pincurchin,찌르성게,Pin Missile,바늘미사일
Pincurchin,찌르성게,Poison Jab,독찌르기
Pincurchin,찌르성게,Protect,방어
Pincurchin,찌르성게,Rain Dance,비바라기
Pincurchin,찌르성게,Recover,HP회복
Pincurchin,찌르성게,Rest,잠자기
Pincurchin,찌르성게,Reversal,기사회생
Pincurchin,찌르성게,Rising Voltage,라이징볼트
Pincurchin,찌르성게,Round,돌림노래
Pincurchin,찌르성게,Scald,열탕
Pincurchin,찌르성게,Self-Destruct,자폭
Pincurchin,찌르성게,Sleep Talk,잠꼬대
Pincurchin,찌르성게,Snore,코골기
Pincurchin,찌르성게,Spikes,압정뿌리기
Pincurchin,찌르성게,Substitute,대타출동
Pincurchin,찌르성게,Sucker Punch,기습
Pincurchin,찌르성게,Supercell Slam,썬더다이브
Pincurchin,찌르성게,Surf,파도타기
Pincurchin,찌르성게,Throat Chop,지옥찌르기
Pincurchin,찌르성게,Thunder,번개
Pincurchin,찌르성게,Thunder Wave,전기자석파
Pincurchin,찌르성게,Thunderbolt,10만볼트
Pincurchin,찌르성게,Toxic Spikes,독압정
Pincurchin,찌르성게,Venoshock,베놈쇼크
Pincurchin,찌르성게,Wild Charge,와일드볼트
Pincurchin,찌르성게,Zing Zap,찌리리따끔따끔
Indeedee,에써르 (수컷),After You,당신먼저
Indeedee,에써르 (수컷),Body Slam,누르기
Indeedee,에써르 (수컷),Calm Mind,명상
Indeedee,에써르 (수컷),Dazzling Gleam,매지컬샤인
Indeedee,에써르 (수컷),Drain Punch,드레인펀치
Indeedee,에써르 (수컷),Draining Kiss,드레인키스
Indeedee,에써르 (수컷),Encore,앵콜
Indeedee,에써르 (수컷),Endure,버티기
Indeedee,에써르 (수컷),Energy Ball,에너지볼
Indeedee,에써르 (수컷),Expanding Force,와이드포스
Indeedee,에써르 (수컷),Extrasensory,신통력
Indeedee,에써르 (수컷),Facade,객기
Indeedee,에써르 (수컷),Fake Out,속이다
Indeedee,에써르 (수컷),Future Sight,미래예지
Indeedee,에써르 (수컷),Gravity,중력
Indeedee,에써르 (수컷),Healing Wish,치유소원
Indeedee,에써르 (수컷),Helping Hand,도우미
Indeedee,에써르 (수컷),Hyper Voice,하이퍼보이스
Indeedee,에써르 (수컷),Imprison,봉인
Indeedee,에써르 (수컷),Last Resort,뒀다쓰기
Indeedee,에써르 (수컷),Magic Room,매직룸
Indeedee,에써르 (수컷),Mystical Fire,매지컬플레임
Indeedee,에써르 (수컷),Play Rough,치근거리기
Indeedee,에써르 (수컷),Power Split,파워셰어
Indeedee,에써르 (수컷),Power Swap,파워스웹
Indeedee,에써르 (수컷),Protect,방어
Indeedee,에써르 (수컷),Psych Up,자기암시
Indeedee,에써르 (수컷),Psychic,사이코키네시스
Indeedee,에써르 (수컷),Psychic Noise,사이코노이즈
Indeedee,에써르 (수컷),Psychic Terrain,사이코필드
Indeedee,에써르 (수컷),Psyshock,사이코쇼크
Indeedee,에써르 (수컷),Rest,잠자기
Indeedee,에써르 (수컷),Round,돌림노래
Indeedee,에써르 (수컷),Shadow Ball,섀도볼
Indeedee,에써르 (수컷),Skill Swap,스킬스웹
Indeedee,에써르 (수컷),Sleep Talk,잠꼬대
Indeedee,에써르 (수컷),Snore,코골기
Indeedee,에써르 (수컷),Stored Power,어시스트파워
Indeedee,에써르 (수컷),Substitute,대타출동
Indeedee,에써르 (수컷),Terrain Pulse,대지의파동
Indeedee,에써르 (수컷),Tri Attack,트라이어택
Indeedee,에써르 (수컷),Trick,트릭
Indeedee,에써르 (수컷),Trick Room,트릭룸
Indeedee,에써르 (수컷),Wish,희망사항
Indeedee,에써르 (수컷),Wonder Room,원더룸
Indeedee,에써르 (수컷),Zen Headbutt,사념의박치기
Indeedee-F,에써르 (암컷),Alluring Voice,매혹의보이스
Indeedee-F,에써르 (암컷),Baton Pass,바톤터치
Indeedee-F,에써르 (암컷),Body Slam,누르기
Indeedee-F,에써르 (암컷),Calm Mind,명상
Indeedee-F,에써르 (암컷),Charm,애교부리기
Indeedee-F,에써르 (암컷),Dazzling Gleam,매지컬샤인
Indeedee-F,에써르 (암컷),Drain Punch,드레인펀치
Indeedee-F,에써르 (암컷),Draining Kiss,드레인키스
Indeedee-F,에써르 (암컷),Endure,버티기
Indeedee-F,에써르 (암컷),Energy Ball,에너지볼
Indeedee-F,에써르 (암컷),Facade,객기
Indeedee-F,에써르 (암컷),Fake Out,속이다
Indeedee-F,에써르 (암컷),Follow Me,날따름
Indeedee-F,에써르 (암컷),Future Sight,미래예지
Indeedee-F,에써르 (암컷),Guard Split,가드셰어
Indeedee-F,에써르 (암컷),Guard Swap,가드스웹
Indeedee-F,에써르 (암컷),Heal Pulse,치유파동
Indeedee-F,에써르 (암컷),Healing Wish,치유소원
Indeedee-F,에써르 (암컷),Helping Hand,도우미
Indeedee-F,에써르 (암컷),Hyper Voice,하이퍼보이스
Indeedee-F,에써르 (암컷),Imprison,봉인
Indeedee-F,에써르 (암컷),Light Screen,빛의장막
Indeedee-F,에써르 (암컷),Mystical Fire,매지컬플레임
Indeedee-F,에써르 (암컷),Play Rough,치근거리기
Indeedee-F,에써르 (암컷),Protect,방어
Indeedee-F,에써르 (암컷),Psych Up,자기암시
Indeedee-F,에써르 (암컷),Psychic,사이코키네시스
Indeedee-F,에써르 (암컷),Psychic Terrain,사이코필드
Indeedee-F,에써르 (암컷),Psyshock,사이코쇼크
Indeedee-F,에써르 (암컷),Reflect,리플렉터
Indeedee-F,에써르 (암컷),Rest,잠자기
Indeedee-F,에써르 (암컷),Round,돌림노래
Indeedee-F,에써르 (암컷),Safeguard,신비의부적
Indeedee-F,에써르 (암컷),Shadow Ball,섀도볼
Indeedee-F,에써르 (암컷),Sing,노래하기
Indeedee-F,에써르 (암컷),Skill Swap,스킬스웹
Indeedee-F,에써르 (암컷),Sleep Talk,잠꼬대
Indeedee-F,에써르 (암컷),Snore,코골기
Indeedee-F,에써르 (암컷),Stored Power,어시스트파워
Indeedee-F,에써르 (암컷),Substitute,대타출동
Indeedee-F,에써르 (암컷),Terrain Pulse,대지의파동
Indeedee-F,에써르 (암컷),Trick,트릭
Indeedee-F,에써르 (암컷),Trick Room,트릭룸
Indeedee-F,에써르 (암컷),Wish,희망사항
Indeedee-F,에써르 (암컷),Zen Headbutt,사념의박치기
Morpeko,모르페코,Agility,고속이동
Morpeko,모르페코,Assurance,승부굳히기
Morpeko,모르페코,Aura Wheel,오라휠
Morpeko,모르페코,Baton Pass,바톤터치
Morpeko,모르페코,Bite,물기
Morpeko,모르페코,Brick Break,깨트리다
Morpeko,모르페코,Bullet Seed,기관총
Morpeko,모르페코,Charge,충전
Morpeko,모르페코,Charge Beam,차지빔
Morpeko,모르페코,Crunch,깨물어부수기
Morpeko,모르페코,Dark Pulse,악의파동
Morpeko,모르페코,Double-Edge,이판사판태클
Morpeko,모르페코,Eerie Impulse,괴전파
Morpeko,모르페코,Electric Terrain,일렉트릭필드
Morpeko,모르페코,Electro Ball,일렉트릭볼
Morpeko,모르페코,Electroweb,일렉트릭네트
Morpeko,모르페코,Endeavor,죽기살기
Morpeko,모르페코,Endure,버티기
Morpeko,모르페코,Facade,객기
Morpeko,모르페코,Fake Out,속이다
Morpeko,모르페코,Fake Tears,거짓울음
Morpeko,모르페코,Fire Fang,불꽃엄니
Morpeko,모르페코,Flatter,부추기기
Morpeko,모르페코,Fling,내던지기
Morpeko,모르페코,Foul Play,속임수
Morpeko,모르페코,Ice Fang,얼음엄니
Morpeko,모르페코,Knock Off,탁쳐서떨구기
Morpeko,모르페코,Lash Out,분풀이
Morpeko,모르페코,Nasty Plot,나쁜음모
Morpeko,모르페코,Outrage,역린
Morpeko,모르페코,Parting Shot,막말내뱉기
Morpeko,모르페코,Payback,보복
Morpeko,모르페코,Power Trip,기어오르기
Morpeko,모르페코,Protect,방어
Morpeko,모르페코,Psychic Fangs,사이코팽
Morpeko,모르페코,Quash,순서미루기
Morpeko,모르페코,Quick Attack,전광석화
Morpeko,모르페코,Rapid Spin,고속스핀
Morpeko,모르페코,Rest,잠자기
Morpeko,모르페코,Reversal,기사회생
Morpeko,모르페코,Rising Voltage,라이징볼트
Morpeko,모르페코,Round,돌림노래
Morpeko,모르페코,Scary Face,겁나는얼굴
Morpeko,모르페코,Seed Bomb,씨폭탄
Morpeko,모르페코,Sleep Talk,잠꼬대
Morpeko,모르페코,Snarl,바크아웃
Morpeko,모르페코,Snore,코골기
Morpeko,모르페코,Spite,원한
Morpeko,모르페코,Stomping Tantrum,분함의발구르기
Morpeko,모르페코,Substitute,대타출동
Morpeko,모르페코,Super Fang,분노의앞니
Morpeko,모르페코,Swagger,뽐내기
Morpeko,모르페코,Taunt,도발
Morpeko,모르페코,Thief,도둑질
Morpeko,모르페코,Thrash,난동부리기
Morpeko,모르페코,Thunder,번개
Morpeko,모르페코,Thunder Fang,번개엄니
Morpeko,모르페코,Thunder Punch,번개펀치
Morpeko,모르페코,Thunder Wave,전기자석파
Morpeko,모르페코,Thunderbolt,10만볼트
Morpeko,모르페코,Tickle,간지르기
Morpeko,모르페코,Torment,트집
Morpeko,모르페코,Uproar,소란피기
Morpeko,모르페코,Volt Switch,볼트체인지
Morpeko,모르페코,Wild Charge,와일드볼트
Dragapult,드래펄트,Acrobatics,애크러뱃
Dragapult,드래펄트,Agility,고속이동
Dragapult,드래펄트,Assurance,승부굳히기
Dragapult,드래펄트,Baton Pass,바톤터치
Dragapult,드래펄트,Beat Up,집단구타
Dragapult,드래펄트,Bite,물기
Dragapult,드래펄트,Body Slam,누르기
Dragapult,드래펄트,Breaking Swipe,와이드브레이커
Dragapult,드래펄트,Confuse Ray,이상한빛
Dragapult,드래펄트,Curse,저주
Dragapult,드래펄트,Disable,사슬묶기
Dragapult,드래펄트,Dive,다이빙
Dragapult,드래펄트,Double Hit,더블어택
Dragapult,드래펄트,Double Team,그림자분신
Dragapult,드래펄트,Double-Edge,이판사판태클
Dragapult,드래펄트,Draco Meteor,용성군
Dragapult,드래펄트,Dragon Cheer,드래곤옐
Dragapult,드래펄트,Dragon Claw,드래곤크루
Dragapult,드래펄트,Dragon Dance,용의춤
Dragapult,드래펄트,Dragon Darts,드래곤애로
Dragapult,드래펄트,Dragon Pulse,용의파동
Dragapult,드래펄트,Dragon Rush,드래곤다이브
Dragapult,드래펄트,Dragon Tail,드래곤테일
Dragapult,드래펄트,Endure,버티기
Dragapult,드래펄트,Facade,객기
Dragapult,드래펄트,Fire Blast,불대문자
Dragapult,드래펄트,Flamethrower,화염방사
Dragapult,드래펄트,Fly,공중날기
Dragapult,드래펄트,Giga Impact,기가임팩트
Dragapult,드래펄트,Helping Hand,도우미
Dragapult,드래펄트,Hex,병상첨병
Dragapult,드래펄트,Hydro Pump,하이드로펌프
Dragapult,드래펄트,Hyper Beam,파괴광선
Dragapult,드래펄트,Infestation,엉겨붙기
Dragapult,드래펄트,Last Resort,뒀다쓰기
Dragapult,드래펄트,Light Screen,빛의장막
Dragapult,드래펄트,Lock-On,록온
Dragapult,드래펄트,Night Shade,나이트헤드
Dragapult,드래펄트,Outrage,역린
Dragapult,드래펄트,Phantom Force,고스트다이브
Dragapult,드래펄트,Pounce,달려들기
Dragapult,드래펄트,Protect,방어
Dragapult,드래펄트,Psychic Fangs,사이코팽
Dragapult,드래펄트,Quick Attack,전광석화
Dragapult,드래펄트,Reflect,리플렉터
Dragapult,드래펄트,Rest,잠자기
Dragapult,드래펄트,Round,돌림노래
Dragapult,드래펄트,Shadow Ball,섀도볼
Dragapult,드래펄트,Sleep Talk,잠꼬대
Dragapult,드래펄트,Snore,코골기
Dragapult,드래펄트,Solar Beam,솔라빔
Dragapult,드래펄트,Steel Wing,강철날개
Dragapult,드래펄트,Substitute,대타출동
Dragapult,드래펄트,Sucker Punch,기습
Dragapult,드래펄트,Sunny Day,쾌청
Dragapult,드래펄트,Surf,파도타기
Dragapult,드래펄트,Thief,도둑질
Dragapult,드래펄트,Thunder,번개
Dragapult,드래펄트,Thunder Wave,전기자석파
Dragapult,드래펄트,Thunderbolt,10만볼트
Dragapult,드래펄트,Tri Attack,트라이어택
Dragapult,드래펄트,U-turn,유턴
Dragapult,드래펄트,Will-O-Wisp,도깨비불
Wyrdeer,신비록,Agility,고속이동
Wyrdeer,신비록,Bite,물기
Wyrdeer,신비록,Body Slam,누르기
Wyrdeer,신비록,Bulldoze,땅고르기
Wyrdeer,신비록,Calm Mind,명상
Wyrdeer,신비록,Charge Beam,차지빔
Wyrdeer,신비록,Confuse Ray,이상한빛
Wyrdeer,신비록,Curse,저주
Wyrdeer,신비록,Dig,구멍파기
Wyrdeer,신비록,Disable,사슬묶기
Wyrdeer,신비록,Double-Edge,이판사판태클
Wyrdeer,신비록,Earth Power,대지의힘
Wyrdeer,신비록,Earthquake,지진
Wyrdeer,신비록,Endure,버티기
Wyrdeer,신비록,Energy Ball,에너지볼
Wyrdeer,신비록,Expanding Force,와이드포스
Wyrdeer,신비록,Extrasensory,신통력
Wyrdeer,신비록,Facade,객기
Wyrdeer,신비록,Future Sight,미래예지
Wyrdeer,신비록,Giga Impact,기가임팩트
Wyrdeer,신비록,Gravity,중력
Wyrdeer,신비록,Helping Hand,도우미
Wyrdeer,신비록,High Horsepower,10만마력
Wyrdeer,신비록,Hyper Beam,파괴광선
Wyrdeer,신비록,Hypnosis,최면술
Wyrdeer,신비록,Imprison,봉인
Wyrdeer,신비록,Light Screen,빛의장막
Wyrdeer,신비록,Lunge,덤벼들기
Wyrdeer,신비록,Megahorn,메가폰
Wyrdeer,신비록,Protect,방어
Wyrdeer,신비록,Psych Up,자기암시
Wyrdeer,신비록,Psychic,사이코키네시스
Wyrdeer,신비록,Psychic Noise,사이코노이즈
Wyrdeer,신비록,Psyshield Bash,배리어러시
Wyrdeer,신비록,Psyshock,사이코쇼크
Wyrdeer,신비록,Rain Dance,비바라기
Wyrdeer,신비록,Reflect,리플렉터
Wyrdeer,신비록,Rest,잠자기
Wyrdeer,신비록,Roar,울부짖기
Wyrdeer,신비록,Role Play,역할
Wyrdeer,신비록,Scary Face,겁나는얼굴
Wyrdeer,신비록,Shadow Ball,섀도볼
Wyrdeer,신비록,Skill Swap,스킬스웹
Wyrdeer,신비록,Sleep Talk,잠꼬대
Wyrdeer,신비록,Solar Beam,솔라빔
Wyrdeer,신비록,Spite,원한
Wyrdeer,신비록,Stored Power,어시스트파워
Wyrdeer,신비록,Substitute,대타출동
Wyrdeer,신비록,Sunny Day,쾌청
Wyrdeer,신비록,Thief,도둑질
Wyrdeer,신비록,Thrash,난동부리기
Wyrdeer,신비록,Throat Chop,지옥찌르기
Wyrdeer,신비록,Thunder,번개
Wyrdeer,신비록,Thunder Wave,전기자석파
Wyrdeer,신비록,Thunderbolt,10만볼트
Wyrdeer,신비록,Trailblaze,개척하기
Wyrdeer,신비록,Trick,트릭
Wyrdeer,신비록,Trick Room,트릭룸
Wyrdeer,신비록,Uproar,소란피기
Wyrdeer,신비록,Wild Charge,와일드볼트
Wyrdeer,신비록,Zen Headbutt,사념의박치기
Kleavor,사마자르,Acrobatics,애크러뱃
Kleavor,사마자르,Aerial Ace,제비반환
Kleavor,사마자르,Agility,고속이동
Kleavor,사마자르,Air Cutter,에어컷터
Kleavor,사마자르,Air Slash,에어슬래시
Kleavor,사마자르,Ancient Power,원시의힘
Kleavor,사마자르,Baton Pass,바톤터치
Kleavor,사마자르,Brick Break,깨트리다
Kleavor,사마자르,Brutal Swing,세차게휘두르기
Kleavor,사마자르,Bug Bite,벌레먹음
Kleavor,사마자르,Bug Buzz,벌레의야단법석
Kleavor,사마자르,Close Combat,인파이트
Kleavor,사마자르,Counter,카운터
Kleavor,사마자르,Defog,안개제거
Kleavor,사마자르,Double Hit,더블어택
Kleavor,사마자르,Double Team,그림자분신
Kleavor,사마자르,Double-Edge,이판사판태클
Kleavor,사마자르,Dual Wingbeat,더블윙
Kleavor,사마자르,Endure,버티기
Kleavor,사마자르,Facade,객기
Kleavor,사마자르,Feint,페인트
Kleavor,사마자르,Focus Energy,기충전
Kleavor,사마자르,Giga Impact,기가임팩트
Kleavor,사마자르,Helping Hand,도우미
Kleavor,사마자르,Hyper Beam,파괴광선
Kleavor,사마자르,Light Screen,빛의장막
Kleavor,사마자르,Lunge,덤벼들기
Kleavor,사마자르,Night Slash,깜짝베기
Kleavor,사마자르,Pounce,달려들기
Kleavor,사마자르,Protect,방어
Kleavor,사마자르,Quick Attack,전광석화
Kleavor,사마자르,Quick Guard,퍼스트가드
Kleavor,사마자르,Rain Dance,비바라기
Kleavor,사마자르,Rest,잠자기
Kleavor,사마자르,Reversal,기사회생
Kleavor,사마자르,Rock Blast,락블레스트
Kleavor,사마자르,Rock Slide,스톤샤워
Kleavor,사마자르,Rock Tomb,암석봉인
Kleavor,사마자르,Sandstorm,모래바람
Kleavor,사마자르,Scary Face,겁나는얼굴
Kleavor,사마자르,Skitter Smack,엄습하는일격
Kleavor,사마자르,Slash,베어가르기
Kleavor,사마자르,Sleep Talk,잠꼬대
Kleavor,사마자르,Smack Down,떨어뜨리기
Kleavor,사마자르,Stealth Rock,스텔스록
Kleavor,사마자르,Stone Axe,암석액스
Kleavor,사마자르,Stone Edge,스톤에지
Kleavor,사마자르,Struggle Bug,벌레의저항
Kleavor,사마자르,Substitute,대타출동
Kleavor,사마자르,Sunny Day,쾌청
Kleavor,사마자르,Swords Dance,칼춤
Kleavor,사마자르,Tailwind,순풍
Kleavor,사마자르,Thief,도둑질
Kleavor,사마자르,Trailblaze,개척하기
Kleavor,사마자르,U-turn,유턴
Kleavor,사마자르,Vacuum Wave,진공파
Kleavor,사마자르,X-Scissor,시저크로스
Basculegion,대쓰여너 (수컷),Agility,고속이동
Basculegion,대쓰여너 (수컷),Aqua Jet,아쿠아제트
Basculegion,대쓰여너 (수컷),Bite,물기
Basculegion,대쓰여너 (수컷),Blizzard,눈보라
Basculegion,대쓰여너 (수컷),Chilling Water,찬물끼얹기
Basculegion,대쓰여너 (수컷),Confuse Ray,이상한빛
Basculegion,대쓰여너 (수컷),Crunch,깨물어부수기
Basculegion,대쓰여너 (수컷),Double-Edge,이판사판태클
Basculegion,대쓰여너 (수컷),Endeavor,죽기살기
Basculegion,대쓰여너 (수컷),Endure,버티기
Basculegion,대쓰여너 (수컷),Facade,객기
Basculegion,대쓰여너 (수컷),Flail,바둥바둥
Basculegion,대쓰여너 (수컷),Flip Turn,퀵턴
Basculegion,대쓰여너 (수컷),Giga Impact,기가임팩트
Basculegion,대쓰여너 (수컷),Head Smash,양날박치기
Basculegion,대쓰여너 (수컷),Hex,병상첨병
Basculegion,대쓰여너 (수컷),Hydro Pump,하이드로펌프
Basculegion,대쓰여너 (수컷),Hyper Beam,파괴광선
Basculegion,대쓰여너 (수컷),Ice Beam,냉동빔
Basculegion,대쓰여너 (수컷),Ice Fang,얼음엄니
Basculegion,대쓰여너 (수컷),Icy Wind,얼다바람
Basculegion,대쓰여너 (수컷),Last Respects,성묘
Basculegion,대쓰여너 (수컷),Liquidation,아쿠아브레이크
Basculegion,대쓰여너 (수컷),Mud Shot,머드숏
Basculegion,대쓰여너 (수컷),Muddy Water,탁류
Basculegion,대쓰여너 (수컷),Night Shade,나이트헤드
Basculegion,대쓰여너 (수컷),Outrage,역린
Basculegion,대쓰여너 (수컷),Pain Split,아픔나누기
Basculegion,대쓰여너 (수컷),Phantom Force,고스트다이브
Basculegion,대쓰여너 (수컷),Protect,방어
Basculegion,대쓰여너 (수컷),Psychic Fangs,사이코팽
Basculegion,대쓰여너 (수컷),Rain Dance,비바라기
Basculegion,대쓰여너 (수컷),Rest,잠자기
Basculegion,대쓰여너 (수컷),Scale Shot,스케일샷
Basculegion,대쓰여너 (수컷),Scary Face,겁나는얼굴
Basculegion,대쓰여너 (수컷),Shadow Ball,섀도볼
Basculegion,대쓰여너 (수컷),Sleep Talk,잠꼬대
Basculegion,대쓰여너 (수컷),Snowscape,설경
Basculegion,대쓰여너 (수컷),Soak,물붓기
Basculegion,대쓰여너 (수컷),Spite,원한
Basculegion,대쓰여너 (수컷),Substitute,대타출동
Basculegion,대쓰여너 (수컷),Surf,파도타기
Basculegion,대쓰여너 (수컷),Thrash,난동부리기
Basculegion,대쓰여너 (수컷),Uproar,소란피기
Basculegion,대쓰여너 (수컷),Water Pulse,물의파동
Basculegion,대쓰여너 (수컷),Waterfall,폭포오르기
Basculegion,대쓰여너 (수컷),Wave Crash,웨이브태클
Basculegion,대쓰여너 (수컷),Whirlpool,바다회오리
Basculegion,대쓰여너 (수컷),Zen Headbutt,사념의박치기
Basculegion-F,대쓰여너 (암컷),Agility,고속이동
Basculegion-F,대쓰여너 (암컷),Aqua Jet,아쿠아제트
Basculegion-F,대쓰여너 (암컷),Bite,물기
Basculegion-F,대쓰여너 (암컷),Blizzard,눈보라
Basculegion-F,대쓰여너 (암컷),Chilling Water,찬물끼얹기
Basculegion-F,대쓰여너 (암컷),Confuse Ray,이상한빛
Basculegion-F,대쓰여너 (암컷),Crunch,깨물어부수기
Basculegion-F,대쓰여너 (암컷),Double-Edge,이판사판태클
Basculegion-F,대쓰여너 (암컷),Endeavor,죽기살기
Basculegion-F,대쓰여너 (암컷),Endure,버티기
Basculegion-F,대쓰여너 (암컷),Facade,객기
Basculegion-F,대쓰여너 (암컷),Flail,바둥바둥
Basculegion-F,대쓰여너 (암컷),Flip Turn,퀵턴
Basculegion-F,대쓰여너 (암컷),Giga Impact,기가임팩트
Basculegion-F,대쓰여너 (암컷),Head Smash,양날박치기
Basculegion-F,대쓰여너 (암컷),Hex,병상첨병
Basculegion-F,대쓰여너 (암컷),Hydro Pump,하이드로펌프
Basculegion-F,대쓰여너 (암컷),Hyper Beam,파괴광선
Basculegion-F,대쓰여너 (암컷),Ice Beam,냉동빔
Basculegion-F,대쓰여너 (암컷),Ice Fang,얼음엄니
Basculegion-F,대쓰여너 (암컷),Icy Wind,얼다바람
Basculegion-F,대쓰여너 (암컷),Last Respects,성묘
Basculegion-F,대쓰여너 (암컷),Liquidation,아쿠아브레이크
Basculegion-F,대쓰여너 (암컷),Mud Shot,머드숏
Basculegion-F,대쓰여너 (암컷),Muddy Water,탁류
Basculegion-F,대쓰여너 (암컷),Night Shade,나이트헤드
Basculegion-F,대쓰여너 (암컷),Outrage,역린
Basculegion-F,대쓰여너 (암컷),Pain Split,아픔나누기
Basculegion-F,대쓰여너 (암컷),Phantom Force,고스트다이브
Basculegion-F,대쓰여너 (암컷),Protect,방어
Basculegion-F,대쓰여너 (암컷),Psychic Fangs,사이코팽
Basculegion-F,대쓰여너 (암컷),Rain Dance,비바라기
Basculegion-F,대쓰여너 (암컷),Rest,잠자기
Basculegion-F,대쓰여너 (암컷),Scale Shot,스케일샷
Basculegion-F,대쓰여너 (암컷),Scary Face,겁나는얼굴
Basculegion-F,대쓰여너 (암컷),Shadow Ball,섀도볼
Basculegion-F,대쓰여너 (암컷),Sleep Talk,잠꼬대
Basculegion-F,대쓰여너 (암컷),Snowscape,설경
Basculegion-F,대쓰여너 (암컷),Soak,물붓기
Basculegion-F,대쓰여너 (암컷),Spite,원한
Basculegion-F,대쓰여너 (암컷),Substitute,대타출동
Basculegion-F,대쓰여너 (암컷),Surf,파도타기
Basculegion-F,대쓰여너 (암컷),Thrash,난동부리기
Basculegion-F,대쓰여너 (암컷),Uproar,소란피기
Basculegion-F,대쓰여너 (암컷),Water Pulse,물의파동
Basculegion-F,대쓰여너 (암컷),Waterfall,폭포오르기
Basculegion-F,대쓰여너 (암컷),Wave Crash,웨이브태클
Basculegion-F,대쓰여너 (암컷),Whirlpool,바다회오리
Basculegion-F,대쓰여너 (암컷),Zen Headbutt,사념의박치기
Sneasler,포푸니크,Acid Spray,애시드봄
Sneasler,포푸니크,Acrobatics,애크러뱃
Sneasler,포푸니크,Aerial Ace,제비반환
Sneasler,포푸니크,Agility,고속이동
Sneasler,포푸니크,Brick Break,깨트리다
Sneasler,포푸니크,Bulk Up,벌크업
Sneasler,포푸니크,Calm Mind,명상
Sneasler,포푸니크,Close Combat,인파이트
Sneasler,포푸니크,Coaching,코칭
Sneasler,포푸니크,Counter,카운터
Sneasler,포푸니크,Dig,구멍파기
Sneasler,포푸니크,Dire Claw,페이탈클로
Sneasler,포푸니크,Double Hit,더블어택
Sneasler,포푸니크,Endure,버티기
Sneasler,포푸니크,Facade,객기
Sneasler,포푸니크,Fake Out,속이다
Sneasler,포푸니크,Feint,페인트
Sneasler,포푸니크,Fire Punch,불꽃펀치
Sneasler,포푸니크,Fling,내던지기
Sneasler,포푸니크,Focus Blast,기합구슬
Sneasler,포푸니크,Focus Punch,힘껏펀치
Sneasler,포푸니크,Giga Impact,기가임팩트
Sneasler,포푸니크,Grass Knot,풀묶기
Sneasler,포푸니크,Gunk Shot,더스트슈트
Sneasler,포푸니크,Hyper Beam,파괴광선
Sneasler,포푸니크,Lash Out,분풀이
Sneasler,포푸니크,Low Kick,안다리걸기
Sneasler,포푸니크,Low Sweep,로킥
Sneasler,포푸니크,Nasty Plot,나쁜음모
Sneasler,포푸니크,Night Slash,깜짝베기
Sneasler,포푸니크,Poison Jab,독찌르기
Sneasler,포푸니크,Protect,방어
Sneasler,포푸니크,Quick Attack,전광석화
Sneasler,포푸니크,Quick Guard,퍼스트가드
Sneasler,포푸니크,Rain Dance,비바라기
Sneasler,포푸니크,Rest,잠자기
Sneasler,포푸니크,Reversal,기사회생
Sneasler,포푸니크,Rock Slide,스톤샤워
Sneasler,포푸니크,Rock Tomb,암석봉인
Sneasler,포푸니크,Screech,싫은소리
Sneasler,포푸니크,Shadow Ball,섀도볼
Sneasler,포푸니크,Shadow Claw,섀도크루
Sneasler,포푸니크,Slash,베어가르기
Sneasler,포푸니크,Sleep Talk,잠꼬대
Sneasler,포푸니크,Sludge Bomb,오물폭탄
Sneasler,포푸니크,Sludge Wave,오물웨이브
Sneasler,포푸니크,Spite,원한
Sneasler,포푸니크,Substitute,대타출동
Sneasler,포푸니크,Sunny Day,쾌청
Sneasler,포푸니크,Switcheroo,바꿔치기
Sneasler,포푸니크,Swords Dance,칼춤
Sneasler,포푸니크,Taunt,도발
Sneasler,포푸니크,Thief,도둑질
Sneasler,포푸니크,Throat Chop,지옥찌르기
Sneasler,포푸니크,Toxic,맹독
Sneasler,포푸니크,Toxic Spikes,독압정
Sneasler,포푸니크,Trailblaze,개척하기
Sneasler,포푸니크,U-turn,유턴
Sneasler,포푸니크,Upper Hand,기선제압
Sneasler,포푸니크,Vacuum Wave,진공파
Sneasler,포푸니크,Venoshock,베놈쇼크
Sneasler,포푸니크,X-Scissor,시저크로스
Overqwil,장침바루,Acid Spray,애시드봄
Overqwil,장침바루,Acupressure,경혈찌르기
Overqwil,장침바루,Agility,고속이동
Overqwil,장침바루,Aqua Jet,아쿠아제트
Overqwil,장침바루,Aqua Tail,아쿠아테일
Overqwil,장침바루,Barb Barrage,독침천발
Overqwil,장침바루,Bite,물기
Overqwil,장침바루,Blizzard,눈보라
Overqwil,장침바루,Chilling Water,찬물끼얹기
Overqwil,장침바루,Crunch,깨물어부수기
Overqwil,장침바루,Curse,저주
Overqwil,장침바루,Dark Pulse,악의파동
Overqwil,장침바루,Destiny Bond,길동무
Overqwil,장침바루,Double-Edge,이판사판태클
Overqwil,장침바루,Endure,버티기
Overqwil,장침바루,Facade,객기
Overqwil,장침바루,Fell Stinger,마지막일침
Overqwil,장침바루,Flail,바둥바둥
Overqwil,장침바루,Giga Impact,기가임팩트
Overqwil,장침바루,Gunk Shot,더스트슈트
Overqwil,장침바루,Gyro Ball,자이로볼
Overqwil,장침바루,Haze,흑안개
Overqwil,장침바루,Hex,병상첨병
Overqwil,장침바루,Hydro Pump,하이드로펌프
Overqwil,장침바루,Hyper Beam,파괴광선
Overqwil,장침바루,Ice Beam,냉동빔
Overqwil,장침바루,Icy Wind,얼다바람
Overqwil,장침바루,Lash Out,분풀이
Overqwil,장침바루,Liquidation,아쿠아브레이크
Overqwil,장침바루,Minimize,작아지기
Overqwil,장침바루,Mud Shot,머드숏
Overqwil,장침바루,Pain Split,아픔나누기
Overqwil,장침바루,Pin Missile,바늘미사일
Overqwil,장침바루,Poison Jab,독찌르기
Overqwil,장침바루,Protect,방어
Overqwil,장침바루,Rain Dance,비바라기
Overqwil,장침바루,Rest,잠자기
Overqwil,장침바루,Reversal,기사회생
Overqwil,장침바루,Scale Shot,스케일샷
Overqwil,장침바루,Scary Face,겁나는얼굴
Overqwil,장침바루,Self-Destruct,자폭
Overqwil,장침바루,Shadow Ball,섀도볼
Overqwil,장침바루,Sleep Talk,잠꼬대
Overqwil,장침바루,Sludge Bomb,오물폭탄
Overqwil,장침바루,Sludge Wave,오물웨이브
Overqwil,장침바루,Smart Strike,스마트호른
Overqwil,장침바루,Spikes,압정뿌리기
Overqwil,장침바루,Spit Up,토해내기
Overqwil,장침바루,Spite,원한
Overqwil,장침바루,Stockpile,비축하기
Overqwil,장침바루,Substitute,대타출동
Overqwil,장침바루,Surf,파도타기
Overqwil,장침바루,Swords Dance,칼춤
Overqwil,장침바루,Taunt,도발
Overqwil,장침바루,Throat Chop,지옥찌르기
Overqwil,장침바루,Toxic,맹독
Overqwil,장침바루,Toxic Spikes,독압정
Overqwil,장침바루,Venoshock,베놈쇼크
Overqwil,장침바루,Water Pulse,물의파동
Overqwil,장침바루,Waterfall,폭포오르기
Meowscarada,마스카나,Acrobatics,애크러뱃
Meowscarada,마스카나,Aerial Ace,제비반환
Meowscarada,마스카나,Agility,고속이동
Meowscarada,마스카나,Ally Switch,사이드체인지
Meowscarada,마스카나,Aura Sphere,파동탄
Meowscarada,마스카나,Bite,물기
Meowscarada,마스카나,Brick Break,깨트리다
Meowscarada,마스카나,Bullet Seed,기관총
Meowscarada,마스카나,Charm,애교부리기
Meowscarada,마스카나,Chilling Water,찬물끼얹기
Meowscarada,마스카나,Copycat,흉내쟁이
Meowscarada,마스카나,Dark Pulse,악의파동
Meowscarada,마스카나,Double Team,그림자분신
Meowscarada,마스카나,Endure,버티기
Meowscarada,마스카나,Energy Ball,에너지볼
Meowscarada,마스카나,Facade,객기
Meowscarada,마스카나,Fake Tears,거짓울음
Meowscarada,마스카나,Fling,내던지기
Meowscarada,마스카나,Flower Trick,트릭플라워
Meowscarada,마스카나,Foul Play,속임수
Meowscarada,마스카나,Frenzy Plant,하드플랜트
Meowscarada,마스카나,Giga Drain,기가드레인
Meowscarada,마스카나,Giga Impact,기가임팩트
Meowscarada,마스카나,Grass Knot,풀묶기
Meowscarada,마스카나,Grassy Glide,그래스슬라이더
Meowscarada,마스카나,Grassy Terrain,그래스필드
Meowscarada,마스카나,Helping Hand,도우미
Meowscarada,마스카나,Hyper Beam,파괴광선
Meowscarada,마스카나,Knock Off,탁쳐서떨구기
Meowscarada,마스카나,Lash Out,분풀이
Meowscarada,마스카나,Leaf Storm,리프스톰
Meowscarada,마스카나,Leech Seed,씨뿌리기
Meowscarada,마스카나,Low Kick,안다리걸기
Meowscarada,마스카나,Low Sweep,로킥
Meowscarada,마스카나,Mud-Slap,진흙뿌리기
Meowscarada,마스카나,Nasty Plot,나쁜음모
Meowscarada,마스카나,Night Slash,깜짝베기
Meowscarada,마스카나,Petal Blizzard,꽃보라
Meowscarada,마스카나,Play Rough,치근거리기
Meowscarada,마스카나,Pollen Puff,꽃가루경단
Meowscarada,마스카나,Power Gem,파워젬
Meowscarada,마스카나,Protect,방어
Meowscarada,마스카나,Psych Up,자기암시
Meowscarada,마스카나,Quick Attack,전광석화
Meowscarada,마스카나,Rest,잠자기
Meowscarada,마스카나,Seed Bomb,씨폭탄
Meowscarada,마스카나,Shadow Ball,섀도볼
Meowscarada,마스카나,Shadow Claw,섀도크루
Meowscarada,마스카나,Skill Swap,스킬스웹
Meowscarada,마스카나,Slash,베어가르기
Meowscarada,마스카나,Sleep Talk,잠꼬대
Meowscarada,마스카나,Solar Beam,솔라빔
Meowscarada,마스카나,Spikes,압정뿌리기
Meowscarada,마스카나,Substitute,대타출동
Meowscarada,마스카나,Sucker Punch,기습
Meowscarada,마스카나,Taunt,도발
Meowscarada,마스카나,Thief,도둑질
Meowscarada,마스카나,Throat Chop,지옥찌르기
Meowscarada,마스카나,Thunder Punch,번개펀치
Meowscarada,마스카나,Toxic Spikes,독압정
Meowscarada,마스카나,Trailblaze,개척하기
Meowscarada,마스카나,Trick,트릭
Meowscarada,마스카나,Trick Room,트릭룸
Meowscarada,마스카나,Triple Axel,트리플악셀
Meowscarada,마스카나,U-turn,유턴
Meowscarada,마스카나,Worry Seed,고민씨
Skeledirge,라우드본,Alluring Voice,매혹의보이스
Skeledirge,라우드본,Belch,트림
Skeledirge,라우드본,Bite,물기
Skeledirge,라우드본,Blast Burn,블러스트번
Skeledirge,라우드본,Body Slam,누르기
Skeledirge,라우드본,Burn Up,불사르기
Skeledirge,라우드본,Crunch,깨물어부수기
Skeledirge,라우드본,Curse,저주
Skeledirge,라우드본,Dig,구멍파기
Skeledirge,라우드본,Earth Power,대지의힘
Skeledirge,라우드본,Earthquake,지진
Skeledirge,라우드본,Encore,앵콜
Skeledirge,라우드본,Endure,버티기
Skeledirge,라우드본,Facade,객기
Skeledirge,라우드본,Fire Blast,불대문자
Skeledirge,라우드본,Fire Fang,불꽃엄니
Skeledirge,라우드본,Fire Spin,회오리불꽃
Skeledirge,라우드본,Flame Charge,니트로차지
Skeledirge,라우드본,Flamethrower,화염방사
Skeledirge,라우드본,Flare Blitz,플레어드라이브
Skeledirge,라우드본,Giga Impact,기가임팩트
Skeledirge,라우드본,Heat Crash,히트스탬프
Skeledirge,라우드본,Heat Wave,열풍
Skeledirge,라우드본,Helping Hand,도우미
Skeledirge,라우드본,Hex,병상첨병
Skeledirge,라우드본,Hyper Beam,파괴광선
Skeledirge,라우드본,Hyper Voice,하이퍼보이스
Skeledirge,라우드본,Imprison,봉인
Skeledirge,라우드본,Mud-Slap,진흙뿌리기
Skeledirge,라우드본,Night Shade,나이트헤드
Skeledirge,라우드본,Outrage,역린
Skeledirge,라우드본,Overheat,오버히트
Skeledirge,라우드본,Poltergeist,폴터가이스트
Skeledirge,라우드본,Protect,방어
Skeledirge,라우드본,Rest,잠자기
Skeledirge,라우드본,Roar,울부짖기
Skeledirge,라우드본,Round,돌림노래
Skeledirge,라우드본,Scary Face,겁나는얼굴
Skeledirge,라우드본,Scorching Sands,열사의대지
Skeledirge,라우드본,Seed Bomb,씨폭탄
Skeledirge,라우드본,Shadow Ball,섀도볼
Skeledirge,라우드본,Shadow Claw,섀도크루
Skeledirge,라우드본,Sing,노래하기
Skeledirge,라우드본,Slack Off,태만함
Skeledirge,라우드본,Sleep Talk,잠꼬대
Skeledirge,라우드본,Snarl,바크아웃
Skeledirge,라우드본,Solar Beam,솔라빔
Skeledirge,라우드본,Stomping Tantrum,분함의발구르기
Skeledirge,라우드본,Substitute,대타출동
Skeledirge,라우드본,Sunny Day,쾌청
Skeledirge,라우드본,Temper Flare,열불내기
Skeledirge,라우드본,Thunder Fang,번개엄니
Skeledirge,라우드본,Torch Song,플레어송
Skeledirge,라우드본,Will-O-Wisp,도깨비불
Skeledirge,라우드본,Yawn,하품
Skeledirge,라우드본,Zen Headbutt,사념의박치기
Quaquaval,웨이니발,Acrobatics,애크러뱃
Quaquaval,웨이니발,Aerial Ace,제비반환
Quaquaval,웨이니발,Agility,고속이동
Quaquaval,웨이니발,Air Cutter,에어컷터
Quaquaval,웨이니발,Air Slash,에어슬래시
Quaquaval,웨이니발,Aqua Cutter,아쿠아커터
Quaquaval,웨이니발,Aqua Jet,아쿠아제트
Quaquaval,웨이니발,Aqua Step,아쿠아스텝
Quaquaval,웨이니발,Baton Pass,바톤터치
Quaquaval,웨이니발,Brave Bird,브레이브버드
Quaquaval,웨이니발,Brick Break,깨트리다
Quaquaval,웨이니발,Bulk Up,벌크업
Quaquaval,웨이니발,Chilling Water,찬물끼얹기
Quaquaval,웨이니발,Close Combat,인파이트
Quaquaval,웨이니발,Coaching,코칭
Quaquaval,웨이니발,Counter,카운터
Quaquaval,웨이니발,Detect,판별
Quaquaval,웨이니발,Double Hit,더블어택
Quaquaval,웨이니발,Encore,앵콜
Quaquaval,웨이니발,Endeavor,죽기살기
Quaquaval,웨이니발,Endure,버티기
Quaquaval,웨이니발,Facade,객기
Quaquaval,웨이니발,Feather Dance,깃털댄스
Quaquaval,웨이니발,Fling,내던지기
Quaquaval,웨이니발,Flip Turn,퀵턴
Quaquaval,웨이니발,Focus Energy,기충전
Quaquaval,웨이니발,Giga Impact,기가임팩트
Quaquaval,웨이니발,Helping Hand,도우미
Quaquaval,웨이니발,Hurricane,폭풍
Quaquaval,웨이니발,Hydro Cannon,하이드로캐논
Quaquaval,웨이니발,Hydro Pump,하이드로펌프
Quaquaval,웨이니발,Hyper Beam,파괴광선
Quaquaval,웨이니발,Ice Spinner,아이스스피너
Quaquaval,웨이니발,Icy Wind,얼다바람
Quaquaval,웨이니발,Knock Off,탁쳐서떨구기
Quaquaval,웨이니발,Last Resort,뒀다쓰기
Quaquaval,웨이니발,Liquidation,아쿠아브레이크
Quaquaval,웨이니발,Low Kick,안다리걸기
Quaquaval,웨이니발,Low Sweep,로킥
Quaquaval,웨이니발,Mega Kick,메가톤킥
Quaquaval,웨이니발,Misty Terrain,미스트필드
Quaquaval,웨이니발,Protect,방어
Quaquaval,웨이니발,Psych Up,자기암시
Quaquaval,웨이니발,Rain Dance,비바라기
Quaquaval,웨이니발,Rapid Spin,고속스핀
Quaquaval,웨이니발,Rest,잠자기
Quaquaval,웨이니발,Reversal,기사회생
Quaquaval,웨이니발,Roost,날개쉬기
Quaquaval,웨이니발,Sleep Talk,잠꼬대
Quaquaval,웨이니발,Substitute,대타출동
Quaquaval,웨이니발,Surf,파도타기
Quaquaval,웨이니발,Swords Dance,칼춤
Quaquaval,웨이니발,Taunt,도발
Quaquaval,웨이니발,Triple Axel,트리플악셀
Quaquaval,웨이니발,U-turn,유턴
Quaquaval,웨이니발,Upper Hand,기선제압
Quaquaval,웨이니발,Water Pulse,물의파동
Quaquaval,웨이니발,Wave Crash,웨이브태클
Quaquaval,웨이니발,Whirlpool,바다회오리
Pawmot,빠르모트,Agility,고속이동
Pawmot,빠르모트,Baton Pass,바톤터치
Pawmot,빠르모트,Bite,물기
Pawmot,빠르모트,Body Press,바디프레스
Pawmot,빠르모트,Brick Break,깨트리다
Pawmot,빠르모트,Bulk Up,벌크업
Pawmot,빠르모트,Charge,충전
Pawmot,빠르모트,Charge Beam,차지빔
Pawmot,빠르모트,Charm,애교부리기
Pawmot,빠르모트,Close Combat,인파이트
Pawmot,빠르모트,Coaching,코칭
Pawmot,빠르모트,Crunch,깨물어부수기
Pawmot,빠르모트,Dig,구멍파기
Pawmot,빠르모트,Discharge,방전
Pawmot,빠르모트,Double Shock,전광쌍격
Pawmot,빠르모트,Double-Edge,이판사판태클
Pawmot,빠르모트,Eerie Impulse,괴전파
Pawmot,빠르모트,Electric Terrain,일렉트릭필드
Pawmot,빠르모트,Electro Ball,일렉트릭볼
Pawmot,빠르모트,Electroweb,일렉트릭네트
Pawmot,빠르모트,Encore,앵콜
Pawmot,빠르모트,Endure,버티기
Pawmot,빠르모트,Entrainment,동료만들기
Pawmot,빠르모트,Facade,객기
Pawmot,빠르모트,Fake Out,속이다
Pawmot,빠르모트,Fire Punch,불꽃펀치
Pawmot,빠르모트,Fling,내던지기
Pawmot,빠르모트,Focus Blast,기합구슬
Pawmot,빠르모트,Focus Punch,힘껏펀치
Pawmot,빠르모트,Giga Impact,기가임팩트
Pawmot,빠르모트,Grass Knot,풀묶기
Pawmot,빠르모트,Helping Hand,도우미
Pawmot,빠르모트,Hyper Beam,파괴광선
Pawmot,빠르모트,Ice Punch,냉동펀치
Pawmot,빠르모트,Knock Off,탁쳐서떨구기
Pawmot,빠르모트,Low Kick,안다리걸기
Pawmot,빠르모트,Low Sweep,로킥
Pawmot,빠르모트,Mach Punch,마하펀치
Pawmot,빠르모트,Nuzzle,볼부비부비
Pawmot,빠르모트,Play Rough,치근거리기
Pawmot,빠르모트,Protect,방어
Pawmot,빠르모트,Quick Attack,전광석화
Pawmot,빠르모트,Rain Dance,비바라기
Pawmot,빠르모트,Rest,잠자기
Pawmot,빠르모트,Revival Blessing,회생의기도
Pawmot,빠르모트,Rock Tomb,암석봉인
Pawmot,빠르모트,Seed Bomb,씨폭탄
Pawmot,빠르모트,Sleep Talk,잠꼬대
Pawmot,빠르모트,Substitute,대타출동
Pawmot,빠르모트,Sunny Day,쾌청
Pawmot,빠르모트,Super Fang,분노의앞니
Pawmot,빠르모트,Supercell Slam,썬더다이브
Pawmot,빠르모트,Sweet Kiss,천사의키스
Pawmot,빠르모트,Thief,도둑질
Pawmot,빠르모트,Throat Chop,지옥찌르기
Pawmot,빠르모트,Thunder,번개
Pawmot,빠르모트,Thunder Fang,번개엄니
Pawmot,빠르모트,Thunder Punch,번개펀치
Pawmot,빠르모트,Thunder Wave,전기자석파
Pawmot,빠르모트,Thunderbolt,10만볼트
Pawmot,빠르모트,Upper Hand,기선제압
Pawmot,빠르모트,Volt Switch,볼트체인지
Pawmot,빠르모트,Wild Charge,와일드볼트
Pawmot,빠르모트,Wish,희망사항
Maushold,파밀리쥐,Aerial Ace,제비반환
Maushold,파밀리쥐,After You,당신먼저
Maushold,파밀리쥐,Agility,고속이동
Maushold,파밀리쥐,Baby-Doll Eyes,초롱초롱눈동자
Maushold,파밀리쥐,Baton Pass,바톤터치
Maushold,파밀리쥐,Beat Up,집단구타
Maushold,파밀리쥐,Bite,물기
Maushold,파밀리쥐,Bullet Seed,기관총
Maushold,파밀리쥐,Charm,애교부리기
Maushold,파밀리쥐,Chilling Water,찬물끼얹기
Maushold,파밀리쥐,Copycat,흉내쟁이
Maushold,파밀리쥐,Crunch,깨물어부수기
Maushold,파밀리쥐,Dig,구멍파기
Maushold,파밀리쥐,Double Hit,더블어택
Maushold,파밀리쥐,Double-Edge,이판사판태클
Maushold,파밀리쥐,Encore,앵콜
Maushold,파밀리쥐,Endure,버티기
Maushold,파밀리쥐,Facade,객기
Maushold,파밀리쥐,Fake Tears,거짓울음
Maushold,파밀리쥐,Feint,페인트
Maushold,파밀리쥐,Follow Me,날따름
Maushold,파밀리쥐,Giga Impact,기가임팩트
Maushold,파밀리쥐,Grass Knot,풀묶기
Maushold,파밀리쥐,Helping Hand,도우미
Maushold,파밀리쥐,Hyper Beam,파괴광선
Maushold,파밀리쥐,Hyper Voice,하이퍼보이스
Maushold,파밀리쥐,Low Kick,안다리걸기
Maushold,파밀리쥐,Low Sweep,로킥
Maushold,파밀리쥐,Mud Shot,머드숏
Maushold,파밀리쥐,Mud-Slap,진흙뿌리기
Maushold,파밀리쥐,Play Rough,치근거리기
Maushold,파밀리쥐,Population Bomb,찍찍베기
Maushold,파밀리쥐,Protect,방어
Maushold,파밀리쥐,Rain Dance,비바라기
Maushold,파밀리쥐,Rest,잠자기
Maushold,파밀리쥐,Seed Bomb,씨폭탄
Maushold,파밀리쥐,Shadow Claw,섀도크루
Maushold,파밀리쥐,Sleep Talk,잠꼬대
Maushold,파밀리쥐,Substitute,대타출동
Maushold,파밀리쥐,Sunny Day,쾌청
Maushold,파밀리쥐,Super Fang,분노의앞니
Maushold,파밀리쥐,Switcheroo,바꿔치기
Maushold,파밀리쥐,Taunt,도발
Maushold,파밀리쥐,Thief,도둑질
Maushold,파밀리쥐,Thunder Wave,전기자석파
Maushold,파밀리쥐,Tickle,간지르기
Maushold,파밀리쥐,Tidy Up,정리정돈
Maushold,파밀리쥐,Trailblaze,개척하기
Maushold,파밀리쥐,U-turn,유턴
Maushold,파밀리쥐,Water Pulse,물의파동
Arboliva,올리르바,Alluring Voice,매혹의보이스
Arboliva,올리르바,Bullet Seed,기관총
Arboliva,올리르바,Charm,애교부리기
Arboliva,올리르바,Dazzling Gleam,매지컬샤인
Arboliva,올리르바,Earth Power,대지의힘
Arboliva,올리르바,Encore,앵콜
Arboliva,올리르바,Endure,버티기
Arboliva,올리르바,Energy Ball,에너지볼
Arboliva,올리르바,Facade,객기
Arboliva,올리르바,Flail,바둥바둥
Arboliva,올리르바,Fling,내던지기
Arboliva,올리르바,Giga Drain,기가드레인
Arboliva,올리르바,Giga Impact,기가임팩트
Arboliva,올리르바,Grass Knot,풀묶기
Arboliva,올리르바,Grassy Terrain,그래스필드
Arboliva,올리르바,Growth,성장
Arboliva,올리르바,Helping Hand,도우미
Arboliva,올리르바,Hyper Beam,파괴광선
Arboliva,올리르바,Hyper Voice,하이퍼보이스
Arboliva,올리르바,Leaf Storm,리프스톰
Arboliva,올리르바,Leech Seed,씨뿌리기
Arboliva,올리르바,Light Screen,빛의장막
Arboliva,올리르바,Memento,추억의선물
Arboliva,올리르바,Mirror Coat,미러코트
Arboliva,올리르바,Petal Blizzard,꽃보라
Arboliva,올리르바,Petal Dance,꽃잎댄스
Arboliva,올리르바,Pollen Puff,꽃가루경단
Arboliva,올리르바,Protect,방어
Arboliva,올리르바,Psych Up,자기암시
Arboliva,올리르바,Reflect,리플렉터
Arboliva,올리르바,Rest,잠자기
Arboliva,올리르바,Safeguard,신비의부적
Arboliva,올리르바,Seed Bomb,씨폭탄
Arboliva,올리르바,Sleep Talk,잠꼬대
Arboliva,올리르바,Solar Beam,솔라빔
Arboliva,올리르바,Solar Blade,솔라블레이드
Arboliva,올리르바,Strength Sap,힘흡수
Arboliva,올리르바,Substitute,대타출동
Arboliva,올리르바,Sunny Day,쾌청
Arboliva,올리르바,Sweet Scent,달콤한향기
Arboliva,올리르바,Synthesis,광합성
Arboliva,올리르바,Terrain Pulse,대지의파동
Arboliva,올리르바,Trailblaze,개척하기
Arboliva,올리르바,Weather Ball,웨더볼
Squawkabilly,시비꼬,Aerial Ace,제비반환
Squawkabilly,시비꼬,Air Cutter,에어컷터
Squawkabilly,시비꼬,Air Slash,에어슬래시
Squawkabilly,시비꼬,Brave Bird,브레이브버드
Squawkabilly,시비꼬,Copycat,흉내쟁이
Squawkabilly,시비꼬,Double-Edge,이판사판태클
Squawkabilly,시비꼬,Dual Wingbeat,더블윙
Squawkabilly,시비꼬,Endeavor,죽기살기
Squawkabilly,시비꼬,Endure,버티기
Squawkabilly,시비꼬,Facade,객기
Squawkabilly,시비꼬,Fake Tears,거짓울음
Squawkabilly,시비꼬,Feather Dance,깃털댄스
Squawkabilly,시비꼬,Final Gambit,목숨걸기
Squawkabilly,시비꼬,Flatter,부추기기
Squawkabilly,시비꼬,Fly,공중날기
Squawkabilly,시비꼬,Foul Play,속임수
Squawkabilly,시비꼬,Giga Impact,기가임팩트
Squawkabilly,시비꼬,Heat Wave,열풍
Squawkabilly,시비꼬,Helping Hand,도우미
Squawkabilly,시비꼬,Hurricane,폭풍
Squawkabilly,시비꼬,Hyper Beam,파괴광선
Squawkabilly,시비꼬,Hyper Voice,하이퍼보이스
Squawkabilly,시비꼬,Lash Out,분풀이
Squawkabilly,시비꼬,Lunge,덤벼들기
Squawkabilly,시비꼬,Parting Shot,막말내뱉기
Squawkabilly,시비꼬,Pounce,달려들기
Squawkabilly,시비꼬,Protect,방어
Squawkabilly,시비꼬,Quick Attack,전광석화
Squawkabilly,시비꼬,Rest,잠자기
Squawkabilly,시비꼬,Reversal,기사회생
Squawkabilly,시비꼬,Roost,날개쉬기
Squawkabilly,시비꼬,Scary Face,겁나는얼굴
Squawkabilly,시비꼬,Seed Bomb,씨폭탄
Squawkabilly,시비꼬,Sleep Talk,잠꼬대
Squawkabilly,시비꼬,Substitute,대타출동
Squawkabilly,시비꼬,Sunny Day,쾌청
Squawkabilly,시비꼬,Swagger,뽐내기
Squawkabilly,시비꼬,Tailwind,순풍
Squawkabilly,시비꼬,Taunt,도발
Squawkabilly,시비꼬,Thief,도둑질
Squawkabilly,시비꼬,Torment,트집
Squawkabilly,시비꼬,U-turn,유턴
Squawkabilly,시비꼬,Uproar,소란피기
Garganacl,콜로솔트,Ancient Power,원시의힘
Garganacl,콜로솔트,Avalanche,눈사태
Garganacl,콜로솔트,Block,블록
Garganacl,콜로솔트,Body Press,바디프레스
Garganacl,콜로솔트,Body Slam,누르기
Garganacl,콜로솔트,Brick Break,깨트리다
Garganacl,콜로솔트,Bulldoze,땅고르기
Garganacl,콜로솔트,Curse,저주
Garganacl,콜로솔트,Dig,구멍파기
Garganacl,콜로솔트,Double-Edge,이판사판태클
Garganacl,콜로솔트,Dynamic Punch,폭발펀치
Garganacl,콜로솔트,Earth Power,대지의힘
Garganacl,콜로솔트,Earthquake,지진
Garganacl,콜로솔트,Endure,버티기
Garganacl,콜로솔트,Explosion,대폭발
Garganacl,콜로솔트,Facade,객기
Garganacl,콜로솔트,Fire Punch,불꽃펀치
Garganacl,콜로솔트,Fissure,땅가르기
Garganacl,콜로솔트,Flash Cannon,러스터캐논
Garganacl,콜로솔트,Fling,내던지기
Garganacl,콜로솔트,Focus Punch,힘껏펀치
Garganacl,콜로솔트,Giga Impact,기가임팩트
Garganacl,콜로솔트,Gravity,중력
Garganacl,콜로솔트,Hammer Arm,암해머
Garganacl,콜로솔트,Hard Press,하드프레스
Garganacl,콜로솔트,Heavy Slam,헤비봄버
Garganacl,콜로솔트,Helping Hand,도우미
Garganacl,콜로솔트,Hyper Beam,파괴광선
Garganacl,콜로솔트,Ice Punch,냉동펀치
Garganacl,콜로솔트,Iron Defense,철벽
Garganacl,콜로솔트,Iron Head,아이언헤드
Garganacl,콜로솔트,Meteor Beam,메테오빔
Garganacl,콜로솔트,Mud Shot,머드숏
Garganacl,콜로솔트,Power Gem,파워젬
Garganacl,콜로솔트,Protect,방어
Garganacl,콜로솔트,Rain Dance,비바라기
Garganacl,콜로솔트,Recover,HP회복
Garganacl,콜로솔트,Rest,잠자기
Garganacl,콜로솔트,Rock Blast,락블레스트
Garganacl,콜로솔트,Rock Polish,록커트
Garganacl,콜로솔트,Rock Slide,스톤샤워
Garganacl,콜로솔트,Rock Tomb,암석봉인
Garganacl,콜로솔트,Salt Cure,소금절이
Garganacl,콜로솔트,Sandstorm,모래바람
Garganacl,콜로솔트,Sleep Talk,잠꼬대
Garganacl,콜로솔트,Smack Down,떨어뜨리기
Garganacl,콜로솔트,Stealth Rock,스텔스록
Garganacl,콜로솔트,Stomping Tantrum,분함의발구르기
Garganacl,콜로솔트,Stone Edge,스톤에지
Garganacl,콜로솔트,Substitute,대타출동
Garganacl,콜로솔트,Sunny Day,쾌청
Garganacl,콜로솔트,Thunder Punch,번개펀치
Garganacl,콜로솔트,Wide Guard,와이드가드
Garganacl,콜로솔트,Zen Headbutt,사념의박치기
Armarouge,카디나르마,Acid Spray,애시드봄
Armarouge,카디나르마,Ally Switch,사이드체인지
Armarouge,카디나르마,Armor Cannon,아머캐논
Armarouge,카디나르마,Aura Sphere,파동탄
Armarouge,카디나르마,Burn Up,불사르기
Armarouge,카디나르마,Calm Mind,명상
Armarouge,카디나르마,Clear Smog,클리어스모그
Armarouge,카디나르마,Confuse Ray,이상한빛
Armarouge,카디나르마,Dark Pulse,악의파동
Armarouge,카디나르마,Destiny Bond,길동무
Armarouge,카디나르마,Disable,사슬묶기
Armarouge,카디나르마,Dragon Pulse,용의파동
Armarouge,카디나르마,Endure,버티기
Armarouge,카디나르마,Energy Ball,에너지볼
Armarouge,카디나르마,Expanding Force,와이드포스
Armarouge,카디나르마,Facade,객기
Armarouge,카디나르마,Fire Blast,불대문자
Armarouge,카디나르마,Fire Spin,회오리불꽃
Armarouge,카디나르마,Flame Charge,니트로차지
Armarouge,카디나르마,Flamethrower,화염방사
Armarouge,카디나르마,Flare Blitz,플레어드라이브
Armarouge,카디나르마,Flash Cannon,러스터캐논
Armarouge,카디나르마,Fling,내던지기
Armarouge,카디나르마,Focus Blast,기합구슬
Armarouge,카디나르마,Heat Wave,열풍
Armarouge,카디나르마,Helping Hand,도우미
Armarouge,카디나르마,Hyper Beam,파괴광선
Armarouge,카디나르마,Iron Defense,철벽
Armarouge,카디나르마,Lava Plume,분연
Armarouge,카디나르마,Light Screen,빛의장막
Armarouge,카디나르마,Meteor Beam,메테오빔
Armarouge,카디나르마,Mystical Fire,매지컬플레임
Armarouge,카디나르마,Night Shade,나이트헤드
Armarouge,카디나르마,Overheat,오버히트
Armarouge,카디나르마,Protect,방어
Armarouge,카디나르마,Psych Up,자기암시
Armarouge,카디나르마,Psychic,사이코키네시스
Armarouge,카디나르마,Psychic Terrain,사이코필드
Armarouge,카디나르마,Psyshock,사이코쇼크
Armarouge,카디나르마,Reflect,리플렉터
Armarouge,카디나르마,Rest,잠자기
Armarouge,카디나르마,Scorching Sands,열사의대지
Armarouge,카디나르마,Shadow Ball,섀도볼
Armarouge,카디나르마,Sleep Talk,잠꼬대
Armarouge,카디나르마,Solar Beam,솔라빔
Armarouge,카디나르마,Spite,원한
Armarouge,카디나르마,Stored Power,어시스트파워
Armarouge,카디나르마,Substitute,대타출동
Armarouge,카디나르마,Sunny Day,쾌청
Armarouge,카디나르마,Taunt,도발
Armarouge,카디나르마,Trick,트릭
Armarouge,카디나르마,Trick Room,트릭룸
Armarouge,카디나르마,Weather Ball,웨더볼
Armarouge,카디나르마,Wide Guard,와이드가드
Armarouge,카디나르마,Will-O-Wisp,도깨비불
Ceruledge,파라블레이즈,Ally Switch,사이드체인지
Ceruledge,파라블레이즈,Bitter Blade,원념의칼
Ceruledge,파라블레이즈,Brick Break,깨트리다
Ceruledge,파라블레이즈,Bulk Up,벌크업
Ceruledge,파라블레이즈,Burn Up,불사르기
Ceruledge,파라블레이즈,Clear Smog,클리어스모그
Ceruledge,파라블레이즈,Close Combat,인파이트
Ceruledge,파라블레이즈,Confuse Ray,이상한빛
Ceruledge,파라블레이즈,Curse,저주
Ceruledge,파라블레이즈,Destiny Bond,길동무
Ceruledge,파라블레이즈,Disable,사슬묶기
Ceruledge,파라블레이즈,Dragon Claw,드래곤크루
Ceruledge,파라블레이즈,Endure,버티기
Ceruledge,파라블레이즈,Facade,객기
Ceruledge,파라블레이즈,Fire Blast,불대문자
Ceruledge,파라블레이즈,Fire Spin,회오리불꽃
Ceruledge,파라블레이즈,Flame Charge,니트로차지
Ceruledge,파라블레이즈,Flamethrower,화염방사
Ceruledge,파라블레이즈,Flare Blitz,플레어드라이브
Ceruledge,파라블레이즈,Fling,내던지기
Ceruledge,파라블레이즈,Giga Impact,기가임팩트
Ceruledge,파라블레이즈,Heat Wave,열풍
Ceruledge,파라블레이즈,Helping Hand,도우미
Ceruledge,파라블레이즈,Hex,병상첨병
Ceruledge,파라블레이즈,Iron Defense,철벽
Ceruledge,파라블레이즈,Iron Head,아이언헤드
Ceruledge,파라블레이즈,Lava Plume,분연
Ceruledge,파라블레이즈,Light Screen,빛의장막
Ceruledge,파라블레이즈,Night Shade,나이트헤드
Ceruledge,파라블레이즈,Night Slash,깜짝베기
Ceruledge,파라블레이즈,Overheat,오버히트
Ceruledge,파라블레이즈,Phantom Force,고스트다이브
Ceruledge,파라블레이즈,Poison Jab,독찌르기
Ceruledge,파라블레이즈,Poltergeist,폴터가이스트
Ceruledge,파라블레이즈,Protect,방어
Ceruledge,파라블레이즈,Psych Up,자기암시
Ceruledge,파라블레이즈,Psycho Cut,사이코커터
Ceruledge,파라블레이즈,Quick Guard,퍼스트가드
Ceruledge,파라블레이즈,Reflect,리플렉터
Ceruledge,파라블레이즈,Rest,잠자기
Ceruledge,파라블레이즈,Shadow Ball,섀도볼
Ceruledge,파라블레이즈,Shadow Claw,섀도크루
Ceruledge,파라블레이즈,Shadow Sneak,야습
Ceruledge,파라블레이즈,Sleep Talk,잠꼬대
Ceruledge,파라블레이즈,Solar Blade,솔라블레이드
Ceruledge,파라블레이즈,Spite,원한
Ceruledge,파라블레이즈,Stored Power,어시스트파워
Ceruledge,파라블레이즈,Substitute,대타출동
Ceruledge,파라블레이즈,Sunny Day,쾌청
Ceruledge,파라블레이즈,Swords Dance,칼춤
Ceruledge,파라블레이즈,Taunt,도발
Ceruledge,파라블레이즈,Throat Chop,지옥찌르기
Ceruledge,파라블레이즈,Vacuum Wave,진공파
Ceruledge,파라블레이즈,Will-O-Wisp,도깨비불
Ceruledge,파라블레이즈,X-Scissor,시저크로스
Bellibolt,찌리배리,Acid Spray,애시드봄
Bellibolt,찌리배리,Charge,충전
Bellibolt,찌리배리,Charge Beam,차지빔
Bellibolt,찌리배리,Chilling Water,찬물끼얹기
Bellibolt,찌리배리,Confuse Ray,이상한빛
Bellibolt,찌리배리,Discharge,방전
Bellibolt,찌리배리,Eerie Impulse,괴전파
Bellibolt,찌리배리,Electric Terrain,일렉트릭필드
Bellibolt,찌리배리,Electro Ball,일렉트릭볼
Bellibolt,찌리배리,Electroweb,일렉트릭네트
Bellibolt,찌리배리,Endure,버티기
Bellibolt,찌리배리,Flail,바둥바둥
Bellibolt,찌리배리,Giga Impact,기가임팩트
Bellibolt,찌리배리,Hyper Beam,파괴광선
Bellibolt,찌리배리,Hyper Voice,하이퍼보이스
Bellibolt,찌리배리,Light Screen,빛의장막
Bellibolt,찌리배리,Mud Shot,머드숏
Bellibolt,찌리배리,Mud-Slap,진흙뿌리기
Bellibolt,찌리배리,Muddy Water,탁류
Bellibolt,찌리배리,Parabolic Charge,파라볼라차지
Bellibolt,찌리배리,Protect,방어
Bellibolt,찌리배리,Rain Dance,비바라기
Bellibolt,찌리배리,Reflect,리플렉터
Bellibolt,찌리배리,Rest,잠자기
Bellibolt,찌리배리,Slack Off,태만함
Bellibolt,찌리배리,Sleep Talk,잠꼬대
Bellibolt,찌리배리,Soak,물붓기
Bellibolt,찌리배리,Substitute,대타출동
Bellibolt,찌리배리,Sucker Punch,기습
Bellibolt,찌리배리,Supercell Slam,썬더다이브
Bellibolt,찌리배리,Thunder,번개
Bellibolt,찌리배리,Thunder Wave,전기자석파
Bellibolt,찌리배리,Thunderbolt,10만볼트
Bellibolt,찌리배리,Toxic,맹독
Bellibolt,찌리배리,Volt Switch,볼트체인지
Bellibolt,찌리배리,Water Pulse,물의파동
Bellibolt,찌리배리,Weather Ball,웨더볼
Bellibolt,찌리배리,Wild Charge,와일드볼트
Bellibolt,찌리배리,Zap Cannon,전자포
Mabosstiff,마피티프,Bite,물기
Mabosstiff,마피티프,Body Slam,누르기
Mabosstiff,마피티프,Comeuppance,앙갚음
Mabosstiff,마피티프,Crunch,깨물어부수기
Mabosstiff,마피티프,Curse,저주
Mabosstiff,마피티프,Dark Pulse,악의파동
Mabosstiff,마피티프,Destiny Bond,길동무
Mabosstiff,마피티프,Dig,구멍파기
Mabosstiff,마피티프,Double-Edge,이판사판태클
Mabosstiff,마피티프,Endeavor,죽기살기
Mabosstiff,마피티프,Endure,버티기
Mabosstiff,마피티프,Facade,객기
Mabosstiff,마피티프,Fake Tears,거짓울음
Mabosstiff,마피티프,Fire Fang,불꽃엄니
Mabosstiff,마피티프,Focus Energy,기충전
Mabosstiff,마피티프,Giga Impact,기가임팩트
Mabosstiff,마피티프,Helping Hand,도우미
Mabosstiff,마피티프,Hyper Beam,파괴광선
Mabosstiff,마피티프,Hyper Voice,하이퍼보이스
Mabosstiff,마피티프,Ice Fang,얼음엄니
Mabosstiff,마피티프,Jaw Lock,물고버티기
Mabosstiff,마피티프,Lash Out,분풀이
Mabosstiff,마피티프,Outrage,역린
Mabosstiff,마피티프,Pain Split,아픔나누기
Mabosstiff,마피티프,Payback,보복
Mabosstiff,마피티프,Play Rough,치근거리기
Mabosstiff,마피티프,Protect,방어
Mabosstiff,마피티프,Psychic Fangs,사이코팽
Mabosstiff,마피티프,Rain Dance,비바라기
Mabosstiff,마피티프,Rest,잠자기
Mabosstiff,마피티프,Reversal,기사회생
Mabosstiff,마피티프,Roar,울부짖기
Mabosstiff,마피티프,Scary Face,겁나는얼굴
Mabosstiff,마피티프,Sleep Talk,잠꼬대
Mabosstiff,마피티프,Snarl,바크아웃
Mabosstiff,마피티프,Spite,원한
Mabosstiff,마피티프,Substitute,대타출동
Mabosstiff,마피티프,Sunny Day,쾌청
Mabosstiff,마피티프,Swagger,뽐내기
Mabosstiff,마피티프,Taunt,도발
Mabosstiff,마피티프,Thief,도둑질
Mabosstiff,마피티프,Thunder Fang,번개엄니
Mabosstiff,마피티프,Trailblaze,개척하기
Mabosstiff,마피티프,Wild Charge,와일드볼트
Scovillain,스코빌런,Bite,물기
Scovillain,스코빌런,Bullet Seed,기관총
Scovillain,스코빌런,Burning Jealousy,질투의불꽃
Scovillain,스코빌런,Crunch,깨물어부수기
Scovillain,스코빌런,Double Hit,더블어택
Scovillain,스코빌런,Endeavor,죽기살기
Scovillain,스코빌런,Endure,버티기
Scovillain,스코빌런,Energy Ball,에너지볼
Scovillain,스코빌런,Facade,객기
Scovillain,스코빌런,Fire Blast,불대문자
Scovillain,스코빌런,Fire Fang,불꽃엄니
Scovillain,스코빌런,Fire Spin,회오리불꽃
Scovillain,스코빌런,Flamethrower,화염방사
Scovillain,스코빌런,Flare Blitz,플레어드라이브
Scovillain,스코빌런,Giga Drain,기가드레인
Scovillain,스코빌런,Giga Impact,기가임팩트
Scovillain,스코빌런,Grass Knot,풀묶기
Scovillain,스코빌런,Grassy Glide,그래스슬라이더
Scovillain,스코빌런,Grassy Terrain,그래스필드
Scovillain,스코빌런,Growth,성장
Scovillain,스코빌런,Helping Hand,도우미
Scovillain,스코빌런,Hyper Beam,파괴광선
Scovillain,스코빌런,Ingrain,뿌리박기
Scovillain,스코빌런,Lash Out,분풀이
Scovillain,스코빌런,Leaf Storm,리프스톰
Scovillain,스코빌런,Leech Seed,씨뿌리기
Scovillain,스코빌런,Overheat,오버히트
Scovillain,스코빌런,Protect,방어
Scovillain,스코빌런,Rage Powder,분노가루
Scovillain,스코빌런,Rest,잠자기
Scovillain,스코빌런,Sandstorm,모래바람
Scovillain,스코빌런,Scary Face,겁나는얼굴
Scovillain,스코빌런,Seed Bomb,씨폭탄
Scovillain,스코빌런,Sleep Talk,잠꼬대
Scovillain,스코빌런,Solar Beam,솔라빔
Scovillain,스코빌런,Spicy Extract,하바네로엑기스
Scovillain,스코빌런,Stomping Tantrum,분함의발구르기
Scovillain,스코빌런,Substitute,대타출동
Scovillain,스코빌런,Sunny Day,쾌청
Scovillain,스코빌런,Super Fang,분노의앞니
Scovillain,스코빌런,Swagger,뽐내기
Scovillain,스코빌런,Temper Flare,열불내기
Scovillain,스코빌런,Thief,도둑질
Scovillain,스코빌런,Thunder Fang,번개엄니
Scovillain,스코빌런,Trailblaze,개척하기
Scovillain,스코빌런,Will-O-Wisp,도깨비불
Scovillain,스코빌런,Worry Seed,고민씨
Scovillain,스코빌런,Zen Headbutt,사념의박치기
Espathra,클레스퍼트라,Aerial Ace,제비반환
Espathra,클레스퍼트라,Agility,고속이동
Espathra,클레스퍼트라,Ally Switch,사이드체인지
Espathra,클레스퍼트라,Baby-Doll Eyes,초롱초롱눈동자
Espathra,클레스퍼트라,Baton Pass,바톤터치
Espathra,클레스퍼트라,Body Slam,누르기
Espathra,클레스퍼트라,Brave Bird,브레이브버드
Espathra,클레스퍼트라,Calm Mind,명상
Espathra,클레스퍼트라,Confuse Ray,이상한빛
Espathra,클레스퍼트라,Dazzling Gleam,매지컬샤인
Espathra,클레스퍼트라,Double-Edge,이판사판태클
Espathra,클레스퍼트라,Drill Peck,회전부리
Espathra,클레스퍼트라,Endure,버티기
Espathra,클레스퍼트라,Energy Ball,에너지볼
Espathra,클레스퍼트라,Expanding Force,와이드포스
Espathra,클레스퍼트라,Facade,객기
Espathra,클레스퍼트라,Feather Dance,깃털댄스
Espathra,클레스퍼트라,Flash Cannon,러스터캐논
Espathra,클레스퍼트라,Foul Play,속임수
Espathra,클레스퍼트라,Giga Impact,기가임팩트
Espathra,클레스퍼트라,Helping Hand,도우미
Espathra,클레스퍼트라,Hex,병상첨병
Espathra,클레스퍼트라,Hyper Beam,파괴광선
Espathra,클레스퍼트라,Hyper Voice,하이퍼보이스
Espathra,클레스퍼트라,Hypnosis,최면술
Espathra,클레스퍼트라,Last Resort,뒀다쓰기
Espathra,클레스퍼트라,Light Screen,빛의장막
Espathra,클레스퍼트라,Low Kick,안다리걸기
Espathra,클레스퍼트라,Lumina Crash,루미나콜리전
Espathra,클레스퍼트라,Mud-Slap,진흙뿌리기
Espathra,클레스퍼트라,Night Shade,나이트헤드
Espathra,클레스퍼트라,Pluck,쪼아대기
Espathra,클레스퍼트라,Pounce,달려들기
Espathra,클레스퍼트라,Protect,방어
Espathra,클레스퍼트라,Psych Up,자기암시
Espathra,클레스퍼트라,Psychic,사이코키네시스
Espathra,클레스퍼트라,Psychic Terrain,사이코필드
Espathra,클레스퍼트라,Psyshock,사이코쇼크
Espathra,클레스퍼트라,Quick Attack,전광석화
Espathra,클레스퍼트라,Rain Dance,비바라기
Espathra,클레스퍼트라,Reflect,리플렉터
Espathra,클레스퍼트라,Rest,잠자기
Espathra,클레스퍼트라,Roost,날개쉬기
Espathra,클레스퍼트라,Sandstorm,모래바람
Espathra,클레스퍼트라,Seed Bomb,씨폭탄
Espathra,클레스퍼트라,Shadow Ball,섀도볼
Espathra,클레스퍼트라,Skill Swap,스킬스웹
Espathra,클레스퍼트라,Sleep Talk,잠꼬대
Espathra,클레스퍼트라,Stored Power,어시스트파워
Espathra,클레스퍼트라,Substitute,대타출동
Espathra,클레스퍼트라,Sunny Day,쾌청
Espathra,클레스퍼트라,Thief,도둑질
Espathra,클레스퍼트라,Trick,트릭
Espathra,클레스퍼트라,Trick Room,트릭룸
Espathra,클레스퍼트라,U-turn,유턴
Espathra,클레스퍼트라,Uproar,소란피기
Espathra,클레스퍼트라,Zen Headbutt,사념의박치기
Tinkaton,두드리짱,Baby-Doll Eyes,초롱초롱눈동자
Tinkaton,두드리짱,Brick Break,깨트리다
Tinkaton,두드리짱,Brutal Swing,세차게휘두르기
Tinkaton,두드리짱,Bulldoze,땅고르기
Tinkaton,두드리짱,Covet,탐내다
Tinkaton,두드리짱,Draining Kiss,드레인키스
Tinkaton,두드리짱,Encore,앵콜
Tinkaton,두드리짱,Endeavor,죽기살기
Tinkaton,두드리짱,Endure,버티기
Tinkaton,두드리짱,Facade,객기
Tinkaton,두드리짱,Fake Out,속이다
Tinkaton,두드리짱,Fake Tears,거짓울음
Tinkaton,두드리짱,Feint,페인트
Tinkaton,두드리짱,Flash Cannon,러스터캐논
Tinkaton,두드리짱,Flatter,부추기기
Tinkaton,두드리짱,Fling,내던지기
Tinkaton,두드리짱,Foul Play,속임수
Tinkaton,두드리짱,Gigaton Hammer,거대해머
Tinkaton,두드리짱,Hard Press,하드프레스
Tinkaton,두드리짱,Heavy Slam,헤비봄버
Tinkaton,두드리짱,Helping Hand,도우미
Tinkaton,두드리짱,Ice Hammer,아이스해머
Tinkaton,두드리짱,Knock Off,탁쳐서떨구기
Tinkaton,두드리짱,Light Screen,빛의장막
Tinkaton,두드리짱,Metal Sound,금속음
Tinkaton,두드리짱,Play Rough,치근거리기
Tinkaton,두드리짱,Pounce,달려들기
Tinkaton,두드리짱,Protect,방어
Tinkaton,두드리짱,Quash,순서미루기
Tinkaton,두드리짱,Reflect,리플렉터
Tinkaton,두드리짱,Rest,잠자기
Tinkaton,두드리짱,Rock Slide,스톤샤워
Tinkaton,두드리짱,Rock Tomb,암석봉인
Tinkaton,두드리짱,Screech,싫은소리
Tinkaton,두드리짱,Skill Swap,스킬스웹
Tinkaton,두드리짱,Skitter Smack,엄습하는일격
Tinkaton,두드리짱,Sleep Talk,잠꼬대
Tinkaton,두드리짱,Smack Down,떨어뜨리기
Tinkaton,두드리짱,Stealth Rock,스텔스록
Tinkaton,두드리짱,Steel Beam,철제광선
Tinkaton,두드리짱,Stone Edge,스톤에지
Tinkaton,두드리짱,Substitute,대타출동
Tinkaton,두드리짱,Sweet Kiss,천사의키스
Tinkaton,두드리짱,Swords Dance,칼춤
Tinkaton,두드리짱,Thief,도둑질
Tinkaton,두드리짱,Thunder Wave,전기자석파
Tinkaton,두드리짱,Wood Hammer,우드해머
Palafin,돌핀맨,Acrobatics,애크러뱃
Palafin,돌핀맨,Agility,고속이동
Palafin,돌핀맨,Aqua Jet,아쿠아제트
Palafin,돌핀맨,Aqua Tail,아쿠아테일
Palafin,돌핀맨,Aura Sphere,파동탄
Palafin,돌핀맨,Blizzard,눈보라
Palafin,돌핀맨,Body Slam,누르기
Palafin,돌핀맨,Boomburst,폭음파
Palafin,돌핀맨,Bounce,뛰어오르다
Palafin,돌핀맨,Bulk Up,벌크업
Palafin,돌핀맨,Charm,애교부리기
Palafin,돌핀맨,Chilling Water,찬물끼얹기
Palafin,돌핀맨,Close Combat,인파이트
Palafin,돌핀맨,Counter,카운터
Palafin,돌핀맨,Dive,다이빙
Palafin,돌핀맨,Double Hit,더블어택
Palafin,돌핀맨,Drain Punch,드레인펀치
Palafin,돌핀맨,Draining Kiss,드레인키스
Palafin,돌핀맨,Encore,앵콜
Palafin,돌핀맨,Endeavor,죽기살기
Palafin,돌핀맨,Endure,버티기
Palafin,돌핀맨,Facade,객기
Palafin,돌핀맨,Fling,내던지기
Palafin,돌핀맨,Flip Turn,퀵턴
Palafin,돌핀맨,Focus Blast,기합구슬
Palafin,돌핀맨,Focus Energy,기충전
Palafin,돌핀맨,Focus Punch,힘껏펀치
Palafin,돌핀맨,Giga Impact,기가임팩트
Palafin,돌핀맨,Grass Knot,풀묶기
Palafin,돌핀맨,Hard Press,하드프레스
Palafin,돌핀맨,Haze,흑안개
Palafin,돌핀맨,Helping Hand,도우미
Palafin,돌핀맨,Hydro Pump,하이드로펌프
Palafin,돌핀맨,Hyper Beam,파괴광선
Palafin,돌핀맨,Hyper Voice,하이퍼보이스
Palafin,돌핀맨,Ice Beam,냉동빔
Palafin,돌핀맨,Ice Punch,냉동펀치
Palafin,돌핀맨,Icy Wind,얼다바람
Palafin,돌핀맨,Iron Head,아이언헤드
Palafin,돌핀맨,Jet Punch,제트펀치
Palafin,돌핀맨,Liquidation,아쿠아브레이크
Palafin,돌핀맨,Outrage,역린
Palafin,돌핀맨,Protect,방어
Palafin,돌핀맨,Psych Up,자기암시
Palafin,돌핀맨,Rain Dance,비바라기
Palafin,돌핀맨,Rest,잠자기
Palafin,돌핀맨,Reversal,기사회생
Palafin,돌핀맨,Sleep Talk,잠꼬대
Palafin,돌핀맨,Substitute,대타출동
Palafin,돌핀맨,Surf,파도타기
Palafin,돌핀맨,Taunt,도발
Palafin,돌핀맨,Throat Chop,지옥찌르기
Palafin,돌핀맨,Tickle,간지르기
Palafin,돌핀맨,Water Pulse,물의파동
Palafin,돌핀맨,Waterfall,폭포오르기
Palafin,돌핀맨,Wave Crash,웨이브태클
Palafin,돌핀맨,Whirlpool,바다회오리
Palafin,돌핀맨,Zen Headbutt,사념의박치기
Palafin-Hero,돌핀맨 (마이티폼),Acrobatics,애크러뱃
Palafin-Hero,돌핀맨 (마이티폼),Agility,고속이동
Palafin-Hero,돌핀맨 (마이티폼),Aqua Jet,아쿠아제트
Palafin-Hero,돌핀맨 (마이티폼),Aqua Tail,아쿠아테일
Palafin-Hero,돌핀맨 (마이티폼),Aura Sphere,파동탄
Palafin-Hero,돌핀맨 (마이티폼),Blizzard,눈보라
Palafin-Hero,돌핀맨 (마이티폼),Body Slam,누르기
Palafin-Hero,돌핀맨 (마이티폼),Boomburst,폭음파
Palafin-Hero,돌핀맨 (마이티폼),Bounce,뛰어오르다
Palafin-Hero,돌핀맨 (마이티폼),Bulk Up,벌크업
Palafin-Hero,돌핀맨 (마이티폼),Charm,애교부리기
Palafin-Hero,돌핀맨 (마이티폼),Chilling Water,찬물끼얹기
Palafin-Hero,돌핀맨 (마이티폼),Close Combat,인파이트
Palafin-Hero,돌핀맨 (마이티폼),Counter,카운터
Palafin-Hero,돌핀맨 (마이티폼),Dive,다이빙
Palafin-Hero,돌핀맨 (마이티폼),Double Hit,더블어택
Palafin-Hero,돌핀맨 (마이티폼),Drain Punch,드레인펀치
Palafin-Hero,돌핀맨 (마이티폼),Draining Kiss,드레인키스
Palafin-Hero,돌핀맨 (마이티폼),Encore,앵콜
Palafin-Hero,돌핀맨 (마이티폼),Endeavor,죽기살기
Palafin-Hero,돌핀맨 (마이티폼),Endure,버티기
Palafin-Hero,돌핀맨 (마이티폼),Facade,객기
Palafin-Hero,돌핀맨 (마이티폼),Fling,내던지기
Palafin-Hero,돌핀맨 (마이티폼),Flip Turn,퀵턴
Palafin-Hero,돌핀맨 (마이티폼),Focus Blast,기합구슬
Palafin-Hero,돌핀맨 (마이티폼),Focus Energy,기충전
Palafin-Hero,돌핀맨 (마이티폼),Focus Punch,힘껏펀치
Palafin-Hero,돌핀맨 (마이티폼),Giga Impact,기가임팩트
Palafin-Hero,돌핀맨 (마이티폼),Grass Knot,풀묶기
Palafin-Hero,돌핀맨 (마이티폼),Hard Press,하드프레스
Palafin-Hero,돌핀맨 (마이티폼),Haze,흑안개
Palafin-Hero,돌핀맨 (마이티폼),Helping Hand,도우미
Palafin-Hero,돌핀맨 (마이티폼),Hydro Pump,하이드로펌프
Palafin-Hero,돌핀맨 (마이티폼),Hyper Beam,파괴광선
Palafin-Hero,돌핀맨 (마이티폼),Hyper Voice,하이퍼보이스
Palafin-Hero,돌핀맨 (마이티폼),Ice Beam,냉동빔
Palafin-Hero,돌핀맨 (마이티폼),Ice Punch,냉동펀치
Palafin-Hero,돌핀맨 (마이티폼),Icy Wind,얼다바람
Palafin-Hero,돌핀맨 (마이티폼),Iron Head,아이언헤드
Palafin-Hero,돌핀맨 (마이티폼),Jet Punch,제트펀치
Palafin-Hero,돌핀맨 (마이티폼),Liquidation,아쿠아브레이크
Palafin-Hero,돌핀맨 (마이티폼),Outrage,역린
Palafin-Hero,돌핀맨 (마이티폼),Protect,방어
Palafin-Hero,돌핀맨 (마이티폼),Psych Up,자기암시
Palafin-Hero,돌핀맨 (마이티폼),Rain Dance,비바라기
Palafin-Hero,돌핀맨 (마이티폼),Rest,잠자기
Palafin-Hero,돌핀맨 (마이티폼),Reversal,기사회생
Palafin-Hero,돌핀맨 (마이티폼),Sleep Talk,잠꼬대
Palafin-Hero,돌핀맨 (마이티폼),Substitute,대타출동
Palafin-Hero,돌핀맨 (마이티폼),Surf,파도타기
Palafin-Hero,돌핀맨 (마이티폼),Taunt,도발
Palafin-Hero,돌핀맨 (마이티폼),Throat Chop,지옥찌르기
Palafin-Hero,돌핀맨 (마이티폼),Tickle,간지르기
Palafin-Hero,돌핀맨 (마이티폼),Water Pulse,물의파동
Palafin-Hero,돌핀맨 (마이티폼),Waterfall,폭포오르기
Palafin-Hero,돌핀맨 (마이티폼),Wave Crash,웨이브태클
Palafin-Hero,돌핀맨 (마이티폼),Whirlpool,바다회오리
Palafin-Hero,돌핀맨 (마이티폼),Zen Headbutt,사념의박치기
Orthworm,꿈트렁,Body Press,바디프레스
Orthworm,꿈트렁,Body Slam,누르기
Orthworm,꿈트렁,Bulldoze,땅고르기
Orthworm,꿈트렁,Coil,똬리틀기
Orthworm,꿈트렁,Curse,저주
Orthworm,꿈트렁,Dig,구멍파기
Orthworm,꿈트렁,Double-Edge,이판사판태클
Orthworm,꿈트렁,Earth Power,대지의힘
Orthworm,꿈트렁,Earthquake,지진
Orthworm,꿈트렁,Endure,버티기
Orthworm,꿈트렁,Facade,객기
Orthworm,꿈트렁,Flash Cannon,러스터캐논
Orthworm,꿈트렁,Giga Impact,기가임팩트
Orthworm,꿈트렁,Heavy Slam,헤비봄버
Orthworm,꿈트렁,Helping Hand,도우미
Orthworm,꿈트렁,High Horsepower,10만마력
Orthworm,꿈트렁,Hyper Beam,파괴광선
Orthworm,꿈트렁,Iron Defense,철벽
Orthworm,꿈트렁,Iron Head,아이언헤드
Orthworm,꿈트렁,Iron Tail,아이언테일
Orthworm,꿈트렁,Metal Burst,메탈버스트
Orthworm,꿈트렁,Metal Sound,금속음
Orthworm,꿈트렁,Mud Shot,머드숏
Orthworm,꿈트렁,Mud-Slap,진흙뿌리기
Orthworm,꿈트렁,Protect,방어
Orthworm,꿈트렁,Rest,잠자기
Orthworm,꿈트렁,Rock Blast,락블레스트
Orthworm,꿈트렁,Rock Slide,스톤샤워
Orthworm,꿈트렁,Rock Tomb,암석봉인
Orthworm,꿈트렁,Sand Tomb,모래지옥
Orthworm,꿈트렁,Sandstorm,모래바람
Orthworm,꿈트렁,Shed Tail,꼬리자르기
Orthworm,꿈트렁,Sleep Talk,잠꼬대
Orthworm,꿈트렁,Smack Down,떨어뜨리기
Orthworm,꿈트렁,Spikes,압정뿌리기
Orthworm,꿈트렁,Stealth Rock,스텔스록
Orthworm,꿈트렁,Steel Beam,철제광선
Orthworm,꿈트렁,Stomping Tantrum,분함의발구르기
Orthworm,꿈트렁,Substitute,대타출동
Orthworm,꿈트렁,Wrap,김밥말이
Glimmora,킬라플로르,Acid Armor,녹기
Glimmora,킬라플로르,Acid Spray,애시드봄
Glimmora,킬라플로르,Ancient Power,원시의힘
Glimmora,킬라플로르,Confuse Ray,이상한빛
Glimmora,킬라플로르,Dazzling Gleam,매지컬샤인
Glimmora,킬라플로르,Earth Power,대지의힘
Glimmora,킬라플로르,Endure,버티기
Glimmora,킬라플로르,Energy Ball,에너지볼
Glimmora,킬라플로르,Explosion,대폭발
Glimmora,킬라플로르,Facade,객기
Glimmora,킬라플로르,Flash Cannon,러스터캐논
Glimmora,킬라플로르,Giga Impact,기가임팩트
Glimmora,킬라플로르,Gunk Shot,더스트슈트
Glimmora,킬라플로르,Hyper Beam,파괴광선
Glimmora,킬라플로르,Iron Defense,철벽
Glimmora,킬라플로르,Light Screen,빛의장막
Glimmora,킬라플로르,Memento,추억의선물
Glimmora,킬라플로르,Meteor Beam,메테오빔
Glimmora,킬라플로르,Mortal Spin,킬러스핀
Glimmora,킬라플로르,Mud Shot,머드숏
Glimmora,킬라플로르,Power Gem,파워젬
Glimmora,킬라플로르,Protect,방어
Glimmora,킬라플로르,Rain Dance,비바라기
Glimmora,킬라플로르,Reflect,리플렉터
Glimmora,킬라플로르,Rest,잠자기
Glimmora,킬라플로르,Rock Blast,락블레스트
Glimmora,킬라플로르,Rock Polish,록커트
Glimmora,킬라플로르,Rock Slide,스톤샤워
Glimmora,킬라플로르,Rock Tomb,암석봉인
Glimmora,킬라플로르,Sand Tomb,모래지옥
Glimmora,킬라플로르,Sandstorm,모래바람
Glimmora,킬라플로르,Self-Destruct,자폭
Glimmora,킬라플로르,Sleep Talk,잠꼬대
Glimmora,킬라플로르,Sludge Bomb,오물폭탄
Glimmora,킬라플로르,Sludge Wave,오물웨이브
Glimmora,킬라플로르,Smack Down,떨어뜨리기
Glimmora,킬라플로르,Solar Beam,솔라빔
Glimmora,킬라플로르,Spikes,압정뿌리기
Glimmora,킬라플로르,Spiky Shield,니들가드
Glimmora,킬라플로르,Stealth Rock,스텔스록
Glimmora,킬라플로르,Stone Edge,스톤에지
Glimmora,킬라플로르,Substitute,대타출동
Glimmora,킬라플로르,Sunny Day,쾌청
Glimmora,킬라플로르,Toxic,맹독
Glimmora,킬라플로르,Toxic Spikes,독압정
Glimmora,킬라플로르,Venoshock,베놈쇼크
Houndstone,묘두기,Ally Switch,사이드체인지
Houndstone,묘두기,Bite,물기
Houndstone,묘두기,Body Press,바디프레스
Houndstone,묘두기,Bulldoze,땅고르기
Houndstone,묘두기,Charm,애교부리기
Houndstone,묘두기,Confuse Ray,이상한빛
Houndstone,묘두기,Crunch,깨물어부수기
Houndstone,묘두기,Destiny Bond,길동무
Houndstone,묘두기,Dig,구멍파기
Houndstone,묘두기,Disable,사슬묶기
Houndstone,묘두기,Double-Edge,이판사판태클
Houndstone,묘두기,Endeavor,죽기살기
Houndstone,묘두기,Endure,버티기
Houndstone,묘두기,Facade,객기
Houndstone,묘두기,Fire Fang,불꽃엄니
Houndstone,묘두기,Giga Impact,기가임팩트
Houndstone,묘두기,Helping Hand,도우미
Houndstone,묘두기,Hex,병상첨병
Houndstone,묘두기,Howl,멀리짖음
Houndstone,묘두기,Hyper Beam,파괴광선
Houndstone,묘두기,Ice Fang,얼음엄니
Houndstone,묘두기,Last Respects,성묘
Houndstone,묘두기,Memento,추억의선물
Houndstone,묘두기,Mud Shot,머드숏
Houndstone,묘두기,Mud-Slap,진흙뿌리기
Houndstone,묘두기,Night Shade,나이트헤드
Houndstone,묘두기,Pain Split,아픔나누기
Houndstone,묘두기,Phantom Force,고스트다이브
Houndstone,묘두기,Play Rough,치근거리기
Houndstone,묘두기,Poltergeist,폴터가이스트
Houndstone,묘두기,Protect,방어
Houndstone,묘두기,Psychic Fangs,사이코팽
Houndstone,묘두기,Rain Dance,비바라기
Houndstone,묘두기,Rest,잠자기
Houndstone,묘두기,Roar,울부짖기
Houndstone,묘두기,Sandstorm,모래바람
Houndstone,묘두기,Scary Face,겁나는얼굴
Houndstone,묘두기,Shadow Ball,섀도볼
Houndstone,묘두기,Shadow Sneak,야습
Houndstone,묘두기,Sleep Talk,잠꼬대
Houndstone,묘두기,Snarl,바크아웃
Houndstone,묘두기,Stomping Tantrum,분함의발구르기
Houndstone,묘두기,Substitute,대타출동
Houndstone,묘두기,Sunny Day,쾌청
Houndstone,묘두기,Swagger,뽐내기
Houndstone,묘두기,Thief,도둑질
Houndstone,묘두기,Thunder Fang,번개엄니
Houndstone,묘두기,Trick,트릭
Houndstone,묘두기,Uproar,소란피기
Houndstone,묘두기,Will-O-Wisp,도깨비불
Houndstone,묘두기,Yawn,하품
Houndstone,묘두기,Zen Headbutt,사념의박치기
Annihilape,저승갓숭,Acrobatics,애크러뱃
Annihilape,저승갓숭,Assurance,승부굳히기
Annihilape,저승갓숭,Beat Up,집단구타
Annihilape,저승갓숭,Body Slam,누르기
Annihilape,저승갓숭,Brick Break,깨트리다
Annihilape,저승갓숭,Bulk Up,벌크업
Annihilape,저승갓숭,Bulldoze,땅고르기
Annihilape,저승갓숭,Close Combat,인파이트
Annihilape,저승갓숭,Coaching,코칭
Annihilape,저승갓숭,Counter,카운터
Annihilape,저승갓숭,Cross Chop,크로스촙
Annihilape,저승갓숭,Curse,저주
Annihilape,저승갓숭,Dig,구멍파기
Annihilape,저승갓숭,Double-Edge,이판사판태클
Annihilape,저승갓숭,Drain Punch,드레인펀치
Annihilape,저승갓숭,Dynamic Punch,폭발펀치
Annihilape,저승갓숭,Earthquake,지진
Annihilape,저승갓숭,Encore,앵콜
Annihilape,저승갓숭,Endeavor,죽기살기
Annihilape,저승갓숭,Endure,버티기
Annihilape,저승갓숭,Facade,객기
Annihilape,저승갓숭,Fire Punch,불꽃펀치
Annihilape,저승갓숭,Fling,내던지기
Annihilape,저승갓숭,Focus Blast,기합구슬
Annihilape,저승갓숭,Focus Energy,기충전
Annihilape,저승갓숭,Focus Punch,힘껏펀치
Annihilape,저승갓숭,Giga Impact,기가임팩트
Annihilape,저승갓숭,Gunk Shot,더스트슈트
Annihilape,저승갓숭,Helping Hand,도우미
Annihilape,저승갓숭,Hyper Beam,파괴광선
Annihilape,저승갓숭,Ice Punch,냉동펀치
Annihilape,저승갓숭,Lash Out,분풀이
Annihilape,저승갓숭,Low Kick,안다리걸기
Annihilape,저승갓숭,Low Sweep,로킥
Annihilape,저승갓숭,Night Shade,나이트헤드
Annihilape,저승갓숭,Night Slash,깜짝베기
Annihilape,저승갓숭,Outrage,역린
Annihilape,저승갓숭,Overheat,오버히트
Annihilape,저승갓숭,Phantom Force,고스트다이브
Annihilape,저승갓숭,Poison Jab,독찌르기
Annihilape,저승갓숭,Protect,방어
Annihilape,저승갓숭,Rage Fist,분노의주먹
Annihilape,저승갓숭,Rain Dance,비바라기
Annihilape,저승갓숭,Rest,잠자기
Annihilape,저승갓숭,Reversal,기사회생
Annihilape,저승갓숭,Rock Slide,스톤샤워
Annihilape,저승갓숭,Rock Tomb,암석봉인
Annihilape,저승갓숭,Scary Face,겁나는얼굴
Annihilape,저승갓숭,Screech,싫은소리
Annihilape,저승갓숭,Seed Bomb,씨폭탄
Annihilape,저승갓숭,Seismic Toss,지구던지기
Annihilape,저승갓숭,Shadow Ball,섀도볼
Annihilape,저승갓숭,Shadow Claw,섀도크루
Annihilape,저승갓숭,Shadow Punch,섀도펀치
Annihilape,저승갓숭,Sleep Talk,잠꼬대
Annihilape,저승갓숭,Smack Down,떨어뜨리기
Annihilape,저승갓숭,Spite,원한
Annihilape,저승갓숭,Stealth Rock,스텔스록
Annihilape,저승갓숭,Stomping Tantrum,분함의발구르기
Annihilape,저승갓숭,Stone Edge,스톤에지
Annihilape,저승갓숭,Storm Throw,업어후리기
Annihilape,저승갓숭,Substitute,대타출동
Annihilape,저승갓숭,Sunny Day,쾌청
Annihilape,저승갓숭,Swagger,뽐내기
Annihilape,저승갓숭,Taunt,도발
Annihilape,저승갓숭,Thief,도둑질
Annihilape,저승갓숭,Thrash,난동부리기
Annihilape,저승갓숭,Throat Chop,지옥찌르기
Annihilape,저승갓숭,Thunder,번개
Annihilape,저승갓숭,Thunder Punch,번개펀치
Annihilape,저승갓숭,Thunderbolt,10만볼트
Annihilape,저승갓숭,Torment,트집
Annihilape,저승갓숭,U-turn,유턴
Annihilape,저승갓숭,Uproar,소란피기
Annihilape,저승갓숭,Vacuum Wave,진공파
Farigiraf,키키링,Agility,고속이동
Farigiraf,키키링,Ally Switch,사이드체인지
Farigiraf,키키링,Amnesia,망각술
Farigiraf,키키링,Assurance,승부굳히기
Farigiraf,키키링,Baton Pass,바톤터치
Farigiraf,키키링,Beat Up,집단구타
Farigiraf,키키링,Body Slam,누르기
Farigiraf,키키링,Bulldoze,땅고르기
Farigiraf,키키링,Calm Mind,명상
Farigiraf,키키링,Charge Beam,차지빔
Farigiraf,키키링,Confuse Ray,이상한빛
Farigiraf,키키링,Crunch,깨물어부수기
Farigiraf,키키링,Curse,저주
Farigiraf,키키링,Dazzling Gleam,매지컬샤인
Farigiraf,키키링,Double Hit,더블어택
Farigiraf,키키링,Double-Edge,이판사판태클
Farigiraf,키키링,Earthquake,지진
Farigiraf,키키링,Endeavor,죽기살기
Farigiraf,키키링,Endure,버티기
Farigiraf,키키링,Energy Ball,에너지볼
Farigiraf,키키링,Expanding Force,와이드포스
Farigiraf,키키링,Facade,객기
Farigiraf,키키링,Foul Play,속임수
Farigiraf,키키링,Future Sight,미래예지
Farigiraf,키키링,Giga Impact,기가임팩트
Farigiraf,키키링,Grass Knot,풀묶기
Farigiraf,키키링,Gravity,중력
Farigiraf,키키링,Guard Swap,가드스웹
Farigiraf,키키링,Helping Hand,도우미
Farigiraf,키키링,High Horsepower,10만마력
Farigiraf,키키링,Hyper Beam,파괴광선
Farigiraf,키키링,Hyper Voice,하이퍼보이스
Farigiraf,키키링,Imprison,봉인
Farigiraf,키키링,Iron Head,아이언헤드
Farigiraf,키키링,Light Screen,빛의장막
Farigiraf,키키링,Low Kick,안다리걸기
Farigiraf,키키링,Mean Look,검은눈빛
Farigiraf,키키링,Mirror Coat,미러코트
Farigiraf,키키링,Nasty Plot,나쁜음모
Farigiraf,키키링,Night Shade,나이트헤드
Farigiraf,키키링,Power Swap,파워스웹
Farigiraf,키키링,Protect,방어
Farigiraf,키키링,Psych Up,자기암시
Farigiraf,키키링,Psychic,사이코키네시스
Farigiraf,키키링,Psychic Fangs,사이코팽
Farigiraf,키키링,Psychic Noise,사이코노이즈
Farigiraf,키키링,Psychic Terrain,사이코필드
Farigiraf,키키링,Psyshock,사이코쇼크
Farigiraf,키키링,Rain Dance,비바라기
Farigiraf,키키링,Reflect,리플렉터
Farigiraf,키키링,Rest,잠자기
Farigiraf,키키링,Roar,울부짖기
Farigiraf,키키링,Shadow Ball,섀도볼
Farigiraf,키키링,Skill Swap,스킬스웹
Farigiraf,키키링,Sleep Talk,잠꼬대
Farigiraf,키키링,Stomping Tantrum,분함의발구르기
Farigiraf,키키링,Stored Power,어시스트파워
Farigiraf,키키링,Substitute,대타출동
Farigiraf,키키링,Sunny Day,쾌청
Farigiraf,키키링,Thief,도둑질
Farigiraf,키키링,Thunder,번개
Farigiraf,키키링,Thunder Wave,전기자석파
Farigiraf,키키링,Thunderbolt,10만볼트
Farigiraf,키키링,Trailblaze,개척하기
Farigiraf,키키링,Trick,트릭
Farigiraf,키키링,Trick Room,트릭룸
Farigiraf,키키링,Twin Beam,트윈빔
Farigiraf,키키링,Uproar,소란피기
Farigiraf,키키링,Wish,희망사항
Farigiraf,키키링,Zen Headbutt,사념의박치기
Kingambit,대도각참,Aerial Ace,제비반환
Kingambit,대도각참,Air Slash,에어슬래시
Kingambit,대도각참,Assurance,승부굳히기
Kingambit,대도각참,Brick Break,깨트리다
Kingambit,대도각참,Dark Pulse,악의파동
Kingambit,대도각참,Dig,구멍파기
Kingambit,대도각참,Endure,버티기
Kingambit,대도각참,Facade,객기
Kingambit,대도각참,Flash Cannon,러스터캐논
Kingambit,대도각참,Fling,내던지기
Kingambit,대도각참,Focus Blast,기합구슬
Kingambit,대도각참,Foul Play,속임수
Kingambit,대도각참,Giga Impact,기가임팩트
Kingambit,대도각참,Grass Knot,풀묶기
Kingambit,대도각참,Guillotine,가위자르기
Kingambit,대도각참,Hyper Beam,파괴광선
Kingambit,대도각참,Iron Defense,철벽
Kingambit,대도각참,Iron Head,아이언헤드
Kingambit,대도각참,Kowtow Cleave,도각참
Kingambit,대도각참,Lash Out,분풀이
Kingambit,대도각참,Low Kick,안다리걸기
Kingambit,대도각참,Low Sweep,로킥
Kingambit,대도각참,Mean Look,검은눈빛
Kingambit,대도각참,Metal Burst,메탈버스트
Kingambit,대도각참,Metal Sound,금속음
Kingambit,대도각참,Night Slash,깜짝베기
Kingambit,대도각참,Poison Jab,독찌르기
Kingambit,대도각참,Protect,방어
Kingambit,대도각참,Quick Guard,퍼스트가드
Kingambit,대도각참,Rain Dance,비바라기
Kingambit,대도각참,Rest,잠자기
Kingambit,대도각참,Reversal,기사회생
Kingambit,대도각참,Rock Tomb,암석봉인
Kingambit,대도각참,Sandstorm,모래바람
Kingambit,대도각참,Scary Face,겁나는얼굴
Kingambit,대도각참,Shadow Claw,섀도크루
Kingambit,대도각참,Slash,베어가르기
Kingambit,대도각참,Sleep Talk,잠꼬대
Kingambit,대도각참,Snarl,바크아웃
Kingambit,대도각참,Spite,원한
Kingambit,대도각참,Stealth Rock,스텔스록
Kingambit,대도각참,Steel Beam,철제광선
Kingambit,대도각참,Stone Edge,스톤에지
Kingambit,대도각참,Substitute,대타출동
Kingambit,대도각참,Sucker Punch,기습
Kingambit,대도각참,Swords Dance,칼춤
Kingambit,대도각참,Taunt,도발
Kingambit,대도각참,Thief,도둑질
Kingambit,대도각참,Throat Chop,지옥찌르기
Kingambit,대도각참,Thunder Wave,전기자석파
Kingambit,대도각참,Torment,트집
Kingambit,대도각참,X-Scissor,시저크로스
Kingambit,대도각참,Zen Headbutt,사념의박치기
Baxcalibur,드닐레이브,Aerial Ace,제비반환
Baxcalibur,드닐레이브,Aqua Tail,아쿠아테일
Baxcalibur,드닐레이브,Avalanche,눈사태
Baxcalibur,드닐레이브,Bite,물기
Baxcalibur,드닐레이브,Blizzard,눈보라
Baxcalibur,드닐레이브,Body Press,바디프레스
Baxcalibur,드닐레이브,Body Slam,누르기
Baxcalibur,드닐레이브,Breaking Swipe,와이드브레이커
Baxcalibur,드닐레이브,Brick Break,깨트리다
Baxcalibur,드닐레이브,Bulldoze,땅고르기
Baxcalibur,드닐레이브,Crunch,깨물어부수기
Baxcalibur,드닐레이브,Dig,구멍파기
Baxcalibur,드닐레이브,Double-Edge,이판사판태클
Baxcalibur,드닐레이브,Draco Meteor,용성군
Baxcalibur,드닐레이브,Dragon Cheer,드래곤옐
Baxcalibur,드닐레이브,Dragon Claw,드래곤크루
Baxcalibur,드닐레이브,Dragon Dance,용의춤
Baxcalibur,드닐레이브,Dragon Pulse,용의파동
Baxcalibur,드닐레이브,Dragon Rush,드래곤다이브
Baxcalibur,드닐레이브,Dragon Tail,드래곤테일
Baxcalibur,드닐레이브,Earthquake,지진
Baxcalibur,드닐레이브,Endure,버티기
Baxcalibur,드닐레이브,Facade,객기
Baxcalibur,드닐레이브,Focus Energy,기충전
Baxcalibur,드닐레이브,Freeze-Dry,프리즈드라이
Baxcalibur,드닐레이브,Frost Breath,얼음숨결
Baxcalibur,드닐레이브,Giga Impact,기가임팩트
Baxcalibur,드닐레이브,Glaive Rush,대검돌격
Baxcalibur,드닐레이브,Helping Hand,도우미
Baxcalibur,드닐레이브,High Horsepower,10만마력
Baxcalibur,드닐레이브,Hyper Beam,파괴광선
Baxcalibur,드닐레이브,Ice Beam,냉동빔
Baxcalibur,드닐레이브,Ice Fang,얼음엄니
Baxcalibur,드닐레이브,Ice Shard,얼음뭉치
Baxcalibur,드닐레이브,Icicle Crash,고드름떨구기
Baxcalibur,드닐레이브,Icicle Spear,고드름침
Baxcalibur,드닐레이브,Icy Wind,얼다바람
Baxcalibur,드닐레이브,Iron Head,아이언헤드
Baxcalibur,드닐레이브,Outrage,역린
Baxcalibur,드닐레이브,Protect,방어
Baxcalibur,드닐레이브,Rain Dance,비바라기
Baxcalibur,드닐레이브,Rest,잠자기
Baxcalibur,드닐레이브,Scale Shot,스케일샷
Baxcalibur,드닐레이브,Scary Face,겁나는얼굴
Baxcalibur,드닐레이브,Sleep Talk,잠꼬대
Baxcalibur,드닐레이브,Snowscape,설경
Baxcalibur,드닐레이브,Stomping Tantrum,분함의발구르기
Baxcalibur,드닐레이브,Substitute,대타출동
Baxcalibur,드닐레이브,Swords Dance,칼춤
Baxcalibur,드닐레이브,Thunder Fang,번개엄니
Baxcalibur,드닐레이브,Zen Headbutt,사념의박치기
Gholdengo,타부자고,Charge Beam,차지빔
Gholdengo,타부자고,Confuse Ray,이상한빛
Gholdengo,타부자고,Dazzling Gleam,매지컬샤인
Gholdengo,타부자고,Electro Ball,일렉트릭볼
Gholdengo,타부자고,Endure,버티기
Gholdengo,타부자고,Flash Cannon,러스터캐논
Gholdengo,타부자고,Fling,내던지기
Gholdengo,타부자고,Focus Blast,기합구슬
Gholdengo,타부자고,Focus Punch,힘껏펀치
Gholdengo,타부자고,Giga Impact,기가임팩트
Gholdengo,타부자고,Heavy Slam,헤비봄버
Gholdengo,타부자고,Hex,병상첨병
Gholdengo,타부자고,Hyper Beam,파괴광선
Gholdengo,타부자고,Iron Head,아이언헤드
Gholdengo,타부자고,Light Screen,빛의장막
Gholdengo,타부자고,Low Kick,안다리걸기
Gholdengo,타부자고,Low Sweep,로킥
Gholdengo,타부자고,Make It Rain,골드러시
Gholdengo,타부자고,Memento,추억의선물
Gholdengo,타부자고,Metal Sound,금속음
Gholdengo,타부자고,Nasty Plot,나쁜음모
Gholdengo,타부자고,Night Shade,나이트헤드
Gholdengo,타부자고,Poltergeist,폴터가이스트
Gholdengo,타부자고,Power Gem,파워젬
Gholdengo,타부자고,Protect,방어
Gholdengo,타부자고,Psychic,사이코키네시스
Gholdengo,타부자고,Psyshock,사이코쇼크
Gholdengo,타부자고,Recover,HP회복
Gholdengo,타부자고,Reflect,리플렉터
Gholdengo,타부자고,Rest,잠자기
Gholdengo,타부자고,Sandstorm,모래바람
Gholdengo,타부자고,Shadow Ball,섀도볼
Gholdengo,타부자고,Shadow Punch,섀도펀치
Gholdengo,타부자고,Sleep Talk,잠꼬대
Gholdengo,타부자고,Steel Beam,철제광선
Gholdengo,타부자고,Substitute,대타출동
Gholdengo,타부자고,Surf,파도타기
Gholdengo,타부자고,Thief,도둑질
Gholdengo,타부자고,Thunder,번개
Gholdengo,타부자고,Thunder Punch,번개펀치
Gholdengo,타부자고,Thunderbolt,10만볼트
Gholdengo,타부자고,Trick,트릭
Sinistcha,그우린차,Calm Mind,명상
Sinistcha,그우린차,Curse,저주
Sinistcha,그우린차,Endure,버티기
Sinistcha,그우린차,Energy Ball,에너지볼
Sinistcha,그우린차,Foul Play,속임수
Sinistcha,그우린차,Giga Drain,기가드레인
Sinistcha,그우린차,Grassy Terrain,그래스필드
Sinistcha,그우린차,Hex,병상첨병
Sinistcha,그우린차,Hyper Beam,파괴광선
Sinistcha,그우린차,Imprison,봉인
Sinistcha,그우린차,Iron Defense,철벽
Sinistcha,그우린차,Leaf Storm,리프스톰
Sinistcha,그우린차,Life Dew,생명의물방울
Sinistcha,그우린차,Matcha Gotcha,휘적휘적포
Sinistcha,그우린차,Memento,추억의선물
Sinistcha,그우린차,Nasty Plot,나쁜음모
Sinistcha,그우린차,Night Shade,나이트헤드
Sinistcha,그우린차,Pain Split,아픔나누기
Sinistcha,그우린차,Phantom Force,고스트다이브
Sinistcha,그우린차,Poltergeist,폴터가이스트
Sinistcha,그우린차,Protect,방어
Sinistcha,그우린차,Psych Up,자기암시
Sinistcha,그우린차,Rage Powder,분노가루
Sinistcha,그우린차,Reflect,리플렉터
Sinistcha,그우린차,Rest,잠자기
Sinistcha,그우린차,Scald,열탕
Sinistcha,그우린차,Shadow Ball,섀도볼
Sinistcha,그우린차,Sleep Talk,잠꼬대
Sinistcha,그우린차,Solar Beam,솔라빔
Sinistcha,그우린차,Spite,원한
Sinistcha,그우린차,Strength Sap,힘흡수
Sinistcha,그우린차,Stun Spore,저리가루
Sinistcha,그우린차,Substitute,대타출동
Sinistcha,그우린차,Trick Room,트릭룸
Sinistcha,그우린차,Uproar,소란피기
Archaludon,브리두라스,Aura Sphere,파동탄
Archaludon,브리두라스,Body Slam,누르기
Archaludon,브리두라스,Breaking Swipe,와이드브레이커
Archaludon,브리두라스,Brick Break,깨트리다
Archaludon,브리두라스,Dark Pulse,악의파동
Archaludon,브리두라스,Double-Edge,이판사판태클
Archaludon,브리두라스,Draco Meteor,용성군
Archaludon,브리두라스,Dragon Cheer,드래곤옐
Archaludon,브리두라스,Dragon Claw,드래곤크루
Archaludon,브리두라스,Dragon Pulse,용의파동
Archaludon,브리두라스,Dragon Tail,드래곤테일
Archaludon,브리두라스,Earthquake,지진
Archaludon,브리두라스,Electro Shot,일렉트로빔
Archaludon,브리두라스,Endure,버티기
Archaludon,브리두라스,Facade,객기
Archaludon,브리두라스,Flash Cannon,러스터캐논
Archaludon,브리두라스,Focus Energy,기충전
Archaludon,브리두라스,Foul Play,속임수
Archaludon,브리두라스,Giga Impact,기가임팩트
Archaludon,브리두라스,Gyro Ball,자이로볼
Archaludon,브리두라스,Hard Press,하드프레스
Archaludon,브리두라스,Heavy Slam,헤비봄버
Archaludon,브리두라스,Hyper Beam,파괴광선
Archaludon,브리두라스,Iron Defense,철벽
Archaludon,브리두라스,Iron Head,아이언헤드
Archaludon,브리두라스,Light Screen,빛의장막
Archaludon,브리두라스,Metal Sound,금속음
Archaludon,브리두라스,Meteor Beam,메테오빔
Archaludon,브리두라스,Night Slash,깜짝베기
Archaludon,브리두라스,Outrage,역린
Archaludon,브리두라스,Protect,방어
Archaludon,브리두라스,Reflect,리플렉터
Archaludon,브리두라스,Rest,잠자기
Archaludon,브리두라스,Roar,울부짖기
Archaludon,브리두라스,Rock Slide,스톤샤워
Archaludon,브리두라스,Rock Tomb,암석봉인
Archaludon,브리두라스,Scary Face,겁나는얼굴
Archaludon,브리두라스,Slash,베어가르기
Archaludon,브리두라스,Sleep Talk,잠꼬대
Archaludon,브리두라스,Smack Down,떨어뜨리기
Archaludon,브리두라스,Snarl,바크아웃
Archaludon,브리두라스,Solar Beam,솔라빔
Archaludon,브리두라스,Stealth Rock,스텔스록
Archaludon,브리두라스,Steel Beam,철제광선
Archaludon,브리두라스,Stone Edge,스톤에지
Archaludon,브리두라스,Substitute,대타출동
Archaludon,브리두라스,Swords Dance,칼춤
Archaludon,브리두라스,Thunder,번개
Archaludon,브리두라스,Thunder Wave,전기자석파
Archaludon,브리두라스,Thunderbolt,10만볼트
Hydrapple,과미드라,Body Press,바디프레스
Hydrapple,과미드라,Body Slam,누르기
Hydrapple,과미드라,Breaking Swipe,와이드브레이커
Hydrapple,과미드라,Bug Bite,벌레먹음
Hydrapple,과미드라,Bullet Seed,기관총
Hydrapple,과미드라,Curse,저주
Hydrapple,과미드라,Double Hit,더블어택
Hydrapple,과미드라,Double-Edge,이판사판태클
Hydrapple,과미드라,Draco Meteor,용성군
Hydrapple,과미드라,Dragon Cheer,드래곤옐
Hydrapple,과미드라,Dragon Pulse,용의파동
Hydrapple,과미드라,Dragon Tail,드래곤테일
Hydrapple,과미드라,Earth Power,대지의힘
Hydrapple,과미드라,Earthquake,지진
Hydrapple,과미드라,Endure,버티기
Hydrapple,과미드라,Energy Ball,에너지볼
Hydrapple,과미드라,Facade,객기
Hydrapple,과미드라,Fickle Beam,변덕레이저
Hydrapple,과미드라,Giga Drain,기가드레인
Hydrapple,과미드라,Giga Impact,기가임팩트
Hydrapple,과미드라,Grass Knot,풀묶기
Hydrapple,과미드라,Grassy Glide,그래스슬라이더
Hydrapple,과미드라,Grassy Terrain,그래스필드
Hydrapple,과미드라,Growth,성장
Hydrapple,과미드라,Gyro Ball,자이로볼
Hydrapple,과미드라,Heavy Slam,헤비봄버
Hydrapple,과미드라,Hydro Pump,하이드로펌프
Hydrapple,과미드라,Hyper Beam,파괴광선
Hydrapple,과미드라,Infestation,엉겨붙기
Hydrapple,과미드라,Leaf Storm,리프스톰
Hydrapple,과미드라,Nasty Plot,나쁜음모
Hydrapple,과미드라,Outrage,역린
Hydrapple,과미드라,Pollen Puff,꽃가루경단
Hydrapple,과미드라,Pounce,달려들기
Hydrapple,과미드라,Power Whip,파워휩
Hydrapple,과미드라,Protect,방어
Hydrapple,과미드라,Rain Dance,비바라기
Hydrapple,과미드라,Recover,HP회복
Hydrapple,과미드라,Recycle,리사이클
Hydrapple,과미드라,Reflect,리플렉터
Hydrapple,과미드라,Rest,잠자기
Hydrapple,과미드라,Seed Bomb,씨폭탄
Hydrapple,과미드라,Sleep Talk,잠꼬대
Hydrapple,과미드라,Solar Beam,솔라빔
Hydrapple,과미드라,Substitute,대타출동
Hydrapple,과미드라,Sucker Punch,기습
Hydrapple,과미드라,Sunny Day,쾌청
Hydrapple,과미드라,Sweet Scent,달콤한향기
Hydrapple,과미드라,Syrup Bomb,시럽봄
Hydrapple,과미드라,Uproar,소란피기
Hydrapple,과미드라,Yawn,하품
